Protocollo;Gruppo;DataOraIncidente;Localizzazione1;STRADA1;Localizzazione2;STRADA2;Strada02;Chilometrica;DaSpecificare;NaturaIncidente;particolaritastrade;TipoStrada;FondoStradale;Pavimentazione;Segnaletica;CondizioneAtmosferica;Traffico;Visibilita;Illuminazione;NUM_FERITI;NUM_RISERVATA;NUM_MORTI;NUM_ILLESI;Longitudine;Latitudine;Confermato;Progressivo;TipoVeicolo;StatoVeicolo;TipoPersona;Sesso;Tipolesione;Deceduto;DecedutoDopo;CinturaCascoUtilizzato;Airbag;
4304976;16;01/04/2019 10:15:00;Strada Urbana;VIA SILVESTRI;all'intersezione semaforizzata con;VICOLO SILVESTRI;VICOLO SILVESTRI;;;Scontro laterale fra veicoli in marcia;Intersezione semaforizzata;Una carreggiata a doppio senso;Asciutto;Asfaltata;Verticale ed orizzontale;Sereno;Normale;Buona;Ore Diurne;0;0;0;2;12.4326;41.8779;-1;1;Autovettura privata;In marcia / fermata / arresto;Conducente;M;Illeso;0;;Non accertato;
4304976;16;01/04/2019 10:15:00;Strada Urbana;VIA SILVESTRI;all'intersezione semaforizzata con;VICOLO SILVESTRI;VICOLO SILVESTRI;;;Scontro laterale fra veicoli in marcia;Intersezione semaforizzata;Una carreggiata a doppio senso;Asciutto;Asfaltata;Verticale ed orizzontale;Sereno;Normale;Buona;Ore Diurne;0;0;0;2;12.4326;41.8779;-1;2;Autovettura privata;In marcia / fermata / arresto;Conducente;M;Illeso;0;;Non accertato;
4304978;4;01/04/2019 12:45:00;Strada Urbana;VIALE JONIO;in corrispondenza;;del civico n.;48;;Scontro laterale fra veicoli in marcia;Rettilineo;Due carreggiate;Asciutto;Asfaltata;Verticale ed orizzontale;Sereno;Scarso;Buona;Ore Diurne;0;0;0;2;12.5429;41.944;-1;1;Autovettura privata;In marcia / fermata / arresto;Conducente;F;Illeso;0;;;
4304978;4;01/04/2019 12:45:00;Strada Urbana;VIALE JONIO;in corrispondenza;;del civico n.;48;;Scontro laterale fra veicoli in marcia;Rettilineo;Due carreggiate;Asciutto;Asfaltata;Verticale ed orizzontale;Sereno;Scarso;Buona;Ore Diurne;0;0;0;2;12.5429;41.944;-1;2;Autovettura privata;In marcia / fermata / arresto;Conducente;M;Illeso;0;;;
4304984;7;01/04/2019 16:45:00;Strada Urbana;VIA DELLE ACACIE;all'intersezione con;VIA DEI GINEPRI;VIA DEI GINEPRI;;;Scontro frontale/laterale SX fra veicoli in marcia;Incrocio;Una carreggiata a doppio senso;Asciutto;Asfaltata;Verticale ed orizzontale;Sereno;Normale;Buona;Ore Diurne;1;0;0;1;12.5709;41.8887;-1;1;Autocarro inferiore 35 q.;In marcia / fermata / arresto;Conducente;M;Illeso;0;;Non accertato;Inesploso
4304984;7;01/04/2019 16:45:00;Strada Urbana;VIA DELLE ACACIE;all'intersezione con;VIA DEI GINEPRI;VIA DEI GINEPRI;;;Scontro frontale/laterale SX fra veicoli in marcia;Incrocio;Una carreggiata a doppio senso;Asciutto;Asfaltata;Verticale ed orizzontale;Sereno;Normale;Buona;Ore Diurne;1;0;0;1;12.5709;41.8887;-1;2;Autovettura privata;In marcia / fermata / arresto;Conducente;F;Rimandato;0;NON DECEDUTO;Non accertato;Inesploso
4304985;4;01/04/2019 17:45:00;Strada Urbana;VIA LUCIANO ZUCCOLI;in corrispondenza;;del civico n.;55;;Veicolo in marcia contro veicolo in sosta;Rettilineo;Una carreggiata a senso unico di marcia;Asciutto;Asfaltata;Verticale;Sereno;Normale;Buona;Ore Diurne;0;0;0;0;12.545;41.9502;-1;1;Autovettura privata;Sosta;;;;;;;
4304985;4;01/04/2019 17:45:00;Strada Urbana;VIA LUCIANO ZUCCOLI;in corrispondenza;;del civico n.;55;;Veicolo in marcia contro veicolo in sosta;Rettilineo;Una carreggiata a senso unico di marcia;Asciutto;Asfaltata;Verticale;Sereno;Normale;Buona;Ore Diurne;0;0;0;0;12.545;41.9502;-1;2;Autocarro inferiore 35 q.;Allontanatosi;;;;;;;
4304992;11;01/04/2019 09:15:00;Strada Urbana;VIALE DEL TINTORETTO;in prossimità;;del civico n.;220;;Tamponamento;Rettilineo;Due carreggiate;Asciutto;Asfaltata;Verticale ed orizzontale;Sereno;Normale;Buona;Ore Diurne;0;0;0;2;12.488;41.8351;-1;1;Autovettura privata;In marcia / fermata / arresto;Conducente;F;Illeso;0;;;
4304992;11;01/04/2019 09:15:00;Strada Urbana;VIALE DEL TINTORETTO;in prossimità;;del civico n.;220;;Tamponamento;Rettilineo;Due carreggiate;Asciutto;Asfaltata;Verticale ed orizzontale;Sereno;Normale;Buona;Ore Diurne;0;0;0;2;12.488;41.8351;-1;2;Motociclo a solo;In marcia / fermata / arresto;Conducente;M;Illeso;0;;Non accertato;
4304995;16;01/04/2019 12:15:00;Strada Urbana;VIALE DEI COLLI PORTUENSI;da specificare;;;;fronte civico 60;Scontro frontale/laterale SX fra veicoli in marcia;Rettilineo;Due carreggiate;Asciutto;Asfaltata;Orizzontale;Sereno;Normale;Buona;Ore Diurne;0;0;0;3;12.4441;41.8666;-1;1;Autovettura privata;In marcia / fermata / arresto;Conducente;M;Illeso;0;;;
4304995;16;01/04/2019 12:15:00;Strada Urbana;VIALE DEI COLLI PORTUENSI;da specificare;;;;fronte civico 60;Scontro frontale/laterale SX fra veicoli in marcia;Rettilineo;Due carreggiate;Asciutto;Asfaltata;Orizzontale;Sereno;Normale;Buona;Ore Diurne;0;0;0;3;12.4441;41.8666;-1;1;Autovettura privata;In marcia / fermata / arresto;Passeggero;F;Illeso;0;;;
4304995;16;01/04/2019 12:15:00;Strada Urbana;VIALE DEI COLLI PORTUENSI;da specificare;;;;fronte civico 60;Scontro frontale/laterale SX fra veicoli in marcia;Rettilineo;Due carreggiate;Asciutto;Asfaltata;Orizzontale;Sereno;Normale;Buona;Ore Diurne;0;0;0;3;12.4441;41.8666;-1;2;Autovettura privata;In marcia / fermata / arresto;Conducente;M;Illeso;0;;;
4305016;4;01/04/2019 17:30:00;Strada Urbana;VIALE KANT;da specificare;;;;prossimità Via Nomentana;Tamponamento;Rettilineo;Due carreggiate;Asciutto;Asfaltata;Verticale ed orizzontale;Sereno;Intenso;Buona;Ore Diurne;0;0;0;4;12.5535;41.9366;-1;1;Autovettura privata;In marcia / fermata / arresto;Conducente;F;Illeso;0;;;
4305016;4;01/04/2019 17:30:00;Strada Urbana;VIALE KANT;da specificare;;;;prossimità Via Nomentana;Tamponamento;Rettilineo;Due carreggiate;Asciutto;Asfaltata;Verticale ed orizzontale;Sereno;Intenso;Buona;Ore Diurne;0;0;0;4;12.5535;41.9366;-1;1;Autovettura privata;In marcia / fermata / arresto;Passeggero;M;Illeso;0;;;
4305016;4;01/04/2019 17:30:00;Strada Urbana;VIALE KANT;da specificare;;;;prossimità Via Nomentana;Tamponamento;Rettilineo;Due carreggiate;Asciutto;Asfaltata;Verticale ed orizzontale;Sereno;Intenso;Buona;Ore Diurne;0;0;0;4;12.5535;41.9366;-1;2;Autovettura privata;In marcia / fermata / arresto;Conducente;M;Illeso;0;;;
4305022;1;01/04/2019 16:00:00;Strada Urbana;VIA BONCOMPAGNI;all'intersezione semaforizzata con;VIA ROMAGNA;VIA ROMAGNA;;;Investimento di pedone;Intersezione semaforizzata;Una carreggiata a doppio senso;Asciutto;Asfaltata;Verticale ed orizzontale;Sereno;Normale;Buona;Ore Diurne;2;0;0;1;12.4946;41.9087;-1;;;;Pedone;F;Rimandato;0;NON DECEDUTO;;
4305022;1;01/04/2019 16:00:00;Strada Urbana;VIA BONCOMPAGNI;all'intersezione semaforizzata con;VIA ROMAGNA;VIA ROMAGNA;;;Investimento di pedone;Intersezione semaforizzata;Una carreggiata a doppio senso;Asciutto;Asfaltata;Verticale ed orizzontale;Sereno;Normale;Buona;Ore Diurne;2;0;0;1;12.4946;41.9087;-1;;;;Pedone;F;Rimandato;0;NON DECEDUTO;;
4305022;1;01/04/2019 16:00:00;Strada Urbana;VIA BONCOMPAGNI;all'intersezione semaforizzata con;VIA ROMAGNA;VIA ROMAGNA;;;Investimento di pedone;Intersezione semaforizzata;Una carreggiata a doppio senso;Asciutto;Asfaltata;Verticale ed orizzontale;Sereno;Normale;Buona;Ore Diurne;2;0;0;1;12.4946;41.9087;-1;1;Autovettura privata;In marcia / fermata / arresto;Conducente;M;Illeso;0;;Non accertato;Inesploso
4305025;10;01/04/2019 15:00:00;Strada Urbana;VIA LIBERO LEONARDI;da specificare;;;;ALTEZZA VIA CISBERTO VECCHI;Veicolo in marcia contro veicolo in sosta;Rettilineo;Una carreggiata a doppio senso;Asciutto;Asfaltata;Verticale ed orizzontale;Sereno;Normale;Buona;Sufficiente;0;0;0;1;12.5924;41.8489;-1;1;Autovettura privata;In marcia / fermata / arresto;Conducente;M;Illeso;0;;Non accertato;Inesploso
4305025;10;01/04/2019 15:00:00;Strada Urbana;VIA LIBERO LEONARDI;da specificare;;;;ALTEZZA VIA CISBERTO VECCHI;Veicolo in marcia contro veicolo in sosta;Rettilineo;Una carreggiata a doppio senso;Asciutto;Asfaltata;Verticale ed orizzontale;Sereno;Normale;Buona;Sufficiente;0;0;0;1;12.5924;41.8489;-1;2;Autovettura privata;Sosta;;;;;;;
4305037;4;01/04/2019 16:00:00;Statale entro l'abitato;VIA SALARIA;in prossimità;;del civico n.;719;;Tamponamento Multiplo;Rettilineo;Due carreggiate;Asciutto;Asfaltata;Verticale ed orizzontale;Sereno;Normale;Buona;Ore Diurne;0;0;0;7;12.5075;41.9429;-1;1;Autovettura privata;In marcia / fermata / arresto;Conducente;M;Illeso;0;;;
4305037;4;01/04/2019 16:00:00;Statale entro l'abitato;VIA SALARIA;in prossimità;;del civico n.;719;;Tamponamento Multiplo;Rettilineo;Due carreggiate;Asciutto;Asfaltata;Verticale ed orizzontale;Sereno;Normale;Buona;Ore Diurne;0;0;0;7;12.5075;41.9429;-1;2;Autovettura privata;In marcia / fermata / arresto;Conducente;M;Illeso;0;;Non accertato;Inesploso
4305037;4;01/04/2019 16:00:00;Statale entro l'abitato;VIA SALARIA;in prossimità;;del civico n.;719;;Tamponamento Multiplo;Rettilineo;Due carreggiate;Asciutto;Asfaltata;Verticale ed orizzontale;Sereno;Normale;Buona;Ore Diurne;0;0;0;7;12.5075;41.9429;-1;3;Autovettura privata;In marcia / fermata / arresto;Conducente;M;Illeso;0;;;
4305037;4;01/04/2019 16:00:00;Statale entro l'abitato;VIA SALARIA;in prossimità;;del civico n.;719;;Tamponamento Multiplo;Rettilineo;Due carreggiate;Asciutto;Asfaltata;Verticale ed orizzontale;Sereno;Normale;Buona;Ore Diurne;0;0;0;7;12.5075;41.9429;-1;3;Autovettura privata;In marcia / fermata / arresto;Passeggero;F;Illeso;0;;;
4305037;4;01/04/2019 16:00:00;Statale entro l'abitato;VIA SALARIA;in prossimità;;del civico n.;719;;Tamponamento Multiplo;Rettilineo;Due carreggiate;Asciutto;Asfaltata;Verticale ed orizzontale;Sereno;Normale;Buona;Ore Diurne;0;0;0;7;12.5075;41.9429;-1;3;Autovettura privata;In marcia / fermata / arresto;Passeggero;M;Illeso;0;;;
4305037;4;01/04/2019 16:00:00;Statale entro l'abitato;VIA SALARIA;in prossimità;;del civico n.;719;;Tamponamento Multiplo;Rettilineo;Due carreggiate;Asciutto;Asfaltata;Verticale ed orizzontale;Sereno;Normale;Buona;Ore Diurne;0;0;0;7;12.5075;41.9429;-1;3;Autovettura privata;In marcia / fermata / arresto;Passeggero;F;Illeso;0;;;
4305037;4;01/04/2019 16:00:00;Statale entro l'abitato;VIA SALARIA;in prossimità;;del civico n.;719;;Tamponamento Multiplo;Rettilineo;Due carreggiate;Asciutto;Asfaltata;Verticale ed orizzontale;Sereno;Normale;Buona;Ore Diurne;0;0;0;7;12.5075;41.9429;-1;3;Autovettura privata;In marcia / fermata / arresto;Passeggero;M;Illeso;0;;;
4305046;4;01/04/2019 20:15:00;Strada Urbana;VIA VAGLIA;in corrispondenza;;del civico n.;49;;Scontro frontale fra veicoli in marcia;Rettilineo;Una carreggiata a doppio senso;Asciutto;Asfaltata;Orizzontale;Sereno;Normale;Buona;Sufficiente;1;0;0;1;12.5146;41.95;-1;1;Autovettura privata;In marcia / fermata / arresto;Conducente;F;Illeso;0;;;
4305046;4;01/04/2019 20:15:00;Strada Urbana;VIA VAGLIA;in corrispondenza;;del civico n.;49;;Scontro frontale fra veicoli in marcia;Rettilineo;Una carreggiata a doppio senso;Asciutto;Asfaltata;Orizzontale;Sereno;Normale;Buona;Sufficiente;1;0;0;1;12.5146;41.95;-1;2;Motociclo a solo;In marcia / fermata / arresto;Conducente;F;Rimandato;0;NON DECEDUTO;;
4305061;7;01/04/2019 14:40:00;Provinciale entro l'abitato;VIALE PALMIRO TOGLIATTI;all'intersezione con;VIA PRENESTINA;VIA PRENESTINA;;;Scontro laterale fra veicoli in marcia;Intersezione semaforizzata;Due carreggiate;Asciutto;Asfaltata;Verticale ed orizzontale;Sereno;Normale;Buona;Ore Diurne;2;0;0;1;12.5751;41.8946;-1;1;Autovettura di polizia;In marcia / fermata / arresto;Conducente;M;Rimandato;0;NON DECEDUTO;Non accertato;Inesploso
4305061;7;01/04/2019 14:40:00;Provinciale entro l'abitato;VIALE PALMIRO TOGLIATTI;all'intersezione con;VIA PRENESTINA;VIA PRENESTINA;;;Scontro laterale fra veicoli in marcia;Intersezione semaforizzata;Due carreggiate;Asciutto;Asfaltata;Verticale ed orizzontale;Sereno;Normale;Buona;Ore Diurne;2;0;0;1;12.5751;41.8946;-1;1;Autovettura di polizia;In marcia / fermata / arresto;Passeggero;M;Rimandato;0;NON DECEDUTO;Non accertato;Inesploso
4305061;7;01/04/2019 14:40:00;Provinciale entro l'abitato;VIALE PALMIRO TOGLIATTI;all'intersezione con;VIA PRENESTINA;VIA PRENESTINA;;;Scontro laterale fra veicoli in marcia;Intersezione semaforizzata;Due carreggiate;Asciutto;Asfaltata;Verticale ed orizzontale;Sereno;Normale;Buona;Ore Diurne;2;0;0;1;12.5751;41.8946;-1;2;Autovettura privata;In marcia / fermata / arresto;Conducente;F;Illeso;0;;Non accertato;Inesploso
4305071;18;01/04/2019 15:30:00;Strada Urbana;VIA NOSTRA SIGNORA DI LOURDES;all'intersezione con;VIA FRANCESCO SCHUPFER;VIA FRANCESCO SCHUPFER;;;Scontro frontale/laterale SX fra veicoli in marcia;Incrocio;Due carreggiate;Asciutto;Asfaltata;Verticale ed orizzontale;Sereno;Scarso;Sufficiente;Ore Diurne;0;0;0;2;12.4293;41.9029;-1;1;Autovettura privata;In marcia / fermata / arresto;Conducente;F;Illeso;0;;;
4305071;18;01/04/2019 15:30:00;Strada Urbana;VIA NOSTRA SIGNORA DI LOURDES;all'intersezione con;VIA FRANCESCO SCHUPFER;VIA FRANCESCO SCHUPFER;;;Scontro frontale/laterale SX fra veicoli in marcia;Incrocio;Due carreggiate;Asciutto;Asfaltata;Verticale ed orizzontale;Sereno;Scarso;Sufficiente;Ore Diurne;0;0;0;2;12.4293;41.9029;-1;2;Autovettura privata;In marcia / fermata / arresto;Conducente;F;Illeso;0;;;
4305087;17;01/04/2019 17:30:00;Strada Urbana;VIA DARDANELLI;in corrispondenza;;del civico n.;31;;Veicolo in marcia contro veicolo in sosta;Rettilineo;Due carreggiate;Asciutto;Asfaltata;Verticale ed orizzontale;Sereno;Normale;Buona;Ore Diurne;0;0;0;0;12.457;41.9176;-1;1;Motociclo a solo;Sosta;;;;;;;
4305087;17;01/04/2019 17:30:00;Strada Urbana;VIA DARDANELLI;in corrispondenza;;del civico n.;31;;Veicolo in marcia contro veicolo in sosta;Rettilineo;Due carreggiate;Asciutto;Asfaltata;Verticale ed orizzontale;Sereno;Normale;Buona;Ore Diurne;0;0;0;0;12.457;41.9176;-1;2;Autovettura privata;Sosta;;;;;;;
4305087;17;01/04/2019 17:30:00;Strada Urbana;VIA DARDANELLI;in corrispondenza;;del civico n.;31;;Veicolo in marcia contro veicolo in sosta;Rettilineo;Due carreggiate;Asciutto;Asfaltata;Verticale ed orizzontale;Sereno;Normale;Buona;Ore Diurne;0;0;0;0;12.457;41.9176;-1;3;Autovettura privata;Allontanatosi;;;;;;;
4305091;20;01/04/2019 20:15:00;Strada Urbana;VIA DI VALLE MURICANA;all'intersezione con;VIA ROGENO;VIA ROGENO;;;Scontro frontale/laterale DX fra veicoli in marcia;Incrocio;Una carreggiata a doppio senso;Asciutto;Asfaltata;Orizzontale;Sereno;Normale;Buona;Sufficiente;1;0;0;3;12.467;42.0433;-1;1;Autovettura privata;In marcia / fermata / arresto;Conducente;M;Illeso;0;;;
4305091;20;01/04/2019 20:15:00;Strada Urbana;VIA DI VALLE MURICANA;all'intersezione con;VIA ROGENO;VIA ROGENO;;;Scontro frontale/laterale DX fra veicoli in marcia;Incrocio;Una carreggiata a doppio senso;Asciutto;Asfaltata;Orizzontale;Sereno;Normale;Buona;Sufficiente;1;0;0;3;12.467;42.0433;-1;2;Autovettura privata;In marcia / fermata / arresto;Conducente;F;Illeso;0;;;
4305091;20;01/04/2019 20:15:00;Strada Urbana;VIA DI VALLE MURICANA;all'intersezione con;VIA ROGENO;VIA ROGENO;;;Scontro frontale/laterale DX fra veicoli in marcia;Incrocio;Una carreggiata a doppio senso;Asciutto;Asfaltata;Orizzontale;Sereno;Normale;Buona;Sufficiente;1;0;0;3;12.467;42.0433;-1;2;Autovettura privata;In marcia / fermata / arresto;Passeggero;M;Illeso;0;;;
4305091;20;01/04/2019 20:15:00;Strada Urbana;VIA DI VALLE MURICANA;all'intersezione con;VIA ROGENO;VIA ROGENO;;;Scontro frontale/laterale DX fra veicoli in marcia;Incrocio;Una carreggiata a doppio senso;Asciutto;Asfaltata;Orizzontale;Sereno;Normale;Buona;Sufficiente;1;0;0;3;12.467;42.0433;-1;2;Autovettura privata;In marcia / fermata / arresto;Passeggero;F;Rimandato;0;NON DECEDUTO;;
4305099;10;02/04/2019 07:50:00;Strada Urbana;VIA APPIA NUOVA;da specificare;;;;direzione centro altezza via Giovanni Ciampini;Tamponamento Multiplo;Curva a visuale libera;Una carreggiata a senso unico di marcia;Asciutto;Asfaltata;Verticale ed orizzontale;Sereno;Intenso;Buona;Ore Diurne;0;0;0;4;12.5741;41.8131;-1;1;Autovettura privata;In marcia / fermata / arresto;Conducente;F;Illeso;0;;Non accertato;Inesploso
4305099;10;02/04/2019 07:50:00;Strada Urbana;VIA APPIA NUOVA;da specificare;;;;direzione centro altezza via Giovanni Ciampini;Tamponamento Multiplo;Curva a visuale libera;Una carreggiata a senso unico di marcia;Asciutto;Asfaltata;Verticale ed orizzontale;Sereno;Intenso;Buona;Ore Diurne;0;0;0;4;12.5741;41.8131;-1;2;Autovettura privata;In marcia / fermata / arresto;Conducente;F;Illeso;0;;Non accertato;Inesploso
4305099;10;02/04/2019 07:50:00;Strada Urbana;VIA APPIA NUOVA;da specificare;;;;direzione centro altezza via Giovanni Ciampini;Tamponamento Multiplo;Curva a visuale libera;Una carreggiata a senso unico di marcia;Asciutto;Asfaltata;Verticale ed orizzontale;Sereno;Intenso;Buona;Ore Diurne;0;0;0;4;12.5741;41.8131;-1;3;Autovettura privata;In marcia / fermata / arresto;Conducente;F;Illeso;0;;Non accertato;Inesploso
4305099;10;02/04/2019 07:50:00;Strada Urbana;VIA APPIA NUOVA;da specificare;;;;direzione centro altezza via Giovanni Ciampini;Tamponamento Multiplo;Curva a visuale libera;Una carreggiata a senso unico di marcia;Asciutto;Asfaltata;Verticale ed orizzontale;Sereno;Intenso;Buona;Ore Diurne;0;0;0;4;12.5741;41.8131;-1;4;Autovettura privata;In marcia / fermata / arresto;Conducente;M;Illeso;0;;;
4305110;20;01/04/2019 11:10:00;Strada Urbana;VIA CASSIA;in corrispondenza;;del civico n.;2019;;Scontro frontale/laterale SX fra veicoli in marcia;Rettilineo;Una carreggiata a doppio senso;Asciutto;Asfaltata;Verticale ed orizzontale;Sereno;Normale;Buona;Ore Diurne;0;0;0;2;12.3754;42.0324;-1;1;Autovettura privata;In marcia / fermata / arresto;Conducente;M;Illeso;0;;Non accertato;Inesploso
4305110;20;01/04/2019 11:10:00;Strada Urbana;VIA CASSIA;in corrispondenza;;del civico n.;2019;;Scontro frontale/laterale SX fra veicoli in marcia;Rettilineo;Una carreggiata a doppio senso;Asciutto;Asfaltata;Verticale ed orizzontale;Sereno;Normale;Buona;Ore Diurne;0;0;0;2;12.3754;42.0324;-1;2;Autovettura privata;In marcia / fermata / arresto;Conducente;M;Illeso;0;;Non accertato;Inesploso
4305134;8;01/04/2019 08:30:00;Strada Urbana;VIA DI TOR BELLA MONACA;da specificare;;;;altezza via Bruno CIRINO;Veicolo in marcia contro ostacolo accidentale;Rettilineo;Due carreggiate;Asciutto;Con buche;Verticale ed orizzontale;Sereno;Normale;Buona;Ore Diurne;0;0;0;3;12.6282;41.8763;-1;1;Autovettura privata;In marcia / fermata / arresto;Conducente;M;Illeso;0;;Non accertato;Inesploso
4305134;8;01/04/2019 08:30:00;Strada Urbana;VIA DI TOR BELLA MONACA;da specificare;;;;altezza via Bruno CIRINO;Veicolo in marcia contro ostacolo accidentale;Rettilineo;Due carreggiate;Asciutto;Con buche;Verticale ed orizzontale;Sereno;Normale;Buona;Ore Diurne;0;0;0;3;12.6282;41.8763;-1;1;Autovettura privata;In marcia / fermata / arresto;Passeggero;F;Illeso;0;;Non accertato;Inesploso
4305134;8;01/04/2019 08:30:00;Strada Urbana;VIA DI TOR BELLA MONACA;da specificare;;;;altezza via Bruno CIRINO;Veicolo in marcia contro ostacolo accidentale;Rettilineo;Due carreggiate;Asciutto;Con buche;Verticale ed orizzontale;Sereno;Normale;Buona;Ore Diurne;0;0;0;3;12.6282;41.8763;-1;1;Autovettura privata;In marcia / fermata / arresto;Passeggero;F;Illeso;0;;Non accertato;Inesploso
4305136;8;01/04/2019 17:00:00;Strada Urbana;VIA DELL'USIGNOLO;in corrispondenza;;del civico n.;103;;Scontro laterale fra veicoli in marcia;Rettilineo;Una carreggiata a doppio senso;Asciutto;Asfaltata;Verticale;Sereno;Normale;Buona;Ore Diurne;0;0;0;2;12.6019;41.8727;-1;1;Autovettura privata;In marcia / fermata / arresto;Conducente;M;Illeso;0;;Non accertato;Inesploso
4305136;8;01/04/2019 17:00:00;Strada Urbana;VIA DELL'USIGNOLO;in corrispondenza;;del civico n.;103;;Scontro laterale fra veicoli in marcia;Rettilineo;Una carreggiata a doppio senso;Asciutto;Asfaltata;Verticale;Sereno;Normale;Buona;Ore Diurne;0;0;0;2;12.6019;41.8727;-1;2;Autovettura privata;In marcia / fermata / arresto;Conducente;M;Illeso;0;;Non accertato;Inesploso
4305138;8;02/04/2019 01:30:00;Provinciale entro l'abitato;VIA PRENESTINA;in prossimità;;del palo luce n.;499;;Fuoriuscita dalla sede stradale;Curva senza visuale libera;Una carreggiata a doppio senso;Asciutto;Asfaltata;Verticale ed orizzontale;Sereno;Scarso;Sufficiente;Sufficiente;1;0;0;0;12.6155;41.8933;-1;1;Autovettura privata;In marcia / fermata / arresto;Conducente;M;Ricoverato;0;NON DECEDUTO;;
4305147;8;01/04/2019 16:50:00;Strada Urbana;VIA GIUSEPPE BALDRIGHI;da specificare;;;;prossimità via S. Rita da Cascia;Tamponamento Multiplo;Rettilineo;Una carreggiata a doppio senso;Asciutto;Asfaltata;Assente;Sereno;Normale;Buona;Ore Diurne;1;0;0;2;12.6475;41.8676;-1;1;Autovettura privata;In marcia / fermata / arresto;Conducente;M;Rimandato;0;NON DECEDUTO;Non accertato;Inesploso
4305147;8;01/04/2019 16:50:00;Strada Urbana;VIA GIUSEPPE BALDRIGHI;da specificare;;;;prossimità via S. Rita da Cascia;Tamponamento Multiplo;Rettilineo;Una carreggiata a doppio senso;Asciutto;Asfaltata;Assente;Sereno;Normale;Buona;Ore Diurne;1;0;0;2;12.6475;41.8676;-1;2;Autovettura privata;In marcia / fermata / arresto;Conducente;M;Illeso;0;;Non accertato;Inesploso
4305147;8;01/04/2019 16:50:00;Strada Urbana;VIA GIUSEPPE BALDRIGHI;da specificare;;;;prossimità via S. Rita da Cascia;Tamponamento Multiplo;Rettilineo;Una carreggiata a doppio senso;Asciutto;Asfaltata;Assente;Sereno;Normale;Buona;Ore Diurne;1;0;0;2;12.6475;41.8676;-1;3;Autovettura privata;In marcia / fermata / arresto;Conducente;M;Illeso;0;;Non accertato;Inesploso
4305149;8;01/04/2019 15:10:00;Strada Urbana;VIALE OXFORD;all'intersezione con;VIALE DELLA SORBONA;VIALE DELLA SORBONA;;;Scontro laterale fra veicoli in marcia;Rotatoria;Due carreggiate;Asciutto;Asfaltata;Verticale ed orizzontale;Sereno;Normale;Buona;Ore Diurne;0;0;0;4;12.6275;41.8612;-1;1;Autobus urbano;In marcia / fermata / arresto;Conducente;M;Illeso;0;;Non accertato;Inesploso
4305149;8;01/04/2019 15:10:00;Strada Urbana;VIALE OXFORD;all'intersezione con;VIALE DELLA SORBONA;VIALE DELLA SORBONA;;;Scontro laterale fra veicoli in marcia;Rotatoria;Due carreggiate;Asciutto;Asfaltata;Verticale ed orizzontale;Sereno;Normale;Buona;Ore Diurne;0;0;0;4;12.6275;41.8612;-1;2;Autovettura privata;In marcia / fermata / arresto;Conducente;M;Illeso;0;;Non accertato;Inesploso
4305149;8;01/04/2019 15:10:00;Strada Urbana;VIALE OXFORD;all'intersezione con;VIALE DELLA SORBONA;VIALE DELLA SORBONA;;;Scontro laterale fra veicoli in marcia;Rotatoria;Due carreggiate;Asciutto;Asfaltata;Verticale ed orizzontale;Sereno;Normale;Buona;Ore Diurne;0;0;0;4;12.6275;41.8612;-1;2;Autovettura privata;In marcia / fermata / arresto;Passeggero;F;Illeso;0;;Non accertato;Inesploso
4305149;8;01/04/2019 15:10:00;Strada Urbana;VIALE OXFORD;all'intersezione con;VIALE DELLA SORBONA;VIALE DELLA SORBONA;;;Scontro laterale fra veicoli in marcia;Rotatoria;Due carreggiate;Asciutto;Asfaltata;Verticale ed orizzontale;Sereno;Normale;Buona;Ore Diurne;0;0;0;4;12.6275;41.8612;-1;2;Autovettura privata;In marcia / fermata / arresto;Passeggero;F;Illeso;0;;Non accertato;Inesploso
4305157;8;01/04/2019 09:45:00;Strada Urbana;VIA DI TOR BELLA MONACA;da specificare;;;;altezza PEWEX dir. GRA;Tamponamento Multiplo;Rettilineo;Due carreggiate;Asciutto;Asfaltata;Verticale ed orizzontale;Sereno;Intenso;Buona;Ore Diurne;3;0;0;2;12.6282;41.8763;-1;1;Autovettura privata;In marcia / fermata / arresto;Conducente;F;Rimandato;0;NON DECEDUTO;;
4305157;8;01/04/2019 09:45:00;Strada Urbana;VIA DI TOR BELLA MONACA;da specificare;;;;altezza PEWEX dir. GRA;Tamponamento Multiplo;Rettilineo;Due carreggiate;Asciutto;Asfaltata;Verticale ed orizzontale;Sereno;Intenso;Buona;Ore Diurne;3;0;0;2;12.6282;41.8763;-1;1;Autovettura privata;In marcia / fermata / arresto;Passeggero;F;Rimandato;0;NON DECEDUTO;;
4305157;8;01/04/2019 09:45:00;Strada Urbana;VIA DI TOR BELLA MONACA;da specificare;;;;altezza PEWEX dir. GRA;Tamponamento Multiplo;Rettilineo;Due carreggiate;Asciutto;Asfaltata;Verticale ed orizzontale;Sereno;Intenso;Buona;Ore Diurne;3;0;0;2;12.6282;41.8763;-1;2;Autovettura privata;In marcia / fermata / arresto;Conducente;M;Illeso;0;;;
4305157;8;01/04/2019 09:45:00;Strada Urbana;VIA DI TOR BELLA MONACA;da specificare;;;;altezza PEWEX dir. GRA;Tamponamento Multiplo;Rettilineo;Due carreggiate;Asciutto;Asfaltata;Verticale ed orizzontale;Sereno;Intenso;Buona;Ore Diurne;3;0;0;2;12.6282;41.8763;-1;3;Autocarro inferiore 35 q.;In marcia / fermata / arresto;Conducente;M;Illeso;0;;;