Protocollo;Gruppo;DataOraIncidente;Localizzazione1;STRADA1;Localizzazione2;STRADA2;Strada02;Chilometrica;DaSpecificare;NaturaIncidente;particolaritastrade;TipoStrada;FondoStradale;Pavimentazione;Segnaletica;CondizioneAtmosferica;Traffico;Visibilita;Illuminazione;NUM_FERITI;NUM_RISERVATA;NUM_MORTI;NUM_ILLESI;Longitudine;Latitudine;Confermato;Progressivo;TipoVeicolo;StatoVeicolo;TipoPersona;Sesso;Tipolesione;Deceduto;DecedutoDopo;CinturaCascoUtilizzato;Airbag;
4306979;19;02/04/2019 18:30:00;Strada Urbana;VIA TRIONFALE;in corrispondenza;;del civico n.;8379;;Scontro laterale fra veicoli in marcia;Rettilineo;Una carreggiata a doppio senso;Asciutto;Asfaltata;Verticale ed orizzontale;Nuvoloso;Normale;Buona;Ore Diurne;0;0;0;4;12.426;41.9379;-1;1;Autovettura privata;In marcia / fermata / arresto;Conducente;F;Illeso;0;;Non accertato;Inesploso
4306979;19;02/04/2019 18:30:00;Strada Urbana;VIA TRIONFALE;in corrispondenza;;del civico n.;8379;;Scontro laterale fra veicoli in marcia;Rettilineo;Una carreggiata a doppio senso;Asciutto;Asfaltata;Verticale ed orizzontale;Nuvoloso;Normale;Buona;Ore Diurne;0;0;0;4;12.426;41.9379;-1;1;Autovettura privata;In marcia / fermata / arresto;Passeggero;M;Illeso;0;;Non accertato;Inesploso
4306979;19;02/04/2019 18:30:00;Strada Urbana;VIA TRIONFALE;in corrispondenza;;del civico n.;8379;;Scontro laterale fra veicoli in marcia;Rettilineo;Una carreggiata a doppio senso;Asciutto;Asfaltata;Verticale ed orizzontale;Nuvoloso;Normale;Buona;Ore Diurne;0;0;0;4;12.426;41.9379;-1;2;Autovettura privata;In marcia / fermata / arresto;Conducente;M;Illeso;0;;Non accertato;Inesploso
4306979;19;02/04/2019 18:30:00;Strada Urbana;VIA TRIONFALE;in corrispondenza;;del civico n.;8379;;Scontro laterale fra veicoli in marcia;Rettilineo;Una carreggiata a doppio senso;Asciutto;Asfaltata;Verticale ed orizzontale;Nuvoloso;Normale;Buona;Ore Diurne;0;0;0;4;12.426;41.9379;-1;2;Autovettura privata;In marcia / fermata / arresto;Passeggero;F;Illeso;0;;Non accertato;Inesploso
4306993;1;02/04/2019 11:30:00;Strada Urbana;LARGO DI S. SUSANNA;in corrispondenza;;del civico n.;8;;Veicolo in marcia contro veicolo in sosta;Rettilineo;Una carreggiata a doppio senso;Asciutto;Asfaltata;Verticale ed orizzontale;Sereno;Normale;Buona;Ore Diurne;1;0;0;0;12.4939;41.9047;-1;1;Motociclo a solo;In marcia / fermata / arresto;Conducente;M;Rimandato;0;NON DECEDUTO;Non accertato;
4306993;1;02/04/2019 11:30:00;Strada Urbana;LARGO DI S. SUSANNA;in corrispondenza;;del civico n.;8;;Veicolo in marcia contro veicolo in sosta;Rettilineo;Una carreggiata a doppio senso;Asciutto;Asfaltata;Verticale ed orizzontale;Sereno;Normale;Buona;Ore Diurne;1;0;0;0;12.4939;41.9047;-1;2;Autovettura privata;Sosta;;;;;;;
4306997;13;02/04/2019 11:45:00;Strada Urbana;VIA DOMENICO MORELLI;in prossimità;;del civico n.;30;;Veicolo in marcia contro veicolo in sosta;Rettilineo;Una carreggiata a doppio senso;Asciutto;Asfaltata;Assente;Sereno;Normale;Buona;Ore Diurne;0;0;0;3;12.3536;41.777;-1;1;Autovettura privata;In marcia / fermata / arresto;Conducente;M;Illeso;0;;Non accertato;Inesploso
4306997;13;02/04/2019 11:45:00;Strada Urbana;VIA DOMENICO MORELLI;in prossimità;;del civico n.;30;;Veicolo in marcia contro veicolo in sosta;Rettilineo;Una carreggiata a doppio senso;Asciutto;Asfaltata;Assente;Sereno;Normale;Buona;Ore Diurne;0;0;0;3;12.3536;41.777;-1;1;Autovettura privata;In marcia / fermata / arresto;Passeggero;F;Illeso;0;;Non accertato;Inesploso
4306997;13;02/04/2019 11:45:00;Strada Urbana;VIA DOMENICO MORELLI;in prossimità;;del civico n.;30;;Veicolo in marcia contro veicolo in sosta;Rettilineo;Una carreggiata a doppio senso;Asciutto;Asfaltata;Assente;Sereno;Normale;Buona;Ore Diurne;0;0;0;3;12.3536;41.777;-1;2;Autovettura privata;Sosta;Passeggero;F;Illeso;0;;Non accertato;Inesploso
4307004;2;02/04/2019 21:35:00;Strada Urbana;CORSO TRIESTE;in corrispondenza;;del civico n.;64;;Infortunio per sola frenata improvvisa;Rettilineo;Una carreggiata a senso unico di marcia;Asciutto;Asfaltata;Verticale ed orizzontale;Nuvoloso;Scarso;Sufficiente;Insufficiente;1;0;0;0;12.5086;41.9198;-1;1;Motociclo a solo;In marcia / fermata / arresto;Conducente;F;Rimandato;0;NON DECEDUTO;;
4307005;2;02/04/2019 08:50:00;Strada Urbana;VIALE SOMALIA;da specificare;;;;altezza via N. Piccinni;Investimento di pedone;Rettilineo;Una carreggiata a doppio senso;Asciutto;Asfaltata;Verticale ed orizzontale;Sereno;Normale;Buona;Ore Diurne;1;0;0;1;12.5151;41.936;-1;;;;Pedone;F;Rifiuta cure immediate;0;NON DECEDUTO;;
4307005;2;02/04/2019 08:50:00;Strada Urbana;VIALE SOMALIA;da specificare;;;;altezza via N. Piccinni;Investimento di pedone;Rettilineo;Una carreggiata a doppio senso;Asciutto;Asfaltata;Verticale ed orizzontale;Sereno;Normale;Buona;Ore Diurne;1;0;0;1;12.5151;41.936;-1;1;Autovettura privata;In marcia / fermata / arresto;Conducente;M;Illeso;0;;Non accertato;Inesploso
4307036;1;02/04/2019 11:10:00;Strada Urbana;VIA SARDEGNA;in prossimità;;del civico n.;50;;Investimento di pedone;Rettilineo;Una carreggiata a senso unico di marcia;Asciutto;Asfaltata;Verticale ed orizzontale;Sereno;Scarso;Buona;Ore Diurne;1;0;0;1;12.4948;41.9105;-1;;;;Pedone;F;Rimandato;0;NON DECEDUTO;;
4307036;1;02/04/2019 11:10:00;Strada Urbana;VIA SARDEGNA;in prossimità;;del civico n.;50;;Investimento di pedone;Rettilineo;Una carreggiata a senso unico di marcia;Asciutto;Asfaltata;Verticale ed orizzontale;Sereno;Scarso;Buona;Ore Diurne;1;0;0;1;12.4948;41.9105;-1;1;Autocarro superiore 35 q.;In marcia / fermata / arresto;Conducente;M;Illeso;0;;Non accertato;Inesploso
4307037;13;02/04/2019 20:00:00;Strada Urbana;PIAZZALE CRISTOFORO COLOMBO;da specificare;;;;lato L.re Lutazio Catulo;Scontro frontale/laterale DX fra veicoli in marcia;Rettilineo;Due carreggiate;Asciutto;Asfaltata;Verticale ed orizzontale;Sereno;Normale;Sufficiente;Sufficiente;1;0;0;1;12.3187;41.7145;-1;1;Autovettura privata;In marcia / fermata / arresto;Conducente;M;Illeso;0;;Non accertato;Esploso
4307037;13;02/04/2019 20:00:00;Strada Urbana;PIAZZALE CRISTOFORO COLOMBO;da specificare;;;;lato L.re Lutazio Catulo;Scontro frontale/laterale DX fra veicoli in marcia;Rettilineo;Due carreggiate;Asciutto;Asfaltata;Verticale ed orizzontale;Sereno;Normale;Sufficiente;Sufficiente;1;0;0;1;12.3187;41.7145;-1;2;Autovettura privata;In marcia / fermata / arresto;Conducente;M;Rimandato;0;NON DECEDUTO;Non accertato;Inesploso
4307066;20;02/04/2019 15:50:00;Strada Urbana;VIA DI VALLE MURICANA;in prossimità;;del civico n.;405;;Scontro laterale fra veicoli in marcia;Rettilineo;Una carreggiata a doppio senso;Asciutto;Asfaltata;Orizzontale;Nuvoloso;Scarso;Buona;Ore Diurne;0;0;0;2;12.4698;42.0218;-1;1;Motociclo a solo;In marcia / fermata / arresto;Conducente;M;Illeso;0;;Non accertato;
4307066;20;02/04/2019 15:50:00;Strada Urbana;VIA DI VALLE MURICANA;in prossimità;;del civico n.;405;;Scontro laterale fra veicoli in marcia;Rettilineo;Una carreggiata a doppio senso;Asciutto;Asfaltata;Orizzontale;Nuvoloso;Scarso;Buona;Ore Diurne;0;0;0;2;12.4698;42.0218;-1;2;Autovettura privata;In marcia / fermata / arresto;Conducente;F;Illeso;0;;Non accertato;
4307073;11;03/04/2019 09:00:00;Strada Urbana;VIA NICOLA SPEDALIERI;all'intersezione con;VIA BALDASSARRE CASTIGLIONE;VIA BALDASSARRE CASTIGLIONE;;;Scontro frontale/laterale SX fra veicoli in marcia;Intersezione stradale segnalata;Una carreggiata a doppio senso;Asciutto;Asfaltata;Verticale ed orizzontale;Nuvoloso;Normale;Buona;Ore Diurne;0;0;0;4;12.4851;41.8441;-1;1;Autovettura privata;In marcia / fermata / arresto;Conducente;F;Illeso;0;;Utilizzato;Inesploso
4307073;11;03/04/2019 09:00:00;Strada Urbana;VIA NICOLA SPEDALIERI;all'intersezione con;VIA BALDASSARRE CASTIGLIONE;VIA BALDASSARRE CASTIGLIONE;;;Scontro frontale/laterale SX fra veicoli in marcia;Intersezione stradale segnalata;Una carreggiata a doppio senso;Asciutto;Asfaltata;Verticale ed orizzontale;Nuvoloso;Normale;Buona;Ore Diurne;0;0;0;4;12.4851;41.8441;-1;2;Autovettura privata;In marcia / fermata / arresto;Conducente;M;Illeso;0;;Non accertato;Inesploso
4307073;11;03/04/2019 09:00:00;Strada Urbana;VIA NICOLA SPEDALIERI;all'intersezione con;VIA BALDASSARRE CASTIGLIONE;VIA BALDASSARRE CASTIGLIONE;;;Scontro frontale/laterale SX fra veicoli in marcia;Intersezione stradale segnalata;Una carreggiata a doppio senso;Asciutto;Asfaltata;Verticale ed orizzontale;Nuvoloso;Normale;Buona;Ore Diurne;0;0;0;4;12.4851;41.8441;-1;2;Autovettura privata;In marcia / fermata / arresto;Passeggero;M;Illeso;0;;Non accertato;Inesploso
4307073;11;03/04/2019 09:00:00;Strada Urbana;VIA NICOLA SPEDALIERI;all'intersezione con;VIA BALDASSARRE CASTIGLIONE;VIA BALDASSARRE CASTIGLIONE;;;Scontro frontale/laterale SX fra veicoli in marcia;Intersezione stradale segnalata;Una carreggiata a doppio senso;Asciutto;Asfaltata;Verticale ed orizzontale;Nuvoloso;Normale;Buona;Ore Diurne;0;0;0;4;12.4851;41.8441;-1;2;Autovettura privata;In marcia / fermata / arresto;Passeggero;F;Illeso;0;;Non accertato;Inesploso
4307097;13;02/04/2019 16:00:00;Strada Urbana;VIALE DEI ROMAGNOLI;da specificare;;;;prossimità via A. da Garessio;Veicolo in marcia contro ostacolo accidentale;Rettilineo;Una carreggiata a doppio senso;Asciutto;Asfaltata;Verticale ed orizzontale;Nuvoloso;Intenso;Buona;Ore Diurne;0;0;0;1;12.3224;41.7691;-1;1;Autovettura privata;In marcia / fermata / arresto;Conducente;F;Illeso;0;;Non accertato;Inesploso
4307102;4;03/04/2019 00:15:00;Statale;VIA SALARIA;in corrispondenza;;della chilometrica;18.1;;Veicolo in marcia contro ostacolo accidentale;Rettilineo;Una carreggiata a doppio senso;Asciutto;Asfaltata;Orizzontale;Sereno;Normale;Insufficiente;Inesistente;1;0;0;0;13.0816;42.4174;-1;1;Autovettura privata;In marcia / fermata / arresto;Conducente;M;Rifiuta cure immediate;0;NON DECEDUTO;Non accertato;Esploso
4307127;1;02/04/2019 12:10:00;Strada Urbana;VIA PUGLIE;in corrispondenza;;del civico n.;33;;Veicolo in marcia contro veicolo in sosta;Rettilineo;Una carreggiata a senso unico di marcia;Asciutto;Asfaltata;Verticale ed orizzontale;Sereno;Scarso;Buona;Ore Diurne;0;0;0;0;12.4952;41.9105;-1;1;Autocarro inferiore 35 q.;Allontanatosi;;;;;;;
4307127;1;02/04/2019 12:10:00;Strada Urbana;VIA PUGLIE;in corrispondenza;;del civico n.;33;;Veicolo in marcia contro veicolo in sosta;Rettilineo;Una carreggiata a senso unico di marcia;Asciutto;Asfaltata;Verticale ed orizzontale;Sereno;Scarso;Buona;Ore Diurne;0;0;0;0;12.4952;41.9105;-1;2;Motociclo a solo;Sosta;;;;;;;
4307127;1;02/04/2019 12:10:00;Strada Urbana;VIA PUGLIE;in corrispondenza;;del civico n.;33;;Veicolo in marcia contro veicolo in sosta;Rettilineo;Una carreggiata a senso unico di marcia;Asciutto;Asfaltata;Verticale ed orizzontale;Sereno;Scarso;Buona;Ore Diurne;0;0;0;0;12.4952;41.9105;-1;3;Motociclo a solo;Sosta;;;;;;;
4307127;1;02/04/2019 12:10:00;Strada Urbana;VIA PUGLIE;in corrispondenza;;del civico n.;33;;Veicolo in marcia contro veicolo in sosta;Rettilineo;Una carreggiata a senso unico di marcia;Asciutto;Asfaltata;Verticale ed orizzontale;Sereno;Scarso;Buona;Ore Diurne;0;0;0;0;12.4952;41.9105;-1;4;Motociclo a solo;Sosta;;;;;;;
4307127;1;02/04/2019 12:10:00;Strada Urbana;VIA PUGLIE;in corrispondenza;;del civico n.;33;;Veicolo in marcia contro veicolo in sosta;Rettilineo;Una carreggiata a senso unico di marcia;Asciutto;Asfaltata;Verticale ed orizzontale;Sereno;Scarso;Buona;Ore Diurne;0;0;0;0;12.4952;41.9105;-1;5;Motociclo a solo;Sosta;;;;;;;
4307247;18;02/04/2019 17:30:00;Strada Urbana;VIA DI BOCCEA;in prossimità;;del civico n.;575;;Scontro laterale fra veicoli in marcia;Rettilineo;Una carreggiata a senso unico di marcia;Asciutto;Asfaltata;Verticale;Nuvoloso;Normale;Sufficiente;Ore Diurne;1;0;0;1;12.3784;41.9169;-1;1;Autocarro inferiore 35 q.;In marcia / fermata / arresto;Conducente;M;Illeso;0;;;
4307247;18;02/04/2019 17:30:00;Strada Urbana;VIA DI BOCCEA;in prossimità;;del civico n.;575;;Scontro laterale fra veicoli in marcia;Rettilineo;Una carreggiata a senso unico di marcia;Asciutto;Asfaltata;Verticale;Nuvoloso;Normale;Sufficiente;Ore Diurne;1;0;0;1;12.3784;41.9169;-1;2;Motociclo a solo;In marcia / fermata / arresto;Conducente;M;Rimandato;0;NON DECEDUTO;;
4307279;1;02/04/2019 21:30:00;Strada Urbana;LUNGOTEVERE TESTACCIO;da specificare;;;;ALTEZZA VIA EVANGELISTA TORRICELLI;Tamponamento;Rettilineo;Una carreggiata a doppio senso;Asciutto;Asfaltata;Verticale ed orizzontale;Sereno;Scarso;Sufficiente;Sufficiente;1;0;0;0;12.471;41.8787;0;1;Motociclo a solo;In marcia / fermata / arresto;Conducente;M;Ricoverato;0;NON DECEDUTO;;
4307279;1;02/04/2019 21:30:00;Strada Urbana;LUNGOTEVERE TESTACCIO;da specificare;;;;ALTEZZA VIA EVANGELISTA TORRICELLI;Tamponamento;Rettilineo;Una carreggiata a doppio senso;Asciutto;Asfaltata;Verticale ed orizzontale;Sereno;Scarso;Sufficiente;Sufficiente;1;0;0;0;12.471;41.8787;0;2;Autovettura privata;Allontanatosi;;;;;;;
4307329;18;02/04/2019 18:30:00;Strada Urbana;VIA MATTIA BATTISTINI;all'intersezione semaforizzata con;VIA DI BOCCEA;VIA DI BOCCEA;;;Scontro laterale fra veicoli in marcia;Intersezione semaforizzata;Due carreggiate;Asciutto;Asfaltata;Verticale ed orizzontale;Sereno;Intenso;Buona;Ore Diurne;0;0;0;3;12.41;41.9046;-1;1;Autovettura privata;In marcia / fermata / arresto;Conducente;M;Illeso;0;;;
4307329;18;02/04/2019 18:30:00;Strada Urbana;VIA MATTIA BATTISTINI;all'intersezione semaforizzata con;VIA DI BOCCEA;VIA DI BOCCEA;;;Scontro laterale fra veicoli in marcia;Intersezione semaforizzata;Due carreggiate;Asciutto;Asfaltata;Verticale ed orizzontale;Sereno;Intenso;Buona;Ore Diurne;0;0;0;3;12.41;41.9046;-1;1;Autovettura privata;In marcia / fermata / arresto;Passeggero;M;Illeso;0;;;
4307329;18;02/04/2019 18:30:00;Strada Urbana;VIA MATTIA BATTISTINI;all'intersezione semaforizzata con;VIA DI BOCCEA;VIA DI BOCCEA;;;Scontro laterale fra veicoli in marcia;Intersezione semaforizzata;Due carreggiate;Asciutto;Asfaltata;Verticale ed orizzontale;Sereno;Intenso;Buona;Ore Diurne;0;0;0;3;12.41;41.9046;-1;2;Autobus di linea;In marcia / fermata / arresto;Conducente;M;Illeso;0;;;
4307337;13;03/04/2019 10:40:00;Strada Urbana;VIA DI SAPONARA;da specificare;;;;lato opposto civico 207;Veicolo in marcia contro veicolo fermo;Rettilineo;Una carreggiata a doppio senso;Asciutto;Asfaltata;Assente;Nuvoloso;Normale;Buona;Ore Diurne;0;0;0;2;12.3452;41.7741;-1;1;Autovettura privata;In marcia / fermata / arresto;Conducente;F;Illeso;0;;Non accertato;Inesploso
4307337;13;03/04/2019 10:40:00;Strada Urbana;VIA DI SAPONARA;da specificare;;;;lato opposto civico 207;Veicolo in marcia contro veicolo fermo;Rettilineo;Una carreggiata a doppio senso;Asciutto;Asfaltata;Assente;Nuvoloso;Normale;Buona;Ore Diurne;0;0;0;2;12.3452;41.7741;-1;2;Motociclo a solo;In marcia / fermata / arresto;Conducente;M;Illeso;0;;Non accertato;
4307349;1;03/04/2019 00:10:00;Strada Urbana;VIALE DELLE TERME DI CARACALLA;all'intersezione semaforizzata con;LARGO CAVALIERI DI COLOMBO;LARGO CAVALIERI DI COLOMBO;;;Tamponamento;Intersezione semaforizzata;Una carreggiata a doppio senso;Asciutto;Asfaltata;Verticale ed orizzontale;Sereno;Scarso;Buona;Sufficiente;3;0;0;0;12.4931;41.8815;-1;1;Autovettura privata;In marcia / fermata / arresto;Conducente;F;Rimandato;0;NON DECEDUTO;Non accertato;
4307349;1;03/04/2019 00:10:00;Strada Urbana;VIALE DELLE TERME DI CARACALLA;all'intersezione semaforizzata con;LARGO CAVALIERI DI COLOMBO;LARGO CAVALIERI DI COLOMBO;;;Tamponamento;Intersezione semaforizzata;Una carreggiata a doppio senso;Asciutto;Asfaltata;Verticale ed orizzontale;Sereno;Scarso;Buona;Sufficiente;3;0;0;0;12.4931;41.8815;-1;1;Autovettura privata;In marcia / fermata / arresto;Passeggero;F;Rimandato;0;NON DECEDUTO;Non accertato;
4307349;1;03/04/2019 00:10:00;Strada Urbana;VIALE DELLE TERME DI CARACALLA;all'intersezione semaforizzata con;LARGO CAVALIERI DI COLOMBO;LARGO CAVALIERI DI COLOMBO;;;Tamponamento;Intersezione semaforizzata;Una carreggiata a doppio senso;Asciutto;Asfaltata;Verticale ed orizzontale;Sereno;Scarso;Buona;Sufficiente;3;0;0;0;12.4931;41.8815;-1;2;Autovettura privata;In marcia / fermata / arresto;Conducente;F;Rimandato;0;NON DECEDUTO;Non accertato;
4307358;18;03/04/2019 09:00:00;Strada Urbana;VIA DOMENICO TARDINI;in corrispondenza;;del civico n.;27/F;;Scontro laterale fra veicoli in marcia;Rettilineo;Una carreggiata a senso unico di marcia;Asciutto;Asfaltata;Verticale ed orizzontale;Nuvoloso;Normale;Buona;Ore Diurne;0;0;0;3;12.4259;41.9028;-1;1;Autovettura privata;In marcia / fermata / arresto;Conducente;F;Illeso;0;;Non accertato;Inesploso
4307358;18;03/04/2019 09:00:00;Strada Urbana;VIA DOMENICO TARDINI;in corrispondenza;;del civico n.;27/F;;Scontro laterale fra veicoli in marcia;Rettilineo;Una carreggiata a senso unico di marcia;Asciutto;Asfaltata;Verticale ed orizzontale;Nuvoloso;Normale;Buona;Ore Diurne;0;0;0;3;12.4259;41.9028;-1;1;Autovettura privata;In marcia / fermata / arresto;Passeggero;F;Illeso;0;;Non accertato;Inesploso
4307358;18;03/04/2019 09:00:00;Strada Urbana;VIA DOMENICO TARDINI;in corrispondenza;;del civico n.;27/F;;Scontro laterale fra veicoli in marcia;Rettilineo;Una carreggiata a senso unico di marcia;Asciutto;Asfaltata;Verticale ed orizzontale;Nuvoloso;Normale;Buona;Ore Diurne;0;0;0;3;12.4259;41.9028;-1;2;Motociclo a solo;In marcia / fermata / arresto;Conducente;M;Illeso;0;;Non accertato;
4307377;7;03/04/2019 08:50:00;Strada Urbana;VIA GIOVANNI CAPRANESI;in prossimità;;del civico n.;30;;Scontro frontale/laterale SX fra veicoli in marcia;Rettilineo;Una carreggiata a doppio senso;Asciutto;Asfaltata;Assente;Nuvoloso;Normale;Buona;Ore Diurne;0;0;0;2;12.611;41.9024;-1;1;Autocarro inferiore 35 q.;In marcia / fermata / arresto;Conducente;M;Illeso;0;;Non accertato;Inesploso
4307377;7;03/04/2019 08:50:00;Strada Urbana;VIA GIOVANNI CAPRANESI;in prossimità;;del civico n.;30;;Scontro frontale/laterale SX fra veicoli in marcia;Rettilineo;Una carreggiata a doppio senso;Asciutto;Asfaltata;Assente;Nuvoloso;Normale;Buona;Ore Diurne;0;0;0;2;12.611;41.9024;-1;2;Autovettura privata;In marcia / fermata / arresto;Conducente;M;Illeso;0;;Non accertato;Inesploso
4307426;13;03/04/2019 11:05:00;Strada Urbana;VIALE DEI ROMAGNOLI;in corrispondenza;;del civico n.;1843;;Veicolo in marcia contro ostacolo accidentale;Rettilineo;Una carreggiata a doppio senso;Bagnato (pioggia);Con buche;Verticale ed orizzontale;Pioggia in atto;Normale;Buona;Ore Diurne;0;0;0;1;12.3485;41.779;-1;1;Motociclo a solo;In marcia / fermata / arresto;Conducente;M;Illeso;0;;Non accertato;
4307431;1;02/04/2019 14:05:00;Strada Urbana;VIA DI PORTA S. SEBASTIANO;in prossimità;;del civico n.;14;;Veicolo in marcia contro ostacolo accidentale;Pendenza;Una carreggiata a doppio senso;Asciutto;In cubetti di porfido;Verticale ed orizzontale;Nuvoloso;Scarso;Buona;Ore Diurne;1;0;0;0;12.5006;41.8754;-1;1;Motociclo a solo;In marcia / fermata / arresto;Conducente;M;Rimandato;0;NON DECEDUTO;Non accertato;
4307459;1;03/04/2019 07:00:00;Strada Urbana;LARGO DELLE TERME DI CARACALLA;da specificare;;;;ALTEZZA ARCO LATERALE DESTRO DIR. VIA C. COLOMBO;Veicolo in marcia contro ostacolo accidentale;Curva a visuale libera;Due carreggiate;Asciutto;Asfaltata;Verticale ed orizzontale;Nuvoloso;Normale;Buona;Ore Diurne;0;0;0;1;12.4963;41.875;-1;1;Autocarro inferiore 35 q.;In marcia / fermata / arresto;Conducente;M;Illeso;0;;Non accertato;
4307485;1;03/04/2019 00:45:00;Strada Urbana;LUNGOTEVERE DELLA FARNESINA;in prossimità;;del civico n.;11;;Scontro laterale fra veicoli in marcia;Rettilineo;Una carreggiata a senso unico di marcia;Asciutto;Asfaltata;Verticale ed orizzontale;Sereno;Scarso;Buona;Sufficiente;0;0;0;4;12.4665;41.8949;-1;1;Autovettura privata;In marcia / fermata / arresto;Conducente;F;Illeso;0;;Non accertato;
4307485;1;03/04/2019 00:45:00;Strada Urbana;LUNGOTEVERE DELLA FARNESINA;in prossimità;;del civico n.;11;;Scontro laterale fra veicoli in marcia;Rettilineo;Una carreggiata a senso unico di marcia;Asciutto;Asfaltata;Verticale ed orizzontale;Sereno;Scarso;Buona;Sufficiente;0;0;0;4;12.4665;41.8949;-1;1;Autovettura privata;In marcia / fermata / arresto;Passeggero;M;Illeso;0;;Non accertato;
4307485;1;03/04/2019 00:45:00;Strada Urbana;LUNGOTEVERE DELLA FARNESINA;in prossimità;;del civico n.;11;;Scontro laterale fra veicoli in marcia;Rettilineo;Una carreggiata a senso unico di marcia;Asciutto;Asfaltata;Verticale ed orizzontale;Sereno;Scarso;Buona;Sufficiente;0;0;0;4;12.4665;41.8949;-1;2;Autovettura privata;In marcia / fermata / arresto;Conducente;F;Illeso;0;;Non accertato;
4307485;1;03/04/2019 00:45:00;Strada Urbana;LUNGOTEVERE DELLA FARNESINA;in prossimità;;del civico n.;11;;Scontro laterale fra veicoli in marcia;Rettilineo;Una carreggiata a senso unico di marcia;Asciutto;Asfaltata;Verticale ed orizzontale;Sereno;Scarso;Buona;Sufficiente;0;0;0;4;12.4665;41.8949;-1;2;Autovettura privata;In marcia / fermata / arresto;Passeggero;F;Illeso;0;;Non accertato;
4307490;11;03/04/2019 11:40:00;Strada Urbana;VIA OSTIENSE;in prossimità;;del civico n.;31;;Investimento di pedone;Rettilineo;Più di due carreggiate;Asciutto;Asfaltata;Verticale ed orizzontale;Nuvoloso;Normale;Buona;Ore Diurne;1;0;0;1;12.4808;41.8742;-1;;;;Pedone;F;Rimandato;0;NON DECEDUTO;;
4307490;11;03/04/2019 11:40:00;Strada Urbana;VIA OSTIENSE;in prossimità;;del civico n.;31;;Investimento di pedone;Rettilineo;Più di due carreggiate;Asciutto;Asfaltata;Verticale ed orizzontale;Nuvoloso;Normale;Buona;Ore Diurne;1;0;0;1;12.4808;41.8742;-1;1;Autovettura privata;In marcia / fermata / arresto;Conducente;F;Illeso;0;;Non accertato;Inesploso
4307548;1;02/04/2019 16:15:00;Strada Urbana;VIA DEL CIRCO MASSIMO;in prossimità;;del palo luce n.;20;;Scontro laterale fra veicoli in marcia;Rettilineo;Una carreggiata a doppio senso;Asciutto;Asfaltata;Verticale ed orizzontale;Nuvoloso;Intenso;Buona;Ore Diurne;1;0;0;2;12.4852;41.8853;-1;1;Autocarro inferiore 35 q.;In marcia / fermata / arresto;Conducente;M;Illeso;0;;Non accertato;
4307548;1;02/04/2019 16:15:00;Strada Urbana;VIA DEL CIRCO MASSIMO;in prossimità;;del palo luce n.;20;;Scontro laterale fra veicoli in marcia;Rettilineo;Una carreggiata a doppio senso;Asciutto;Asfaltata;Verticale ed orizzontale;Nuvoloso;Intenso;Buona;Ore Diurne;1;0;0;2;12.4852;41.8853;-1;1;Autocarro inferiore 35 q.;In marcia / fermata / arresto;Passeggero;M;Illeso;0;;Non accertato;
4307548;1;02/04/2019 16:15:00;Strada Urbana;VIA DEL CIRCO MASSIMO;in prossimità;;del palo luce n.;20;;Scontro laterale fra veicoli in marcia;Rettilineo;Una carreggiata a doppio senso;Asciutto;Asfaltata;Verticale ed orizzontale;Nuvoloso;Intenso;Buona;Ore Diurne;1;0;0;2;12.4852;41.8853;-1;2;Motociclo a solo;In marcia / fermata / arresto;Conducente;F;Rifiuta cure immediate;0;NON DECEDUTO;;
4307558;13;03/04/2019 12:00:00;Strada Urbana;VIALE PAOLO ORLANDO;all'intersezione con;VIA PIETRO ROSA;VIA PIETRO ROSA;;;Scontro laterale fra veicoli in marcia;Incrocio;Due carreggiate;Asciutto;Asfaltata;Verticale;Nuvoloso;Normale;Buona;Ore Diurne;0;0;0;2;12.2858;41.731;-1;1;Autovettura privata;In marcia / fermata / arresto;Conducente;F;Illeso;0;;Non accertato;Inesploso
4307558;13;03/04/2019 12:00:00;Strada Urbana;VIALE PAOLO ORLANDO;all'intersezione con;VIA PIETRO ROSA;VIA PIETRO ROSA;;;Scontro laterale fra veicoli in marcia;Incrocio;Due carreggiate;Asciutto;Asfaltata;Verticale;Nuvoloso;Normale;Buona;Ore Diurne;0;0;0;2;12.2858;41.731;-1;2;Autovettura privata;In marcia / fermata / arresto;Conducente;M;Illeso;0;;Non accertato;Inesploso
4307766;18;03/04/2019 12:30:00;Strada Urbana;VIA DI CASALOTTI;in corrispondenza;;del civico n.;53;;Scontro frontale/laterale DX fra veicoli in marcia;Rettilineo;Una carreggiata a doppio senso;Asciutto;Asfaltata;Verticale ed orizzontale;Nuvoloso;Normale;Buona;Ore Diurne;0;0;0;2;12.3746;41.9163;-1;1;Autovettura privata;In marcia / fermata / arresto;Conducente;M;Illeso;0;;Non accertato;Inesploso
4307766;18;03/04/2019 12:30:00;Strada Urbana;VIA DI CASALOTTI;in corrispondenza;;del civico n.;53;;Scontro frontale/laterale DX fra veicoli in marcia;Rettilineo;Una carreggiata a doppio senso;Asciutto;Asfaltata;Verticale ed orizzontale;Nuvoloso;Normale;Buona;Ore Diurne;0;0;0;2;12.3746;41.9163;-1;2;Autovettura privata;In marcia / fermata / arresto;Conducente;F;Illeso;0;;Non accertato;Inesploso