Protocollo;Gruppo;DataOraIncidente;Localizzazione1;STRADA1;Localizzazione2;STRADA2;Strada02;Chilometrica;DaSpecificare;NaturaIncidente;particolaritastrade;TipoStrada;FondoStradale;Pavimentazione;Segnaletica;CondizioneAtmosferica;Traffico;Visibilita;Illuminazione;NUM_FERITI;NUM_RISERVATA;NUM_MORTI;NUM_ILLESI;Longitudine;Latitudine;Confermato;Progressivo;TipoVeicolo;StatoVeicolo;TipoPersona;Sesso;Tipolesione;Deceduto;DecedutoDopo;CinturaCascoUtilizzato;Airbag;
4308846;20;03/04/2019 16:15:00;Regionale entro l'abitato;VIA CASSIA;in corrispondenza;;del civico n.;1184;;Scontro frontale fra veicoli in marcia;Rettilineo;Una carreggiata a doppio senso;Asciutto;Asfaltata;Verticale ed orizzontale;Sereno;Normale;Buona;Ore Diurne;1;0;0;3;12.4155;41.9818;-1;2;Motociclo a solo;In marcia / fermata / arresto;Conducente;M;Rimandato;0;NON DECEDUTO;Non accertato;
4308854;1;03/04/2019 15:45:00;Strada Urbana;VIALE DELLE TERME DI CARACALLA;all'intersezione semaforizzata con;PIAZZALE NUMA POMPILIO;PIAZZALE NUMA POMPILIO;;;Scontro frontale/laterale SX fra veicoli in marcia;Intersezione semaforizzata;Una carreggiata a doppio senso;Asciutto;Asfaltata;Verticale ed orizzontale;Nuvoloso;Intenso;Buona;Ore Diurne;1;0;0;0;12.4958;41.8798;0;1;Motociclo a solo;In marcia / fermata / arresto;Conducente;M;Rimandato;0;NON DECEDUTO;Non accertato;
4308854;1;03/04/2019 15:45:00;Strada Urbana;VIALE DELLE TERME DI CARACALLA;all'intersezione semaforizzata con;PIAZZALE NUMA POMPILIO;PIAZZALE NUMA POMPILIO;;;Scontro frontale/laterale SX fra veicoli in marcia;Intersezione semaforizzata;Una carreggiata a doppio senso;Asciutto;Asfaltata;Verticale ed orizzontale;Nuvoloso;Intenso;Buona;Ore Diurne;1;0;0;0;12.4958;41.8798;0;2;Autovettura privata;Allontanatosi;;;;;;;
4308883;6;04/04/2019 08:00:00;Strada Urbana;VIA PRENESTINA;in corrispondenza;;del civico n.;187;;Scontro laterale fra veicoli in marcia;Rettilineo;Due carreggiate;Bagnato (umidità in atto);Asfaltata;Verticale ed orizzontale;Nuvoloso;Intenso;Buona;Ore Diurne;0;0;0;2;12.5376;41.8926;-1;1;Autovettura privata;In marcia / fermata / arresto;Conducente;M;Illeso;0;;Non accertato;Inesploso
4308883;6;04/04/2019 08:00:00;Strada Urbana;VIA PRENESTINA;in corrispondenza;;del civico n.;187;;Scontro laterale fra veicoli in marcia;Rettilineo;Due carreggiate;Bagnato (umidità in atto);Asfaltata;Verticale ed orizzontale;Nuvoloso;Intenso;Buona;Ore Diurne;0;0;0;2;12.5376;41.8926;-1;2;Motociclo a solo;In marcia / fermata / arresto;Conducente;M;Illeso;0;;Non accertato;
4308885;1;03/04/2019 17:35:00;Strada Urbana;VIA MENTANA;all'intersezione con;VIA MONTEBELLO;VIA MONTEBELLO;;;Scontro frontale/laterale DX fra veicoli in marcia;Incrocio;Una carreggiata a senso unico di marcia;Asciutto;Asfaltata;Verticale ed orizzontale;Nuvoloso;Normale;Buona;Ore Diurne;1;0;0;1;12.5033;41.9069;-1;1;Autovettura privata;In marcia / fermata / arresto;Conducente;M;Illeso;0;;Non accertato;Inesploso
4308885;1;03/04/2019 17:35:00;Strada Urbana;VIA MENTANA;all'intersezione con;VIA MONTEBELLO;VIA MONTEBELLO;;;Scontro frontale/laterale DX fra veicoli in marcia;Incrocio;Una carreggiata a senso unico di marcia;Asciutto;Asfaltata;Verticale ed orizzontale;Nuvoloso;Normale;Buona;Ore Diurne;1;0;0;1;12.5033;41.9069;-1;2;Motociclo a solo;In marcia / fermata / arresto;Conducente;M;Rimandato;0;NON DECEDUTO;Non accertato;
4308887;4;03/04/2019 14:45:00;Strada Urbana;VIA UGO OJETTI;in corrispondenza;;del civico n.;362;;Scontro laterale fra veicoli in marcia;Rettilineo;Una carreggiata a senso unico di marcia;Asciutto;Asfaltata;Orizzontale;Nuvoloso;Scarso;Buona;Ore Diurne;0;0;0;2;12.5538;41.9457;-1;1;Autovettura privata;In marcia / fermata / arresto;Conducente;M;Illeso;0;;;
4308887;4;03/04/2019 14:45:00;Strada Urbana;VIA UGO OJETTI;in corrispondenza;;del civico n.;362;;Scontro laterale fra veicoli in marcia;Rettilineo;Una carreggiata a senso unico di marcia;Asciutto;Asfaltata;Orizzontale;Nuvoloso;Scarso;Buona;Ore Diurne;0;0;0;2;12.5538;41.9457;-1;2;Autovettura privata;In marcia / fermata / arresto;Conducente;F;Illeso;0;;Non accertato;Inesploso
4308888;19;03/04/2019 18:30:00;Strada Urbana;VIA FRANCESCO CHERUBINI;in prossimità;;del civico n.;8;;Scontro laterale fra veicoli in marcia;Rettilineo;Una carreggiata a senso unico di marcia;Asciutto;Asfaltata;Assente;Nuvoloso;Normale;Buona;Ore Diurne;0;0;0;1;12.4247;41.9441;-1;1;Autovettura privata;In marcia / fermata / arresto;Conducente;M;Illeso;0;;;
4308888;19;03/04/2019 18:30:00;Strada Urbana;VIA FRANCESCO CHERUBINI;in prossimità;;del civico n.;8;;Scontro laterale fra veicoli in marcia;Rettilineo;Una carreggiata a senso unico di marcia;Asciutto;Asfaltata;Assente;Nuvoloso;Normale;Buona;Ore Diurne;0;0;0;1;12.4247;41.9441;-1;2;Autovettura privata;Allontanatosi;;;;;;;
4308902;1;03/04/2019 20:20:00;Strada Urbana;VIA DEL CORSO;in corrispondenza;;del civico n.;349;;Investimento di pedone;Rettilineo;Una carreggiata a doppio senso;Asciutto;Asfaltata;Verticale ed orizzontale;Sereno;Normale;Buona;Sufficiente;1;0;0;1;12.4806;41.9006;-1;;;;Pedone;F;Rimandato;0;NON DECEDUTO;;
4308902;1;03/04/2019 20:20:00;Strada Urbana;VIA DEL CORSO;in corrispondenza;;del civico n.;349;;Investimento di pedone;Rettilineo;Una carreggiata a doppio senso;Asciutto;Asfaltata;Verticale ed orizzontale;Sereno;Normale;Buona;Sufficiente;1;0;0;1;12.4806;41.9006;-1;1;Autovettura pubblica;In marcia / fermata / arresto;Conducente;M;Illeso;0;;Non accertato;
4308908;4;03/04/2019 16:40:00;Strada Urbana;VIA GARGANO;da specificare;;;;prossimità civico 1;Scontro laterale fra veicoli in marcia;Curva a visuale libera;Una carreggiata a doppio senso;Bagnato (pioggia);Asfaltata;Verticale ed orizzontale;Pioggia in atto;Intenso;Buona;Ore Diurne;1;0;0;1;12.5342;41.9362;-1;1;Motociclo a solo;In marcia / fermata / arresto;Conducente;F;Rimandato;0;NON DECEDUTO;;
4308908;4;03/04/2019 16:40:00;Strada Urbana;VIA GARGANO;da specificare;;;;prossimità civico 1;Scontro laterale fra veicoli in marcia;Curva a visuale libera;Una carreggiata a doppio senso;Bagnato (pioggia);Asfaltata;Verticale ed orizzontale;Pioggia in atto;Intenso;Buona;Ore Diurne;1;0;0;1;12.5342;41.9362;-1;2;Autovettura privata;In marcia / fermata / arresto;Conducente;F;Illeso;0;;;
4308923;13;03/04/2019 11:35:00;Strada Urbana;VIA DELLA GENTE SALINATORIA;all'intersezione con;VIA DEI MARTIRI OSTIENSI;VIA DEI MARTIRI OSTIENSI;;;Veicolo in marcia contro veicolo fermo;Incrocio;Una carreggiata a doppio senso;Bagnato (pioggia);Asfaltata;Verticale;Nuvoloso;Normale;Buona;Ore Diurne;0;0;0;4;12.3035;41.7603;-1;1;Autovettura privata;In marcia / fermata / arresto;Conducente;F;Illeso;0;;Non accertato;Inesploso
4308923;13;03/04/2019 11:35:00;Strada Urbana;VIA DELLA GENTE SALINATORIA;all'intersezione con;VIA DEI MARTIRI OSTIENSI;VIA DEI MARTIRI OSTIENSI;;;Veicolo in marcia contro veicolo fermo;Incrocio;Una carreggiata a doppio senso;Bagnato (pioggia);Asfaltata;Verticale;Nuvoloso;Normale;Buona;Ore Diurne;0;0;0;4;12.3035;41.7603;-1;1;Autovettura privata;In marcia / fermata / arresto;Passeggero;F;Illeso;0;;Non accertato;Inesploso
4308923;13;03/04/2019 11:35:00;Strada Urbana;VIA DELLA GENTE SALINATORIA;all'intersezione con;VIA DEI MARTIRI OSTIENSI;VIA DEI MARTIRI OSTIENSI;;;Veicolo in marcia contro veicolo fermo;Incrocio;Una carreggiata a doppio senso;Bagnato (pioggia);Asfaltata;Verticale;Nuvoloso;Normale;Buona;Ore Diurne;0;0;0;4;12.3035;41.7603;-1;1;Autovettura privata;In marcia / fermata / arresto;Passeggero;F;Illeso;0;;Non accertato;Inesploso
4308923;13;03/04/2019 11:35:00;Strada Urbana;VIA DELLA GENTE SALINATORIA;all'intersezione con;VIA DEI MARTIRI OSTIENSI;VIA DEI MARTIRI OSTIENSI;;;Veicolo in marcia contro veicolo fermo;Incrocio;Una carreggiata a doppio senso;Bagnato (pioggia);Asfaltata;Verticale;Nuvoloso;Normale;Buona;Ore Diurne;0;0;0;4;12.3035;41.7603;-1;2;Autovettura privata;In marcia / fermata / arresto;Conducente;M;Illeso;0;;Non accertato;Inesploso
4308924;7;03/04/2019 20:00:00;Strada Urbana;VIA PAPIRIA;in corrispondenza;;del civico n.;68;;Veicolo in marcia contro veicolo in sosta;Rettilineo;Una carreggiata a doppio senso;Asciutto;Asfaltata;Assente;Sereno;Normale;Buona;Sufficiente;0;0;0;1;12.5611;41.8634;-1;1;Autovettura privata;Sosta;;;;;;;
4308924;7;03/04/2019 20:00:00;Strada Urbana;VIA PAPIRIA;in corrispondenza;;del civico n.;68;;Veicolo in marcia contro veicolo in sosta;Rettilineo;Una carreggiata a doppio senso;Asciutto;Asfaltata;Assente;Sereno;Normale;Buona;Sufficiente;0;0;0;1;12.5611;41.8634;-1;2;Autovettura privata;In marcia / fermata / arresto;Conducente;M;Illeso;0;;Non accertato;Inesploso
4308940;2;04/04/2019 00:01:00;Strada Urbana;VIA PIETRO MASCAGNI;in prossimità;;del civico n.;132;;Veicolo in marcia contro veicolo in sosta;Rettilineo;Una carreggiata a senso unico di marcia;Asciutto;Asfaltata;Verticale ed orizzontale;Sereno;Scarso;Buona;Sufficiente;0;0;0;1;12.5157;41.9386;-1;1;Autovettura privata;In marcia / fermata / arresto;Conducente;F;Illeso;0;;;
4308940;2;04/04/2019 00:01:00;Strada Urbana;VIA PIETRO MASCAGNI;in prossimità;;del civico n.;132;;Veicolo in marcia contro veicolo in sosta;Rettilineo;Una carreggiata a senso unico di marcia;Asciutto;Asfaltata;Verticale ed orizzontale;Sereno;Scarso;Buona;Sufficiente;0;0;0;1;12.5157;41.9386;-1;2;Autovettura privata;Sosta;;;;;;;
4308948;20;03/04/2019 07:30:00;Strada Urbana;VIA DI VALLE MURICANA;in prossimità;;del civico n.;439;;Veicolo in marcia contro ostacolo accidentale;Rettilineo;Una carreggiata a doppio senso;Asciutto;Asfaltata;Orizzontale;Nuvoloso;Normale;Buona;Ore Diurne;1;0;0;0;12.4687;42.0235;-1;1;Ciclomotore;In marcia / fermata / arresto;Conducente;M;Rimandato;0;NON DECEDUTO;Non accertato;
4308951;1;04/04/2019 03:50:00;Strada Urbana;LUNGOTEVERE AVENTINO;all'intersezione con;PONTE PALATINO;PONTE PALATINO;;;Veicolo in marcia contro ostacolo fisso;Incrocio;Due carreggiate;Asciutto;Asfaltata;Verticale ed orizzontale;Nuvoloso;Scarso;Buona;Sufficiente;0;0;0;1;12.479;41.8855;-1;1;Autovettura privata;In marcia / fermata / arresto;Conducente;M;Illeso;0;;Non accertato;Esploso
4308955;19;03/04/2019 14:10:00;Strada Urbana;VIA DELLA PINETA SACCHETTI;in prossimità;;del civico n.;157;;Scontro frontale/laterale DX fra veicoli in marcia;Rettilineo;Due carreggiate;Asciutto;Asfaltata;Verticale ed orizzontale;Nuvoloso;Normale;Buona;Ore Diurne;1;0;0;1;12.423;41.9221;-1;1;Motociclo a solo;In marcia / fermata / arresto;Conducente;F;Ricoverato;0;NON DECEDUTO;;
4308955;19;03/04/2019 14:10:00;Strada Urbana;VIA DELLA PINETA SACCHETTI;in prossimità;;del civico n.;157;;Scontro frontale/laterale DX fra veicoli in marcia;Rettilineo;Due carreggiate;Asciutto;Asfaltata;Verticale ed orizzontale;Nuvoloso;Normale;Buona;Ore Diurne;1;0;0;1;12.423;41.9221;-1;2;Autovettura privata;In marcia / fermata / arresto;Conducente;F;Illeso;0;;Non accertato;Inesploso
4308961;19;03/04/2019 16:20:00;Strada Urbana;VIA DELLA PINETA SACCHETTI;da specificare;;;;prossimità Vicolo dell'Acqua Paola;Scontro laterale fra veicoli in marcia;Rettilineo;Due carreggiate;Asciutto;Asfaltata;Orizzontale;Nuvoloso;Intenso;Buona;Ore Diurne;0;0;0;2;12.4264;41.9341;-1;1;Autovettura privata;In marcia / fermata / arresto;Conducente;M;Illeso;0;;;
4308961;19;03/04/2019 16:20:00;Strada Urbana;VIA DELLA PINETA SACCHETTI;da specificare;;;;prossimità Vicolo dell'Acqua Paola;Scontro laterale fra veicoli in marcia;Rettilineo;Due carreggiate;Asciutto;Asfaltata;Orizzontale;Nuvoloso;Intenso;Buona;Ore Diurne;0;0;0;2;12.4264;41.9341;-1;2;Autovettura privata;In marcia / fermata / arresto;Conducente;M;Illeso;0;;;
4308990;20;03/04/2019 16:10:00;Strada Urbana;VIALE DI TOR DI QUINTO;all'intersezione con;VIA FORNACI DI TOR DI QUINTO;VIA FORNACI DI TOR DI QUINTO;;;Scontro frontale/laterale DX fra veicoli in marcia;Incrocio;Due carreggiate;Asciutto;Asfaltata;Orizzontale;Nuvoloso;Normale;Buona;Ore Diurne;1;0;0;1;12.4786;41.9385;-1;1;Motociclo con passeggero;In marcia / fermata / arresto;Conducente;M;Rimandato;0;NON DECEDUTO;Non accertato;
4308990;20;03/04/2019 16:10:00;Strada Urbana;VIALE DI TOR DI QUINTO;all'intersezione con;VIA FORNACI DI TOR DI QUINTO;VIA FORNACI DI TOR DI QUINTO;;;Scontro frontale/laterale DX fra veicoli in marcia;Incrocio;Due carreggiate;Asciutto;Asfaltata;Orizzontale;Nuvoloso;Normale;Buona;Ore Diurne;1;0;0;1;12.4786;41.9385;-1;2;Autovettura privata;In marcia / fermata / arresto;Conducente;F;Illeso;0;;Non accertato;
4309009;8;04/04/2019 00:30:00;Strada Urbana;VIA CASTELVETRANO;all'intersezione con;VIA DI VERMICINO;VIA DI VERMICINO;;;Tamponamento;Incrocio;Una carreggiata a doppio senso;Asciutto;Asfaltata;Verticale ed orizzontale;Sereno;Scarso;Buona;Sufficiente;0;0;0;5;12.6661;41.8565;-1;1;Autovettura privata;In marcia / fermata / arresto;Conducente;F;Illeso;0;;Non accertato;Inesploso
4309009;8;04/04/2019 00:30:00;Strada Urbana;VIA CASTELVETRANO;all'intersezione con;VIA DI VERMICINO;VIA DI VERMICINO;;;Tamponamento;Incrocio;Una carreggiata a doppio senso;Asciutto;Asfaltata;Verticale ed orizzontale;Sereno;Scarso;Buona;Sufficiente;0;0;0;5;12.6661;41.8565;-1;1;Autovettura privata;In marcia / fermata / arresto;Passeggero;M;Illeso;0;;;
4309009;8;04/04/2019 00:30:00;Strada Urbana;VIA CASTELVETRANO;all'intersezione con;VIA DI VERMICINO;VIA DI VERMICINO;;;Tamponamento;Incrocio;Una carreggiata a doppio senso;Asciutto;Asfaltata;Verticale ed orizzontale;Sereno;Scarso;Buona;Sufficiente;0;0;0;5;12.6661;41.8565;-1;1;Autovettura privata;In marcia / fermata / arresto;Passeggero;M;Illeso;0;;Non accertato;Inesploso
4309009;8;04/04/2019 00:30:00;Strada Urbana;VIA CASTELVETRANO;all'intersezione con;VIA DI VERMICINO;VIA DI VERMICINO;;;Tamponamento;Incrocio;Una carreggiata a doppio senso;Asciutto;Asfaltata;Verticale ed orizzontale;Sereno;Scarso;Buona;Sufficiente;0;0;0;5;12.6661;41.8565;-1;1;Autovettura privata;In marcia / fermata / arresto;Passeggero;F;Illeso;0;;;
4309009;8;04/04/2019 00:30:00;Strada Urbana;VIA CASTELVETRANO;all'intersezione con;VIA DI VERMICINO;VIA DI VERMICINO;;;Tamponamento;Incrocio;Una carreggiata a doppio senso;Asciutto;Asfaltata;Verticale ed orizzontale;Sereno;Scarso;Buona;Sufficiente;0;0;0;5;12.6661;41.8565;-1;2;Macchina operatrice;In marcia / fermata / arresto;Conducente;M;Illeso;0;;;
4309036;1;04/04/2019 08:05:00;Strada Urbana;PIAZZA DANTE;in corrispondenza;;del civico n.;6;;Scontro frontale/laterale SX fra veicoli in marcia;Rettilineo;Una carreggiata a senso unico di marcia;Asciutto;Asfaltata;Verticale ed orizzontale;Nuvoloso;Scarso;Buona;Ore Diurne;0;0;0;3;12.5031;41.892;-1;1;Autovettura privata;In marcia / fermata / arresto;Conducente;F;Illeso;0;;Non accertato;
4309036;1;04/04/2019 08:05:00;Strada Urbana;PIAZZA DANTE;in corrispondenza;;del civico n.;6;;Scontro frontale/laterale SX fra veicoli in marcia;Rettilineo;Una carreggiata a senso unico di marcia;Asciutto;Asfaltata;Verticale ed orizzontale;Nuvoloso;Scarso;Buona;Ore Diurne;0;0;0;3;12.5031;41.892;-1;1;Autovettura privata;In marcia / fermata / arresto;Passeggero;F;Illeso;0;;Non accertato;
4309036;1;04/04/2019 08:05:00;Strada Urbana;PIAZZA DANTE;in corrispondenza;;del civico n.;6;;Scontro frontale/laterale SX fra veicoli in marcia;Rettilineo;Una carreggiata a senso unico di marcia;Asciutto;Asfaltata;Verticale ed orizzontale;Nuvoloso;Scarso;Buona;Ore Diurne;0;0;0;3;12.5031;41.892;-1;2;Autovettura privata;In marcia / fermata / arresto;Conducente;M;Illeso;0;;Non accertato;
4309037;8;03/04/2019 09:45:00;Strada Urbana;VIALE DI TORRE MAURA;in prossimità;;del palo luce n.;28;;Veicolo in marcia contro ostacolo accidentale;Rettilineo;Una carreggiata a senso unico di marcia;Asciutto;Asfaltata;Orizzontale;Nuvoloso;Scarso;Buona;Ore Diurne;0;0;0;1;12.5921;41.8603;-1;1;Autovettura privata;In marcia / fermata / arresto;Conducente;F;Illeso;0;;Non accertato;Inesploso
4309069;10;04/04/2019 08:05:00;Statale entro l'abitato;VIA APPIA NUOVA;da specificare;;;;dir. Rm altezza GRA;Tamponamento;Curva a visuale libera;Una carreggiata a senso unico di marcia;Asciutto;Asfaltata;Orizzontale;Nuvoloso;Intenso;Buona;Ore Diurne;1;0;0;1;12.5746;41.8134;-1;1;Motociclo a solo;In marcia / fermata / arresto;Conducente;M;Ricoverato;0;NON DECEDUTO;Non accertato;
4309069;10;04/04/2019 08:05:00;Statale entro l'abitato;VIA APPIA NUOVA;da specificare;;;;dir. Rm altezza GRA;Tamponamento;Curva a visuale libera;Una carreggiata a senso unico di marcia;Asciutto;Asfaltata;Orizzontale;Nuvoloso;Intenso;Buona;Ore Diurne;1;0;0;1;12.5746;41.8134;-1;2;Motociclo a solo;In marcia / fermata / arresto;Conducente;F;Illeso;0;;Non accertato;
4309073;8;03/04/2019 17:50:00;Strada Urbana;VIA DEL TORRACCIO DI TORRENOVA;in corrispondenza;;del civico n.;22;;Tamponamento;Rettilineo;Una carreggiata a doppio senso;Asciutto;Asfaltata;Verticale ed orizzontale;Sereno;Normale;Buona;Ore Diurne;0;0;0;2;12.6309;41.8649;-1;1;Autocarro inferiore 35 q.;In marcia / fermata / arresto;Conducente;M;Illeso;0;;Non accertato;Inesploso
4309073;8;03/04/2019 17:50:00;Strada Urbana;VIA DEL TORRACCIO DI TORRENOVA;in corrispondenza;;del civico n.;22;;Tamponamento;Rettilineo;Una carreggiata a doppio senso;Asciutto;Asfaltata;Verticale ed orizzontale;Sereno;Normale;Buona;Ore Diurne;0;0;0;2;12.6309;41.8649;-1;2;Autovettura privata;In marcia / fermata / arresto;Conducente;M;Illeso;0;;Non accertato;Inesploso
4309091;18;03/04/2019 13:00:00;Strada Urbana;VIA GREGORIO VII;in corrispondenza;;del civico n.;63;;Scontro laterale fra veicoli in marcia;Rettilineo;Più di due carreggiate;Asciutto;Asfaltata;Verticale ed orizzontale;Sereno;Normale;Buona;Ore Diurne;3;0;0;4;12.4506;41.8974;-1;1;Autovettura privata;In marcia / fermata / arresto;Conducente;M;Rimandato;0;NON DECEDUTO;;
4309091;18;03/04/2019 13:00:00;Strada Urbana;VIA GREGORIO VII;in corrispondenza;;del civico n.;63;;Scontro laterale fra veicoli in marcia;Rettilineo;Più di due carreggiate;Asciutto;Asfaltata;Verticale ed orizzontale;Sereno;Normale;Buona;Ore Diurne;3;0;0;4;12.4506;41.8974;-1;1;Autovettura privata;In marcia / fermata / arresto;Passeggero;F;Rimandato;0;NON DECEDUTO;;
4309091;18;03/04/2019 13:00:00;Strada Urbana;VIA GREGORIO VII;in corrispondenza;;del civico n.;63;;Scontro laterale fra veicoli in marcia;Rettilineo;Più di due carreggiate;Asciutto;Asfaltata;Verticale ed orizzontale;Sereno;Normale;Buona;Ore Diurne;3;0;0;4;12.4506;41.8974;-1;1;Autovettura privata;In marcia / fermata / arresto;Passeggero;F;Rimandato;0;NON DECEDUTO;;
4309091;18;03/04/2019 13:00:00;Strada Urbana;VIA GREGORIO VII;in corrispondenza;;del civico n.;63;;Scontro laterale fra veicoli in marcia;Rettilineo;Più di due carreggiate;Asciutto;Asfaltata;Verticale ed orizzontale;Sereno;Normale;Buona;Ore Diurne;3;0;0;4;12.4506;41.8974;-1;2;Autocarro inferiore 35 q.;In marcia / fermata / arresto;Conducente;M;Illeso;0;;;
4309091;18;03/04/2019 13:00:00;Strada Urbana;VIA GREGORIO VII;in corrispondenza;;del civico n.;63;;Scontro laterale fra veicoli in marcia;Rettilineo;Più di due carreggiate;Asciutto;Asfaltata;Verticale ed orizzontale;Sereno;Normale;Buona;Ore Diurne;3;0;0;4;12.4506;41.8974;-1;2;Autocarro inferiore 35 q.;In marcia / fermata / arresto;Passeggero;M;Illeso;0;;;
4309091;18;03/04/2019 13:00:00;Strada Urbana;VIA GREGORIO VII;in corrispondenza;;del civico n.;63;;Scontro laterale fra veicoli in marcia;Rettilineo;Più di due carreggiate;Asciutto;Asfaltata;Verticale ed orizzontale;Sereno;Normale;Buona;Ore Diurne;3;0;0;4;12.4506;41.8974;-1;2;Autocarro inferiore 35 q.;In marcia / fermata / arresto;Passeggero;M;Illeso;0;;;
4309091;18;03/04/2019 13:00:00;Strada Urbana;VIA GREGORIO VII;in corrispondenza;;del civico n.;63;;Scontro laterale fra veicoli in marcia;Rettilineo;Più di due carreggiate;Asciutto;Asfaltata;Verticale ed orizzontale;Sereno;Normale;Buona;Ore Diurne;3;0;0;4;12.4506;41.8974;-1;2;Autocarro inferiore 35 q.;In marcia / fermata / arresto;Passeggero;M;Illeso;0;;;
4309103;16;03/04/2019 21:50:00;Strada Urbana;VIA DEL TRULLO;in corrispondenza;;del civico n.;202;;Veicolo in marcia contro veicolo in sosta;Rettilineo;Due carreggiate;Asciutto;Asfaltata;Assente;Sereno;Scarso;Buona;Sufficiente;0;0;0;1;12.4357;41.8461;-1;1;Autovettura privata;In marcia / fermata / arresto;Conducente;M;Illeso;0;;Non accertato;Inesploso
4309103;16;03/04/2019 21:50:00;Strada Urbana;VIA DEL TRULLO;in corrispondenza;;del civico n.;202;;Veicolo in marcia contro veicolo in sosta;Rettilineo;Due carreggiate;Asciutto;Asfaltata;Assente;Sereno;Scarso;Buona;Sufficiente;0;0;0;1;12.4357;41.8461;-1;2;Autovettura privata;Sosta;;;;;;;
4309108;17;03/04/2019 08:05:00;Strada Urbana;LUNGOTEVERE GUGLIELMO OBERDAN;all'intersezione con;PIAZZA DEL FANTE;PIAZZA DEL FANTE;;;Tamponamento;Incrocio;Una carreggiata a doppio senso;Asciutto;Asfaltata;Verticale ed orizzontale;Nuvoloso;Normale;Buona;Ore Diurne;1;0;0;3;12.468;41.9212;-1;1;Autovettura privata;In marcia / fermata / arresto;Conducente;F;Illeso;0;;;
4309108;17;03/04/2019 08:05:00;Strada Urbana;LUNGOTEVERE GUGLIELMO OBERDAN;all'intersezione con;PIAZZA DEL FANTE;PIAZZA DEL FANTE;;;Tamponamento;Incrocio;Una carreggiata a doppio senso;Asciutto;Asfaltata;Verticale ed orizzontale;Nuvoloso;Normale;Buona;Ore Diurne;1;0;0;3;12.468;41.9212;-1;1;Autovettura privata;In marcia / fermata / arresto;Passeggero;M;Illeso;0;;;
4309108;17;03/04/2019 08:05:00;Strada Urbana;LUNGOTEVERE GUGLIELMO OBERDAN;all'intersezione con;PIAZZA DEL FANTE;PIAZZA DEL FANTE;;;Tamponamento;Incrocio;Una carreggiata a doppio senso;Asciutto;Asfaltata;Verticale ed orizzontale;Nuvoloso;Normale;Buona;Ore Diurne;1;0;0;3;12.468;41.9212;-1;1;Autovettura privata;In marcia / fermata / arresto;Passeggero;M;Illeso;0;;;
4309108;17;03/04/2019 08:05:00;Strada Urbana;LUNGOTEVERE GUGLIELMO OBERDAN;all'intersezione con;PIAZZA DEL FANTE;PIAZZA DEL FANTE;;;Tamponamento;Incrocio;Una carreggiata a doppio senso;Asciutto;Asfaltata;Verticale ed orizzontale;Nuvoloso;Normale;Buona;Ore Diurne;1;0;0;3;12.468;41.9212;-1;2;Ciclomotore;In marcia / fermata / arresto;Conducente;F;Rimandato;0;NON DECEDUTO;;
4309113;12;04/04/2019 08:10:00;Strada Urbana;VIALE DELLA GRANDE MURAGLIA;in prossimità;;del civico n.;37;;Scontro laterale fra veicoli in marcia;Curva a visuale libera;Due carreggiate;Asciutto;Asfaltata;Verticale;Nuvoloso;Normale;Buona;Ore Diurne;0;0;0;3;12.4555;41.8211;-1;1;Autovettura privata;In marcia / fermata / arresto;Conducente;M;Illeso;0;;Non accertato;Inesploso
4309113;12;04/04/2019 08:10:00;Strada Urbana;VIALE DELLA GRANDE MURAGLIA;in prossimità;;del civico n.;37;;Scontro laterale fra veicoli in marcia;Curva a visuale libera;Due carreggiate;Asciutto;Asfaltata;Verticale;Nuvoloso;Normale;Buona;Ore Diurne;0;0;0;3;12.4555;41.8211;-1;2;Autovettura privata;In marcia / fermata / arresto;Conducente;F;Illeso;0;;Non accertato;Inesploso
4309113;12;04/04/2019 08:10:00;Strada Urbana;VIALE DELLA GRANDE MURAGLIA;in prossimità;;del civico n.;37;;Scontro laterale fra veicoli in marcia;Curva a visuale libera;Due carreggiate;Asciutto;Asfaltata;Verticale;Nuvoloso;Normale;Buona;Ore Diurne;0;0;0;3;12.4555;41.8211;-1;2;Autovettura privata;In marcia / fermata / arresto;Passeggero;F;Illeso;0;;Non accertato;Inesploso
4309139;16;03/04/2019 18:45:00;;VIA DI BRAVETTA;in corrispondenza;;del civico n.;772;;Veicolo in marcia contro veicolo arresto;;;;;;;;;;0;0;0;3;12.423;41.8674;0;1;Autovettura privata;In marcia / fermata / arresto;Conducente;M;Illeso;0;;;
4309139;16;03/04/2019 18:45:00;;VIA DI BRAVETTA;in corrispondenza;;del civico n.;772;;Veicolo in marcia contro veicolo arresto;;;;;;;;;;0;0;0;3;12.423;41.8674;0;2;Autocarro inferiore 35 q.;In marcia / fermata / arresto;Conducente;M;Illeso;0;;;
4309139;16;03/04/2019 18:45:00;;VIA DI BRAVETTA;in corrispondenza;;del civico n.;772;;Veicolo in marcia contro veicolo arresto;;;;;;;;;;0;0;0;3;12.423;41.8674;0;2;Autocarro inferiore 35 q.;In marcia / fermata / arresto;Passeggero;M;Illeso;0;;;
4309177;17;03/04/2019 17:30:00;Strada Urbana;VIA DEI ROBILANT;in prossimità;;del civico n.;3;;Veicolo in marcia contro veicolo in sosta;Curva a visuale libera;Due carreggiate;Asciutto;Asfaltata;Verticale ed orizzontale;Nuvoloso;Normale;Sufficiente;Sufficiente;0;0;0;1;12.4643;41.936;0;1;Autovettura privata;Sosta;;;;;;;