Protocollo;Gruppo;DataOraIncidente;Localizzazione1;STRADA1;Localizzazione2;STRADA2;Strada02;Chilometrica;DaSpecificare;NaturaIncidente;particolaritastrade;TipoStrada;FondoStradale;Pavimentazione;Segnaletica;CondizioneAtmosferica;Traffico;Visibilita;Illuminazione;NUM_FERITI;NUM_RISERVATA;NUM_MORTI;NUM_ILLESI;Longitudine;Latitudine;Confermato;Progressivo;TipoVeicolo;StatoVeicolo;TipoPersona;Sesso;Tipolesione;Deceduto;DecedutoDopo;CinturaCascoUtilizzato;Airbag;
4309177;17;03/04/2019 17:30:00;Strada Urbana;VIA DEI ROBILANT;in prossimità;;del civico n.;3;;Veicolo in marcia contro veicolo in sosta;Curva a visuale libera;Due carreggiate;Asciutto;Asfaltata;Verticale ed orizzontale;Nuvoloso;Normale;Sufficiente;Sufficiente;0;0;0;1;12.4643;41.936;0;2;Autovettura privata;In marcia / fermata / arresto;Conducente;M;Illeso;0;;;
4309182;16;03/04/2019 15:20:00;;VIA VINCENZO USSANI;da specificare;;;;altezza civico n.68;Veicolo in marcia contro veicolo in sosta;;;;;;;;;;0;0;0;3;12.4414;41.8595;0;1;Autovettura privata;In marcia / fermata / arresto;Conducente;M;Illeso;0;;;
4309182;16;03/04/2019 15:20:00;;VIA VINCENZO USSANI;da specificare;;;;altezza civico n.68;Veicolo in marcia contro veicolo in sosta;;;;;;;;;;0;0;0;3;12.4414;41.8595;0;1;Autovettura privata;In marcia / fermata / arresto;Passeggero;M;Illeso;0;;;
4309182;16;03/04/2019 15:20:00;;VIA VINCENZO USSANI;da specificare;;;;altezza civico n.68;Veicolo in marcia contro veicolo in sosta;;;;;;;;;;0;0;0;3;12.4414;41.8595;0;2;Autovettura privata;In marcia / fermata / arresto;Conducente;M;Illeso;0;;;
4309191;7;03/04/2019 22:45:00;Strada Urbana;VIA DEI LICHENI;in corrispondenza;;del civico n.;9;;Veicolo in marcia contro veicoli in sosta;Rettilineo;Una carreggiata a senso unico di marcia;Asciutto;Asfaltata;Verticale;Sereno;Scarso;Buona;Sufficiente;0;0;0;0;12.5694;41.8767;-1;1;Autocarro inferiore 35 q.;In marcia / fermata / arresto;;;;;;;
4309191;7;03/04/2019 22:45:00;Strada Urbana;VIA DEI LICHENI;in corrispondenza;;del civico n.;9;;Veicolo in marcia contro veicoli in sosta;Rettilineo;Una carreggiata a senso unico di marcia;Asciutto;Asfaltata;Verticale;Sereno;Scarso;Buona;Sufficiente;0;0;0;0;12.5694;41.8767;-1;2;Autovettura privata;Sosta;;;;;;;
4309191;7;03/04/2019 22:45:00;Strada Urbana;VIA DEI LICHENI;in corrispondenza;;del civico n.;9;;Veicolo in marcia contro veicoli in sosta;Rettilineo;Una carreggiata a senso unico di marcia;Asciutto;Asfaltata;Verticale;Sereno;Scarso;Buona;Sufficiente;0;0;0;0;12.5694;41.8767;-1;3;Autovettura privata;Sosta;;;;;;;
4309191;7;03/04/2019 22:45:00;Strada Urbana;VIA DEI LICHENI;in corrispondenza;;del civico n.;9;;Veicolo in marcia contro veicoli in sosta;Rettilineo;Una carreggiata a senso unico di marcia;Asciutto;Asfaltata;Verticale;Sereno;Scarso;Buona;Sufficiente;0;0;0;0;12.5694;41.8767;-1;4;Autovettura privata;Sosta;;;;;;;
4309191;7;03/04/2019 22:45:00;Strada Urbana;VIA DEI LICHENI;in corrispondenza;;del civico n.;9;;Veicolo in marcia contro veicoli in sosta;Rettilineo;Una carreggiata a senso unico di marcia;Asciutto;Asfaltata;Verticale;Sereno;Scarso;Buona;Sufficiente;0;0;0;0;12.5694;41.8767;-1;5;Autovettura privata;Sosta;;;;;;;
4309191;7;03/04/2019 22:45:00;Strada Urbana;VIA DEI LICHENI;in corrispondenza;;del civico n.;9;;Veicolo in marcia contro veicoli in sosta;Rettilineo;Una carreggiata a senso unico di marcia;Asciutto;Asfaltata;Verticale;Sereno;Scarso;Buona;Sufficiente;0;0;0;0;12.5694;41.8767;-1;6;Autovettura privata;Sosta;;;;;;;
4309191;7;03/04/2019 22:45:00;Strada Urbana;VIA DEI LICHENI;in corrispondenza;;del civico n.;9;;Veicolo in marcia contro veicoli in sosta;Rettilineo;Una carreggiata a senso unico di marcia;Asciutto;Asfaltata;Verticale;Sereno;Scarso;Buona;Sufficiente;0;0;0;0;12.5694;41.8767;-1;7;Autovettura privata;Sosta;;;;;;;
4309191;7;03/04/2019 22:45:00;Strada Urbana;VIA DEI LICHENI;in corrispondenza;;del civico n.;9;;Veicolo in marcia contro veicoli in sosta;Rettilineo;Una carreggiata a senso unico di marcia;Asciutto;Asfaltata;Verticale;Sereno;Scarso;Buona;Sufficiente;0;0;0;0;12.5694;41.8767;-1;8;Autovettura privata;Sosta;;;;;;;
4309191;7;03/04/2019 22:45:00;Strada Urbana;VIA DEI LICHENI;in corrispondenza;;del civico n.;9;;Veicolo in marcia contro veicoli in sosta;Rettilineo;Una carreggiata a senso unico di marcia;Asciutto;Asfaltata;Verticale;Sereno;Scarso;Buona;Sufficiente;0;0;0;0;12.5694;41.8767;-1;9;Autovettura privata;Sosta;;;;;;;
4309191;7;03/04/2019 22:45:00;Strada Urbana;VIA DEI LICHENI;in corrispondenza;;del civico n.;9;;Veicolo in marcia contro veicoli in sosta;Rettilineo;Una carreggiata a senso unico di marcia;Asciutto;Asfaltata;Verticale;Sereno;Scarso;Buona;Sufficiente;0;0;0;0;12.5694;41.8767;-1;10;Autovettura privata;Sosta;;;;;;;
4309191;7;03/04/2019 22:45:00;Strada Urbana;VIA DEI LICHENI;in corrispondenza;;del civico n.;9;;Veicolo in marcia contro veicoli in sosta;Rettilineo;Una carreggiata a senso unico di marcia;Asciutto;Asfaltata;Verticale;Sereno;Scarso;Buona;Sufficiente;0;0;0;0;12.5694;41.8767;-1;11;Autovettura privata;Sosta;;;;;;;
4309213;17;03/04/2019 23:20:00;Strada Urbana;VIA VIRGINIO ORSINI;all'intersezione con;VIA DEGLI SCIPIONI;VIA DEGLI SCIPIONI;;;Scontro frontale/laterale DX fra veicoli in marcia;Intersezione stradale segnalata;Una carreggiata a senso unico di marcia;Asciutto;Asfaltata;Verticale ed orizzontale;Nuvoloso;Scarso;Sufficiente;Sufficiente;0;0;0;3;12.4694;41.9106;-1;1;Autovettura privata;In marcia / fermata / arresto;Conducente;F;Illeso;0;;;
4309213;17;03/04/2019 23:20:00;Strada Urbana;VIA VIRGINIO ORSINI;all'intersezione con;VIA DEGLI SCIPIONI;VIA DEGLI SCIPIONI;;;Scontro frontale/laterale DX fra veicoli in marcia;Intersezione stradale segnalata;Una carreggiata a senso unico di marcia;Asciutto;Asfaltata;Verticale ed orizzontale;Nuvoloso;Scarso;Sufficiente;Sufficiente;0;0;0;3;12.4694;41.9106;-1;2;Autovettura privata;In marcia / fermata / arresto;Conducente;M;Illeso;0;;;
4309213;17;03/04/2019 23:20:00;Strada Urbana;VIA VIRGINIO ORSINI;all'intersezione con;VIA DEGLI SCIPIONI;VIA DEGLI SCIPIONI;;;Scontro frontale/laterale DX fra veicoli in marcia;Intersezione stradale segnalata;Una carreggiata a senso unico di marcia;Asciutto;Asfaltata;Verticale ed orizzontale;Nuvoloso;Scarso;Sufficiente;Sufficiente;0;0;0;3;12.4694;41.9106;-1;2;Autovettura privata;In marcia / fermata / arresto;Passeggero;M;Illeso;0;;;
4309220;16;03/04/2019 13:20:00;Strada Urbana;PIAZZA S. GIOVANNI DI DIO;da specificare;;;;interno area mercato lato via Ghislieri;Veicolo in marcia contro veicolo arresto;Pianeggiante;Una carreggiata a senso unico di marcia;Asciutto;Asfaltata;Verticale;Nuvoloso;Normale;Buona;Ore Diurne;0;0;0;4;12.4467;41.8744;-1;1;Autovettura privata;In marcia / fermata / arresto;Conducente;F;Illeso;0;;Non accertato;Inesploso
4309220;16;03/04/2019 13:20:00;Strada Urbana;PIAZZA S. GIOVANNI DI DIO;da specificare;;;;interno area mercato lato via Ghislieri;Veicolo in marcia contro veicolo arresto;Pianeggiante;Una carreggiata a senso unico di marcia;Asciutto;Asfaltata;Verticale;Nuvoloso;Normale;Buona;Ore Diurne;0;0;0;4;12.4467;41.8744;-1;1;Autovettura privata;In marcia / fermata / arresto;Passeggero;M;Illeso;0;;Non accertato;Inesploso
4309220;16;03/04/2019 13:20:00;Strada Urbana;PIAZZA S. GIOVANNI DI DIO;da specificare;;;;interno area mercato lato via Ghislieri;Veicolo in marcia contro veicolo arresto;Pianeggiante;Una carreggiata a senso unico di marcia;Asciutto;Asfaltata;Verticale;Nuvoloso;Normale;Buona;Ore Diurne;0;0;0;4;12.4467;41.8744;-1;2;Autovettura privata;In marcia / fermata / arresto;Conducente;M;Illeso;0;;Non accertato;Inesploso
4309220;16;03/04/2019 13:20:00;Strada Urbana;PIAZZA S. GIOVANNI DI DIO;da specificare;;;;interno area mercato lato via Ghislieri;Veicolo in marcia contro veicolo arresto;Pianeggiante;Una carreggiata a senso unico di marcia;Asciutto;Asfaltata;Verticale;Nuvoloso;Normale;Buona;Ore Diurne;0;0;0;4;12.4467;41.8744;-1;2;Autovettura privata;In marcia / fermata / arresto;Passeggero;F;Illeso;0;;Non accertato;Inesploso
4309294;1;04/04/2019 10:00:00;Strada Urbana;VIALE MARCO POLO;in prossimità;;del palo luce n.;99;;Scontro laterale fra veicoli in marcia;Rettilineo;Una carreggiata a senso unico di marcia;Asciutto;Asfaltata;Orizzontale;Nuvoloso;Normale;Buona;Ore Diurne;0;0;0;2;12.4893;41.8728;-1;1;Autovettura privata;In marcia / fermata / arresto;Conducente;M;Illeso;0;;Non accertato;
4309294;1;04/04/2019 10:00:00;Strada Urbana;VIALE MARCO POLO;in prossimità;;del palo luce n.;99;;Scontro laterale fra veicoli in marcia;Rettilineo;Una carreggiata a senso unico di marcia;Asciutto;Asfaltata;Orizzontale;Nuvoloso;Normale;Buona;Ore Diurne;0;0;0;2;12.4893;41.8728;-1;2;Motociclo a solo;In marcia / fermata / arresto;Conducente;M;Illeso;0;;Non accertato;
4309335;2;03/04/2019 06:44:00;Strada Urbana;VIA FELICIANO SCARPELLINI;in prossimità;;del civico n.;20/24;;Veicolo in marcia contro ostacolo fisso;Curva a visuale libera;Una carreggiata a senso unico di marcia;Asciutto;Asfaltata;Verticale ed orizzontale;Sereno;Scarso;Buona;Sufficiente;0;0;0;1;12.4785;41.9232;-1;1;Autocarro superiore 35 q.;In marcia / fermata / arresto;Conducente;M;Illeso;0;;Non accertato;Inesploso
4309352;2;03/04/2019 08:30:00;Strada Urbana;VIA DOMENICO CHELINI;in prossimità;;del civico n.;5;;Scontro frontale/laterale SX fra veicoli in marcia;Rettilineo;Una carreggiata a doppio senso;Asciutto;Asfaltata;Orizzontale;Nuvoloso;Normale;Buona;Ore Diurne;1;0;0;1;12.4833;41.9253;-1;1;Autovettura privata;In marcia / fermata / arresto;Conducente;F;Illeso;0;;;
4309352;2;03/04/2019 08:30:00;Strada Urbana;VIA DOMENICO CHELINI;in prossimità;;del civico n.;5;;Scontro frontale/laterale SX fra veicoli in marcia;Rettilineo;Una carreggiata a doppio senso;Asciutto;Asfaltata;Orizzontale;Nuvoloso;Normale;Buona;Ore Diurne;1;0;0;1;12.4833;41.9253;-1;2;Motociclo a solo;In marcia / fermata / arresto;Conducente;M;Rimandato;0;NON DECEDUTO;;
4309361;1;04/04/2019 07:40:00;Strada Urbana;VIA TOSCANA;all'intersezione con;VIA SARDEGNA;VIA SARDEGNA;;;Scontro frontale/laterale DX fra veicoli in marcia;Incrocio;Una carreggiata a senso unico di marcia;Asciutto;Asfaltata;Verticale ed orizzontale;Nuvoloso;Scarso;Buona;Ore Diurne;2;0;0;0;12.4914;41.9091;-1;1;Autovettura pubblica;In marcia / fermata / arresto;Conducente;M;Rifiuta cure immediate;0;NON DECEDUTO;Non accertato;
4309361;1;04/04/2019 07:40:00;Strada Urbana;VIA TOSCANA;all'intersezione con;VIA SARDEGNA;VIA SARDEGNA;;;Scontro frontale/laterale DX fra veicoli in marcia;Incrocio;Una carreggiata a senso unico di marcia;Asciutto;Asfaltata;Verticale ed orizzontale;Nuvoloso;Scarso;Buona;Ore Diurne;2;0;0;0;12.4914;41.9091;-1;2;Autovettura privata;In marcia / fermata / arresto;Conducente;M;Rifiuta cure immediate;0;NON DECEDUTO;Non accertato;
4309361;1;04/04/2019 07:40:00;Strada Urbana;VIA TOSCANA;all'intersezione con;VIA SARDEGNA;VIA SARDEGNA;;;Scontro frontale/laterale DX fra veicoli in marcia;Incrocio;Una carreggiata a senso unico di marcia;Asciutto;Asfaltata;Verticale ed orizzontale;Nuvoloso;Scarso;Buona;Ore Diurne;2;0;0;0;12.4914;41.9091;-1;3;Autovettura privata;Sosta;;;;;;;
4309363;17;03/04/2019 14:50:00;Strada Urbana;VIA ANGELO EMO;in prossimità;;del civico n.;11;;Scontro laterale fra veicoli in marcia;Rettilineo;Due carreggiate;Asciutto;Asfaltata;Verticale ed orizzontale;Nuvoloso;Normale;Buona;Ore Diurne;0;0;0;2;12.4492;41.9065;-1;1;Autovettura privata;In marcia / fermata / arresto;Conducente;M;Illeso;0;;;
4309363;17;03/04/2019 14:50:00;Strada Urbana;VIA ANGELO EMO;in prossimità;;del civico n.;11;;Scontro laterale fra veicoli in marcia;Rettilineo;Due carreggiate;Asciutto;Asfaltata;Verticale ed orizzontale;Nuvoloso;Normale;Buona;Ore Diurne;0;0;0;2;12.4492;41.9065;-1;2;Ciclomotore;In marcia / fermata / arresto;Conducente;M;Illeso;0;;;
4309378;2;03/04/2019 12:00:00;Strada Urbana;VIA NOMENTANA;in prossimità;;del civico n.;184;;Scontro laterale fra veicoli in marcia;Rettilineo;Una carreggiata a doppio senso;Asciutto;Asfaltata;Verticale ed orizzontale;Nuvoloso;Normale;Buona;Ore Diurne;0;0;0;2;12.5199;41.923;-1;1;Autovettura privata;In marcia / fermata / arresto;Conducente;M;Illeso;0;;;
4309378;2;03/04/2019 12:00:00;Strada Urbana;VIA NOMENTANA;in prossimità;;del civico n.;184;;Scontro laterale fra veicoli in marcia;Rettilineo;Una carreggiata a doppio senso;Asciutto;Asfaltata;Verticale ed orizzontale;Nuvoloso;Normale;Buona;Ore Diurne;0;0;0;2;12.5199;41.923;-1;2;Autovettura privata;In marcia / fermata / arresto;Conducente;M;Illeso;0;;;
4309448;2;03/04/2019 20:40:00;Strada Urbana;VIALE ERITREA;in prossimità;;del civico n.;134;;Scontro frontale fra veicoli in marcia;Rettilineo;Due carreggiate;Asciutto;Asfaltata;Verticale ed orizzontale;Nuvoloso;Normale;Sufficiente;Sufficiente;1;0;0;2;12.5161;41.9284;-1;1;Autovettura privata;In marcia / fermata / arresto;Conducente;M;Illeso;0;;Non accertato;Inesploso
4309448;2;03/04/2019 20:40:00;Strada Urbana;VIALE ERITREA;in prossimità;;del civico n.;134;;Scontro frontale fra veicoli in marcia;Rettilineo;Due carreggiate;Asciutto;Asfaltata;Verticale ed orizzontale;Nuvoloso;Normale;Sufficiente;Sufficiente;1;0;0;2;12.5161;41.9284;-1;1;Autovettura privata;In marcia / fermata / arresto;Passeggero;M;Illeso;0;;Non accertato;Inesploso
4309448;2;03/04/2019 20:40:00;Strada Urbana;VIALE ERITREA;in prossimità;;del civico n.;134;;Scontro frontale fra veicoli in marcia;Rettilineo;Due carreggiate;Asciutto;Asfaltata;Verticale ed orizzontale;Nuvoloso;Normale;Sufficiente;Sufficiente;1;0;0;2;12.5161;41.9284;-1;2;Motociclo a solo;In marcia / fermata / arresto;Conducente;M;Rimandato;0;NON DECEDUTO;Non accertato;
4309451;2;03/04/2019 17:40:00;Strada Urbana;VIALE ETIOPIA;in prossimità;;del civico n.;85;;Scontro frontale/laterale SX fra veicoli in marcia;Rettilineo;Due carreggiate;Asciutto;Asfaltata;Verticale ed orizzontale;Nuvoloso;Normale;Buona;Ore Diurne;0;0;0;2;12.5217;41.9326;-1;1;Autovettura privata;In marcia / fermata / arresto;Conducente;M;Illeso;0;;Non accertato;Inesploso
4309451;2;03/04/2019 17:40:00;Strada Urbana;VIALE ETIOPIA;in prossimità;;del civico n.;85;;Scontro frontale/laterale SX fra veicoli in marcia;Rettilineo;Due carreggiate;Asciutto;Asfaltata;Verticale ed orizzontale;Nuvoloso;Normale;Buona;Ore Diurne;0;0;0;2;12.5217;41.9326;-1;2;Autobus urbano;In marcia / fermata / arresto;Conducente;M;Illeso;0;;Non accertato;Inesploso
4309455;12;03/04/2019 07:35:00;Strada Urbana;PIAZZALE DINO VIOLA;all'intersezione con;VIA DI TRIGORIA;VIA DI TRIGORIA;;;Scontro laterale fra veicoli in marcia;Incrocio;Una carreggiata a doppio senso;Asciutto;Asfaltata;Verticale ed orizzontale;Nuvoloso;Normale;Buona;Ore Diurne;0;0;0;5;12.4667;41.7488;-1;1;Autovettura privata;In marcia / fermata / arresto;Conducente;F;Illeso;0;;;
4309455;12;03/04/2019 07:35:00;Strada Urbana;PIAZZALE DINO VIOLA;all'intersezione con;VIA DI TRIGORIA;VIA DI TRIGORIA;;;Scontro laterale fra veicoli in marcia;Incrocio;Una carreggiata a doppio senso;Asciutto;Asfaltata;Verticale ed orizzontale;Nuvoloso;Normale;Buona;Ore Diurne;0;0;0;5;12.4667;41.7488;-1;1;Autovettura privata;In marcia / fermata / arresto;Passeggero;M;Illeso;0;;Utilizzato;Inesploso
4309455;12;03/04/2019 07:35:00;Strada Urbana;PIAZZALE DINO VIOLA;all'intersezione con;VIA DI TRIGORIA;VIA DI TRIGORIA;;;Scontro laterale fra veicoli in marcia;Incrocio;Una carreggiata a doppio senso;Asciutto;Asfaltata;Verticale ed orizzontale;Nuvoloso;Normale;Buona;Ore Diurne;0;0;0;5;12.4667;41.7488;-1;2;Altro;In marcia / fermata / arresto;Conducente;M;Illeso;0;;;
4309455;12;03/04/2019 07:35:00;Strada Urbana;PIAZZALE DINO VIOLA;all'intersezione con;VIA DI TRIGORIA;VIA DI TRIGORIA;;;Scontro laterale fra veicoli in marcia;Incrocio;Una carreggiata a doppio senso;Asciutto;Asfaltata;Verticale ed orizzontale;Nuvoloso;Normale;Buona;Ore Diurne;0;0;0;5;12.4667;41.7488;-1;2;Altro;In marcia / fermata / arresto;Passeggero;F;Illeso;0;;Utilizzato;
4309458;2;03/04/2019 18:05:00;Strada Urbana;VIA DEI CAMPI SPORTIVI;da specificare;;;;altezza Via Enrico Elia;Tamponamento;Rettilineo;Una carreggiata a senso unico di marcia;Asciutto;Asfaltata;Verticale ed orizzontale;Sereno;Normale;Buona;Ore Diurne;0;0;0;1;12.4855;41.9313;-1;1;Motociclo a solo;In marcia / fermata / arresto;Conducente;M;Illeso;0;;;
4309458;2;03/04/2019 18:05:00;Strada Urbana;VIA DEI CAMPI SPORTIVI;da specificare;;;;altezza Via Enrico Elia;Tamponamento;Rettilineo;Una carreggiata a senso unico di marcia;Asciutto;Asfaltata;Verticale ed orizzontale;Sereno;Normale;Buona;Ore Diurne;0;0;0;1;12.4855;41.9313;-1;2;Autovettura privata;In marcia / fermata / arresto;;;;;;;
4309499;1;04/04/2019 08:30:00;Strada Urbana;PONTE GARIBALDI;all'intersezione semaforizzata con;LUNGOTEVERE DE' CENCI;LUNGOTEVERE DE' CENCI;;;Scontro laterale fra veicoli in marcia;Intersezione semaforizzata;Una carreggiata a senso unico di marcia;Asciutto;Asfaltata;Verticale ed orizzontale;Nuvoloso;Normale;Buona;Ore Diurne;0;0;0;2;12.4744;41.8911;-1;1;Autovettura privata;In marcia / fermata / arresto;Conducente;F;Illeso;0;;Non accertato;Inesploso
4309499;1;04/04/2019 08:30:00;Strada Urbana;PONTE GARIBALDI;all'intersezione semaforizzata con;LUNGOTEVERE DE' CENCI;LUNGOTEVERE DE' CENCI;;;Scontro laterale fra veicoli in marcia;Intersezione semaforizzata;Una carreggiata a senso unico di marcia;Asciutto;Asfaltata;Verticale ed orizzontale;Nuvoloso;Normale;Buona;Ore Diurne;0;0;0;2;12.4744;41.8911;-1;2;Motociclo a solo;In marcia / fermata / arresto;Conducente;M;Illeso;0;;Non accertato;
4309511;1;04/04/2019 10:45:00;Strada Urbana;PASSEGGIATA DEL GIANICOLO;in prossimità;;del civico n.;9;;Veicolo in marcia contro ostacolo accidentale;Curva a visuale libera;Una carreggiata a doppio senso;Asciutto;Asfaltata;Verticale ed orizzontale;Nuvoloso;Normale;Buona;Ore Diurne;0;0;0;3;12.4606;41.8941;-1;1;Autovettura privata;In marcia / fermata / arresto;Conducente;M;Illeso;0;;Non accertato;Inesploso
4309511;1;04/04/2019 10:45:00;Strada Urbana;PASSEGGIATA DEL GIANICOLO;in prossimità;;del civico n.;9;;Veicolo in marcia contro ostacolo accidentale;Curva a visuale libera;Una carreggiata a doppio senso;Asciutto;Asfaltata;Verticale ed orizzontale;Nuvoloso;Normale;Buona;Ore Diurne;0;0;0;3;12.4606;41.8941;-1;1;Autovettura privata;In marcia / fermata / arresto;Passeggero;M;Illeso;0;;Non accertato;Inesploso
4309511;1;04/04/2019 10:45:00;Strada Urbana;PASSEGGIATA DEL GIANICOLO;in prossimità;;del civico n.;9;;Veicolo in marcia contro ostacolo accidentale;Curva a visuale libera;Una carreggiata a doppio senso;Asciutto;Asfaltata;Verticale ed orizzontale;Nuvoloso;Normale;Buona;Ore Diurne;0;0;0;3;12.4606;41.8941;-1;1;Autovettura privata;In marcia / fermata / arresto;Passeggero;M;Illeso;0;;Non accertato;Inesploso
4309512;10;04/04/2019 13:05:00;Strada Urbana;VIA LUCIO MARIO PERPETUO;all'intersezione con;VIA DEL QUADRARETTO;VIA DEL QUADRARETTO;;;Scontro laterale fra veicoli in marcia;Intersezione stradale segnalata;Una carreggiata a doppio senso;Bagnato (pioggia);Asfaltata;Verticale ed orizzontale;Nuvoloso;Normale;Sufficiente;Ore Diurne;0;0;0;2;12.5454;41.8631;-1;1;Autovettura privata;In marcia / fermata / arresto;Conducente;M;Illeso;0;;Non accertato;Inesploso
4309512;10;04/04/2019 13:05:00;Strada Urbana;VIA LUCIO MARIO PERPETUO;all'intersezione con;VIA DEL QUADRARETTO;VIA DEL QUADRARETTO;;;Scontro laterale fra veicoli in marcia;Intersezione stradale segnalata;Una carreggiata a doppio senso;Bagnato (pioggia);Asfaltata;Verticale ed orizzontale;Nuvoloso;Normale;Sufficiente;Ore Diurne;0;0;0;2;12.5454;41.8631;-1;2;Autovettura privata;In marcia / fermata / arresto;Conducente;M;Illeso;0;;Non accertato;Inesploso
4309725;17;04/04/2019 07:15:00;Strada Urbana;VIA TRIONFALE;all'intersezione con;VIA S. TOMMASO D'AQUINO;VIA S. TOMMASO D'AQUINO;;;Scontro laterale fra veicoli in marcia;Incrocio;Una carreggiata a doppio senso;Asciutto;Asfaltata;Verticale ed orizzontale;Nuvoloso;Normale;Sufficiente;Ore Diurne;1;0;0;1;12.4505;41.9144;-1;1;Autovettura privata;In marcia / fermata / arresto;Conducente;M;Illeso;0;;;
4309725;17;04/04/2019 07:15:00;Strada Urbana;VIA TRIONFALE;all'intersezione con;VIA S. TOMMASO D'AQUINO;VIA S. TOMMASO D'AQUINO;;;Scontro laterale fra veicoli in marcia;Incrocio;Una carreggiata a doppio senso;Asciutto;Asfaltata;Verticale ed orizzontale;Nuvoloso;Normale;Sufficiente;Ore Diurne;1;0;0;1;12.4505;41.9144;-1;2;Motociclo con passeggero;In marcia / fermata / arresto;Conducente;M;Rimandato;0;NON DECEDUTO;;
4309725;17;04/04/2019 07:15:00;Strada Urbana;VIA TRIONFALE;all'intersezione con;VIA S. TOMMASO D'AQUINO;VIA S. TOMMASO D'AQUINO;;;Scontro laterale fra veicoli in marcia;Incrocio;Una carreggiata a doppio senso;Asciutto;Asfaltata;Verticale ed orizzontale;Nuvoloso;Normale;Sufficiente;Ore Diurne;1;0;0;1;12.4505;41.9144;-1;3;Autovettura privata;Sosta;;;;;;;
4309741;11;04/04/2019 14:00:00;Strada Urbana;VIA OSTIENSE;all'intersezione semaforizzata con;PIAZZA DEL GAZOMETRO;PIAZZA DEL GAZOMETRO;;;Scontro frontale/laterale SX fra veicoli in marcia;Intersezione semaforizzata;Più di due carreggiate;Bagnato (pioggia);Asfaltata;Verticale ed orizzontale;Pioggia in atto;Normale;Buona;Ore Diurne;3;0;0;2;12.4796;41.8701;-1;1;Autovettura pubblica;In marcia / fermata / arresto;Conducente;F;Illeso;0;;Non accertato;Inesploso
4309741;11;04/04/2019 14:00:00;Strada Urbana;VIA OSTIENSE;all'intersezione semaforizzata con;PIAZZA DEL GAZOMETRO;PIAZZA DEL GAZOMETRO;;;Scontro frontale/laterale SX fra veicoli in marcia;Intersezione semaforizzata;Più di due carreggiate;Bagnato (pioggia);Asfaltata;Verticale ed orizzontale;Pioggia in atto;Normale;Buona;Ore Diurne;3;0;0;2;12.4796;41.8701;-1;1;Autovettura pubblica;In marcia / fermata / arresto;Passeggero;M;Illeso;0;;Non accertato;Inesploso
4309741;11;04/04/2019 14:00:00;Strada Urbana;VIA OSTIENSE;all'intersezione semaforizzata con;PIAZZA DEL GAZOMETRO;PIAZZA DEL GAZOMETRO;;;Scontro frontale/laterale SX fra veicoli in marcia;Intersezione semaforizzata;Più di due carreggiate;Bagnato (pioggia);Asfaltata;Verticale ed orizzontale;Pioggia in atto;Normale;Buona;Ore Diurne;3;0;0;2;12.4796;41.8701;-1;2;Autovettura privata;In marcia / fermata / arresto;Conducente;M;Rimandato;0;NON DECEDUTO;Non accertato;Inesploso
4309741;11;04/04/2019 14:00:00;Strada Urbana;VIA OSTIENSE;all'intersezione semaforizzata con;PIAZZA DEL GAZOMETRO;PIAZZA DEL GAZOMETRO;;;Scontro frontale/laterale SX fra veicoli in marcia;Intersezione semaforizzata;Più di due carreggiate;Bagnato (pioggia);Asfaltata;Verticale ed orizzontale;Pioggia in atto;Normale;Buona;Ore Diurne;3;0;0;2;12.4796;41.8701;-1;2;Autovettura privata;In marcia / fermata / arresto;Passeggero;M;Rimandato;0;NON DECEDUTO;;
4309741;11;04/04/2019 14:00:00;Strada Urbana;VIA OSTIENSE;all'intersezione semaforizzata con;PIAZZA DEL GAZOMETRO;PIAZZA DEL GAZOMETRO;;;Scontro frontale/laterale SX fra veicoli in marcia;Intersezione semaforizzata;Più di due carreggiate;Bagnato (pioggia);Asfaltata;Verticale ed orizzontale;Pioggia in atto;Normale;Buona;Ore Diurne;3;0;0;2;12.4796;41.8701;-1;2;Autovettura privata;In marcia / fermata / arresto;Passeggero;M;Rimandato;0;NON DECEDUTO;Non accertato;
4309749;10;04/04/2019 15:00:00;Strada Urbana;VIA FABRIZIO LUSCINO;in prossimità;;del civico n.;11;;Veicolo in marcia contro veicoli in sosta;Rettilineo;Una carreggiata a senso unico di marcia;Bagnato (pioggia);Asfaltata;Verticale ed orizzontale;Pioggia in atto;Normale;Buona;Ore Diurne;0;0;0;1;12.5547;41.8566;-1;1;Autovettura privata;In marcia / fermata / arresto;Conducente;F;Illeso;0;;Non accertato;Inesistente
4309749;10;04/04/2019 15:00:00;Strada Urbana;VIA FABRIZIO LUSCINO;in prossimità;;del civico n.;11;;Veicolo in marcia contro veicoli in sosta;Rettilineo;Una carreggiata a senso unico di marcia;Bagnato (pioggia);Asfaltata;Verticale ed orizzontale;Pioggia in atto;Normale;Buona;Ore Diurne;0;0;0;1;12.5547;41.8566;-1;2;Autovettura privata;Sosta;;;;;;;
4309749;10;04/04/2019 15:00:00;Strada Urbana;VIA FABRIZIO LUSCINO;in prossimità;;del civico n.;11;;Veicolo in marcia contro veicoli in sosta;Rettilineo;Una carreggiata a senso unico di marcia;Bagnato (pioggia);Asfaltata;Verticale ed orizzontale;Pioggia in atto;Normale;Buona;Ore Diurne;0;0;0;1;12.5547;41.8566;-1;3;Autovettura privata;Sosta;;;;;;;