Protocollo;Gruppo;DataOraIncidente;Localizzazione1;STRADA1;Localizzazione2;STRADA2;Strada02;Chilometrica;DaSpecificare;NaturaIncidente;particolaritastrade;TipoStrada;FondoStradale;Pavimentazione;Segnaletica;CondizioneAtmosferica;Traffico;Visibilita;Illuminazione;NUM_FERITI;NUM_RISERVATA;NUM_MORTI;NUM_ILLESI;Longitudine;Latitudine;Confermato;Progressivo;TipoVeicolo;StatoVeicolo;TipoPersona;Sesso;Tipolesione;Deceduto;DecedutoDopo;CinturaCascoUtilizzato;Airbag;
4320239;9;10/04/2019 10:40:00;Strada Urbana;VIA TUSCOLANA;all'intersezione con;VIA PATRICA;VIA PATRICA;;;Scontro frontale/laterale DX fra veicoli in marcia;Incrocio;Una carreggiata a senso unico di marcia;Bagnato (pioggia);Asfaltata;Verticale ed orizzontale;Pioggia in atto;Intenso;Buona;Ore Diurne;0;0;0;2;12.5414;41.8667;-1;2;Autovettura privata;In marcia / fermata / arresto;Conducente;M;Illeso;0;;Non accertato;Inesploso
4320385;2;10/04/2019 12:30:00;Strada Urbana;VIA SERCHIO;all'intersezione con;VIA CLITUNNO;VIA CLITUNNO;;;Scontro frontale/laterale DX fra veicoli in marcia;Incrocio;Una carreggiata a doppio senso;Asciutto;Asfaltata;Verticale ed orizzontale;Nuvoloso;Normale;Sufficiente;Ore Diurne;0;0;0;3;12.5046;41.919;-1;1;Autovettura privata;In marcia / fermata / arresto;Conducente;M;Illeso;0;;Non accertato;Inesploso
4320385;2;10/04/2019 12:30:00;Strada Urbana;VIA SERCHIO;all'intersezione con;VIA CLITUNNO;VIA CLITUNNO;;;Scontro frontale/laterale DX fra veicoli in marcia;Incrocio;Una carreggiata a doppio senso;Asciutto;Asfaltata;Verticale ed orizzontale;Nuvoloso;Normale;Sufficiente;Ore Diurne;0;0;0;3;12.5046;41.919;-1;2;Autocarro inferiore 35 q.;In marcia / fermata / arresto;Conducente;M;Illeso;0;;Non accertato;Inesploso
4320385;2;10/04/2019 12:30:00;Strada Urbana;VIA SERCHIO;all'intersezione con;VIA CLITUNNO;VIA CLITUNNO;;;Scontro frontale/laterale DX fra veicoli in marcia;Incrocio;Una carreggiata a doppio senso;Asciutto;Asfaltata;Verticale ed orizzontale;Nuvoloso;Normale;Sufficiente;Ore Diurne;0;0;0;3;12.5046;41.919;-1;2;Autocarro inferiore 35 q.;In marcia / fermata / arresto;Passeggero;M;Illeso;0;;Non accertato;Inesploso
4320400;7;10/04/2019 12:45:00;Strada Urbana;VIA MOLFETTA;all'intersezione con;VIA MANFREDONIA;VIA MANFREDONIA;;;Scontro frontale/laterale SX fra veicoli in marcia;Incrocio;Una carreggiata a doppio senso;Asciutto;Asfaltata;Verticale ed orizzontale;Nuvoloso;Normale;Buona;Ore Diurne;0;0;0;3;12.5775;41.89;-1;1;Autovettura privata;In marcia / fermata / arresto;Conducente;M;Illeso;0;;Non accertato;Inesploso
4320400;7;10/04/2019 12:45:00;Strada Urbana;VIA MOLFETTA;all'intersezione con;VIA MANFREDONIA;VIA MANFREDONIA;;;Scontro frontale/laterale SX fra veicoli in marcia;Incrocio;Una carreggiata a doppio senso;Asciutto;Asfaltata;Verticale ed orizzontale;Nuvoloso;Normale;Buona;Ore Diurne;0;0;0;3;12.5775;41.89;-1;2;Autovettura privata;In marcia / fermata / arresto;Conducente;M;Illeso;0;;Non accertato;Inesploso
4320400;7;10/04/2019 12:45:00;Strada Urbana;VIA MOLFETTA;all'intersezione con;VIA MANFREDONIA;VIA MANFREDONIA;;;Scontro frontale/laterale SX fra veicoli in marcia;Incrocio;Una carreggiata a doppio senso;Asciutto;Asfaltata;Verticale ed orizzontale;Nuvoloso;Normale;Buona;Ore Diurne;0;0;0;3;12.5775;41.89;-1;2;Autovettura privata;In marcia / fermata / arresto;Passeggero;M;Illeso;0;;Non accertato;Inesploso
4320477;18;10/04/2019 08:15:00;Strada Urbana;VIA DI BOCCEA;in prossimità;;del civico n.;92;;Tamponamento;Rettilineo;Una carreggiata a senso unico di marcia;Bagnato (pioggia);Asfaltata;Verticale ed orizzontale;Pioggia in atto;Normale;Buona;Ore Diurne;1;0;0;3;12.4266;41.9016;-1;1;Autovettura privata;In marcia / fermata / arresto;Conducente;M;Illeso;0;;;
4320477;18;10/04/2019 08:15:00;Strada Urbana;VIA DI BOCCEA;in prossimità;;del civico n.;92;;Tamponamento;Rettilineo;Una carreggiata a senso unico di marcia;Bagnato (pioggia);Asfaltata;Verticale ed orizzontale;Pioggia in atto;Normale;Buona;Ore Diurne;1;0;0;3;12.4266;41.9016;-1;1;Autovettura privata;In marcia / fermata / arresto;Passeggero;F;Illeso;0;;;
4320477;18;10/04/2019 08:15:00;Strada Urbana;VIA DI BOCCEA;in prossimità;;del civico n.;92;;Tamponamento;Rettilineo;Una carreggiata a senso unico di marcia;Bagnato (pioggia);Asfaltata;Verticale ed orizzontale;Pioggia in atto;Normale;Buona;Ore Diurne;1;0;0;3;12.4266;41.9016;-1;1;Autovettura privata;In marcia / fermata / arresto;Passeggero;F;Illeso;0;;;
4320477;18;10/04/2019 08:15:00;Strada Urbana;VIA DI BOCCEA;in prossimità;;del civico n.;92;;Tamponamento;Rettilineo;Una carreggiata a senso unico di marcia;Bagnato (pioggia);Asfaltata;Verticale ed orizzontale;Pioggia in atto;Normale;Buona;Ore Diurne;1;0;0;3;12.4266;41.9016;-1;2;Autovettura privata;In marcia / fermata / arresto;Conducente;M;Rifiuta cure immediate;0;NON DECEDUTO;;
4320523;2;10/04/2019 12:30:00;Strada Urbana;VIA FLAMINIA;da specificare;;;;nei pressi di Via P.S.Mancini;Veicolo in marcia contro veicolo in sosta;Rettilineo;Una carreggiata a senso unico di marcia;Asciutto;Asfaltata;Orizzontale;Nuvoloso;Normale;Buona;Ore Diurne;0;0;0;0;12.4747;41.9145;-1;1;Autovettura privata;Sosta;;;;;;;
4320523;2;10/04/2019 12:30:00;Strada Urbana;VIA FLAMINIA;da specificare;;;;nei pressi di Via P.S.Mancini;Veicolo in marcia contro veicolo in sosta;Rettilineo;Una carreggiata a senso unico di marcia;Asciutto;Asfaltata;Orizzontale;Nuvoloso;Normale;Buona;Ore Diurne;0;0;0;0;12.4747;41.9145;-1;2;Autobus turistico;Allontanatosi;;;;;;;
4320580;18;10/04/2019 09:10:00;Strada Urbana;VIA FEDERICO GALEOTTI;all'intersezione con;VIA DI BOCCEA;VIA DI BOCCEA;;;Scontro frontale/laterale DX fra veicoli in marcia;Intersezione non regolata/non segnalata;Una carreggiata a doppio senso;Bagnato (pioggia);Asfaltata;Verticale ed orizzontale;Pioggia in atto;Intenso;Sufficiente;Ore Diurne;0;0;0;1;12.4237;41.9018;-1;1;Autovettura privata;In marcia / fermata / arresto;Conducente;M;Illeso;0;;;
4320580;18;10/04/2019 09:10:00;Strada Urbana;VIA FEDERICO GALEOTTI;all'intersezione con;VIA DI BOCCEA;VIA DI BOCCEA;;;Scontro frontale/laterale DX fra veicoli in marcia;Intersezione non regolata/non segnalata;Una carreggiata a doppio senso;Bagnato (pioggia);Asfaltata;Verticale ed orizzontale;Pioggia in atto;Intenso;Sufficiente;Ore Diurne;0;0;0;1;12.4237;41.9018;-1;2;Autovettura privata;In marcia / fermata / arresto;;;;;;;
4320627;1;10/04/2019 06:40:00;Strada Urbana;VIA GAETA;in corrispondenza;;del civico n.;46/B;;Veicolo in marcia contro veicolo in sosta;Pianeggiante;Una carreggiata a senso unico di marcia;Bagnato (umidità in atto);Asfaltata;Verticale ed orizzontale;Nuvoloso;Scarso;Sufficiente;Sufficiente;0;0;0;0;12.5009;41.9048;-1;1;Autovettura privata;Sosta;;;;;;;
4320627;1;10/04/2019 06:40:00;Strada Urbana;VIA GAETA;in corrispondenza;;del civico n.;46/B;;Veicolo in marcia contro veicolo in sosta;Pianeggiante;Una carreggiata a senso unico di marcia;Bagnato (umidità in atto);Asfaltata;Verticale ed orizzontale;Nuvoloso;Scarso;Sufficiente;Sufficiente;0;0;0;0;12.5009;41.9048;-1;2;Autovettura privata;Allontanatosi;;;;;;;
4320653;13;10/04/2019 13:40:00;Strada Urbana;VIALE CHARLES LENORMANT;da specificare;;;;alt rotatoria;Scontro frontale/laterale SX fra veicoli in marcia;Rotatoria;Due carreggiate;Asciutto;Asfaltata;Verticale;Nuvoloso;Normale;Buona;Ore Diurne;0;0;0;2;12.3293;41.7728;-1;1;Autovettura privata;In marcia / fermata / arresto;Conducente;M;Illeso;0;;Non accertato;Inesistente
4320653;13;10/04/2019 13:40:00;Strada Urbana;VIALE CHARLES LENORMANT;da specificare;;;;alt rotatoria;Scontro frontale/laterale SX fra veicoli in marcia;Rotatoria;Due carreggiate;Asciutto;Asfaltata;Verticale;Nuvoloso;Normale;Buona;Ore Diurne;0;0;0;2;12.3293;41.7728;-1;2;Autovettura privata;In marcia / fermata / arresto;Conducente;M;Illeso;0;;Non accertato;Inesploso
4320668;23;09/04/2019 14:25:00;Strada Urbana;PIAZZA DI PORTA S. GIOVANNI;all'intersezione con;VIALE CARLO FELICE;VIALE CARLO FELICE;;;Scontro laterale fra veicoli in marcia;Incrocio;Due carreggiate;Asciutto;Asfaltata;Verticale ed orizzontale;Sereno;Normale;Buona;Ore Diurne;0;0;0;3;12.5089;41.8862;-1;1;Autovettura di polizia;In marcia / fermata / arresto;Conducente;M;Illeso;0;;Non accertato;Inesploso
4320668;23;09/04/2019 14:25:00;Strada Urbana;PIAZZA DI PORTA S. GIOVANNI;all'intersezione con;VIALE CARLO FELICE;VIALE CARLO FELICE;;;Scontro laterale fra veicoli in marcia;Incrocio;Due carreggiate;Asciutto;Asfaltata;Verticale ed orizzontale;Sereno;Normale;Buona;Ore Diurne;0;0;0;3;12.5089;41.8862;-1;1;Autovettura di polizia;In marcia / fermata / arresto;Passeggero;M;Illeso;0;;Non accertato;Inesploso
4320668;23;09/04/2019 14:25:00;Strada Urbana;PIAZZA DI PORTA S. GIOVANNI;all'intersezione con;VIALE CARLO FELICE;VIALE CARLO FELICE;;;Scontro laterale fra veicoli in marcia;Incrocio;Due carreggiate;Asciutto;Asfaltata;Verticale ed orizzontale;Sereno;Normale;Buona;Ore Diurne;0;0;0;3;12.5089;41.8862;-1;2;Autovettura pubblica;In marcia / fermata / arresto;Conducente;M;Illeso;0;;Non accertato;Inesploso
4320784;17;10/04/2019 10:30:00;Strada Urbana;CIRCONVALLAZIONE CLODIA;in corrispondenza;;del civico n.;145;;Tamponamento;Rettilineo;Due carreggiate;Bagnato (pioggia);Asfaltata;Verticale ed orizzontale;Pioggia in atto;Normale;Buona;Ore Diurne;1;0;0;1;12.4573;41.9202;-1;1;Autovettura privata;In marcia / fermata / arresto;Conducente;F;Illeso;0;;;
4320784;17;10/04/2019 10:30:00;Strada Urbana;CIRCONVALLAZIONE CLODIA;in corrispondenza;;del civico n.;145;;Tamponamento;Rettilineo;Due carreggiate;Bagnato (pioggia);Asfaltata;Verticale ed orizzontale;Pioggia in atto;Normale;Buona;Ore Diurne;1;0;0;1;12.4573;41.9202;-1;2;Motociclo a solo;In marcia / fermata / arresto;Conducente;M;Rimandato;0;NON DECEDUTO;Non accertato;
4320803;7;10/04/2019 16:50:00;Strada Urbana;VIA CASILINA;in prossimità;;del civico n.;900;;Tamponamento;Rettilineo;Una carreggiata a senso unico di marcia;Asciutto;Asfaltata;Verticale ed orizzontale;Sereno;Intenso;Buona;Ore Diurne;0;0;0;2;12.5689;41.8739;-1;1;Autovettura privata;In marcia / fermata / arresto;Conducente;M;Illeso;0;;;
4320803;7;10/04/2019 16:50:00;Strada Urbana;VIA CASILINA;in prossimità;;del civico n.;900;;Tamponamento;Rettilineo;Una carreggiata a senso unico di marcia;Asciutto;Asfaltata;Verticale ed orizzontale;Sereno;Intenso;Buona;Ore Diurne;0;0;0;2;12.5689;41.8739;-1;1;Autovettura privata;In marcia / fermata / arresto;Passeggero;M;Illeso;0;;Non accertato;Inesploso
4320803;7;10/04/2019 16:50:00;Strada Urbana;VIA CASILINA;in prossimità;;del civico n.;900;;Tamponamento;Rettilineo;Una carreggiata a senso unico di marcia;Asciutto;Asfaltata;Verticale ed orizzontale;Sereno;Intenso;Buona;Ore Diurne;0;0;0;2;12.5689;41.8739;-1;2;Autovettura privata;In marcia / fermata / arresto;;;;;;;
4320848;7;10/04/2019 12:00:00;Strada Urbana;VIALE PALMIRO TOGLIATTI;in prossimità;;del civico n.;471;;Tamponamento Multiplo;Rettilineo;Due carreggiate;Bagnato (pioggia);Asfaltata;Orizzontale;Nuvoloso;Normale;Sufficiente;Ore Diurne;1;0;0;3;12.568;41.8706;-1;1;Autocarro inferiore 35 q.;In marcia / fermata / arresto;Conducente;M;Illeso;0;;;
4320848;7;10/04/2019 12:00:00;Strada Urbana;VIALE PALMIRO TOGLIATTI;in prossimità;;del civico n.;471;;Tamponamento Multiplo;Rettilineo;Due carreggiate;Bagnato (pioggia);Asfaltata;Orizzontale;Nuvoloso;Normale;Sufficiente;Ore Diurne;1;0;0;3;12.568;41.8706;-1;2;Autovettura privata;In marcia / fermata / arresto;Conducente;M;Illeso;0;;;
4320848;7;10/04/2019 12:00:00;Strada Urbana;VIALE PALMIRO TOGLIATTI;in prossimità;;del civico n.;471;;Tamponamento Multiplo;Rettilineo;Due carreggiate;Bagnato (pioggia);Asfaltata;Orizzontale;Nuvoloso;Normale;Sufficiente;Ore Diurne;1;0;0;3;12.568;41.8706;-1;3;Autovettura privata;In marcia / fermata / arresto;Conducente;M;Rimandato;0;NON DECEDUTO;Non accertato;Inesploso
4320848;7;10/04/2019 12:00:00;Strada Urbana;VIALE PALMIRO TOGLIATTI;in prossimità;;del civico n.;471;;Tamponamento Multiplo;Rettilineo;Due carreggiate;Bagnato (pioggia);Asfaltata;Orizzontale;Nuvoloso;Normale;Sufficiente;Ore Diurne;1;0;0;3;12.568;41.8706;-1;4;Autovettura privata;In marcia / fermata / arresto;Conducente;M;Illeso;0;;Non accertato;Inesploso
4320854;9;10/04/2019 15:00:00;Strada Urbana;VIA DELLA CAFFARELLETTA;in prossimità;;del civico n.;91/C;;Investimento di pedone;Rettilineo;Una carreggiata a senso unico di marcia;Asciutto;Asfaltata;Orizzontale;Nuvoloso;Normale;Buona;Ore Diurne;1;0;0;1;12.5161;41.8687;-1;;;;Pedone;M;Rimandato;0;NON DECEDUTO;;
4320854;9;10/04/2019 15:00:00;Strada Urbana;VIA DELLA CAFFARELLETTA;in prossimità;;del civico n.;91/C;;Investimento di pedone;Rettilineo;Una carreggiata a senso unico di marcia;Asciutto;Asfaltata;Orizzontale;Nuvoloso;Normale;Buona;Ore Diurne;1;0;0;1;12.5161;41.8687;-1;1;Autovettura privata;In marcia / fermata / arresto;Conducente;M;Illeso;0;;Utilizzato;Inesploso
4320887;5;10/04/2019 06:45:00;Strada Urbana;VIA DI TOR CERVARA;in prossimità;;del civico n.;140;;Scontro laterale fra veicoli in marcia;Rettilineo;Una carreggiata a doppio senso;Asciutto;Asfaltata;Verticale ed orizzontale;Nuvoloso;Normale;Buona;Ore Diurne;1;0;0;1;12.5889;41.921;-1;1;Autovettura privata;In marcia / fermata / arresto;Conducente;M;Illeso;0;;Non accertato;Inesploso
4320887;5;10/04/2019 06:45:00;Strada Urbana;VIA DI TOR CERVARA;in prossimità;;del civico n.;140;;Scontro laterale fra veicoli in marcia;Rettilineo;Una carreggiata a doppio senso;Asciutto;Asfaltata;Verticale ed orizzontale;Nuvoloso;Normale;Buona;Ore Diurne;1;0;0;1;12.5889;41.921;-1;2;Autovettura privata;In marcia / fermata / arresto;Conducente;M;Rimandato;0;NON DECEDUTO;Non accertato;Inesploso
4320893;23;09/04/2019 16:45:00;Strada Urbana;VIA DEL FRINGUELLO;all'intersezione con;VIA GIUSEPPE GINANNI;VIA GIUSEPPE GINANNI;;;Scontro frontale/laterale SX fra veicoli in marcia;Incrocio;Una carreggiata a senso unico di marcia;Asciutto;Asfaltata;Verticale;Sereno;Scarso;Buona;Ore Diurne;0;0;0;3;12.5971;41.8708;-1;1;Autovettura privata;In marcia / fermata / arresto;Conducente;M;Illeso;0;;Non accertato;Inesploso
4320893;23;09/04/2019 16:45:00;Strada Urbana;VIA DEL FRINGUELLO;all'intersezione con;VIA GIUSEPPE GINANNI;VIA GIUSEPPE GINANNI;;;Scontro frontale/laterale SX fra veicoli in marcia;Incrocio;Una carreggiata a senso unico di marcia;Asciutto;Asfaltata;Verticale;Sereno;Scarso;Buona;Ore Diurne;0;0;0;3;12.5971;41.8708;-1;1;Autovettura privata;In marcia / fermata / arresto;Passeggero;M;Illeso;0;;Utilizzato;Inesploso
4320893;23;09/04/2019 16:45:00;Strada Urbana;VIA DEL FRINGUELLO;all'intersezione con;VIA GIUSEPPE GINANNI;VIA GIUSEPPE GINANNI;;;Scontro frontale/laterale SX fra veicoli in marcia;Incrocio;Una carreggiata a senso unico di marcia;Asciutto;Asfaltata;Verticale;Sereno;Scarso;Buona;Ore Diurne;0;0;0;3;12.5971;41.8708;-1;2;Autovettura di polizia;In marcia / fermata / arresto;Conducente;M;Illeso;0;;Non utilizzato;Inesploso
4320898;5;10/04/2019 13:10:00;Strada Urbana;VIA GIUSEPPE DONATI;in prossimità;;del civico n.;47;;Veicolo in marcia contro veicolo fermo;Rettilineo;Una carreggiata a doppio senso;Asciutto;Asfaltata;Verticale ed orizzontale;Sereno;Normale;Buona;Ore Diurne;0;0;0;2;12.5493;41.9072;-1;1;Autovettura privata;In marcia / fermata / arresto;Conducente;M;Illeso;0;;Non accertato;
4320898;5;10/04/2019 13:10:00;Strada Urbana;VIA GIUSEPPE DONATI;in prossimità;;del civico n.;47;;Veicolo in marcia contro veicolo fermo;Rettilineo;Una carreggiata a doppio senso;Asciutto;Asfaltata;Verticale ed orizzontale;Sereno;Normale;Buona;Ore Diurne;0;0;0;2;12.5493;41.9072;-1;2;Autovettura privata;In marcia / fermata / arresto;Conducente;M;Illeso;0;;Non accertato;
4320920;7;10/04/2019 18:25:00;Strada Urbana;VIA PRENESTINA;all'intersezione semaforizzata con;VIALE PALMIRO TOGLIATTI;VIALE PALMIRO TOGLIATTI;;;Scontro laterale fra veicoli in marcia;Intersezione semaforizzata;Più di due carreggiate;Asciutto;Asfaltata;Verticale ed orizzontale;Sereno;Intenso;Buona;Ore Diurne;0;0;0;2;12.575;41.8948;-1;1;Autovettura privata;In marcia / fermata / arresto;Conducente;M;Illeso;0;;;
4320920;7;10/04/2019 18:25:00;Strada Urbana;VIA PRENESTINA;all'intersezione semaforizzata con;VIALE PALMIRO TOGLIATTI;VIALE PALMIRO TOGLIATTI;;;Scontro laterale fra veicoli in marcia;Intersezione semaforizzata;Più di due carreggiate;Asciutto;Asfaltata;Verticale ed orizzontale;Sereno;Intenso;Buona;Ore Diurne;0;0;0;2;12.575;41.8948;-1;2;Autocarro superiore 35 q.;In marcia / fermata / arresto;Conducente;M;Illeso;0;;;
4320933;18;10/04/2019 15:15:00;Statale;VIA AURELIA;in prossimità;;del civico n.;1054;;Scontro laterale fra veicoli in marcia;Rettilineo;Due carreggiate;Asciutto;Asfaltata;Verticale ed orizzontale;Nuvoloso;Normale;Buona;Ore Diurne;3;0;0;1;12.3791;41.8834;-1;1;Autovettura privata;In marcia / fermata / arresto;Conducente;M;Rifiuta cure immediate;0;NON DECEDUTO;Non accertato;Inesploso
4320933;18;10/04/2019 15:15:00;Statale;VIA AURELIA;in prossimità;;del civico n.;1054;;Scontro laterale fra veicoli in marcia;Rettilineo;Due carreggiate;Asciutto;Asfaltata;Verticale ed orizzontale;Nuvoloso;Normale;Buona;Ore Diurne;3;0;0;1;12.3791;41.8834;-1;2;Autovettura privata;In marcia / fermata / arresto;Conducente;M;Rifiuta cure immediate;0;NON DECEDUTO;Non accertato;Inesploso
4320933;18;10/04/2019 15:15:00;Statale;VIA AURELIA;in prossimità;;del civico n.;1054;;Scontro laterale fra veicoli in marcia;Rettilineo;Due carreggiate;Asciutto;Asfaltata;Verticale ed orizzontale;Nuvoloso;Normale;Buona;Ore Diurne;3;0;0;1;12.3791;41.8834;-1;2;Autovettura privata;In marcia / fermata / arresto;Passeggero;F;Rifiuta cure immediate;0;NON DECEDUTO;Non accertato;Inesploso
4320933;18;10/04/2019 15:15:00;Statale;VIA AURELIA;in prossimità;;del civico n.;1054;;Scontro laterale fra veicoli in marcia;Rettilineo;Due carreggiate;Asciutto;Asfaltata;Verticale ed orizzontale;Nuvoloso;Normale;Buona;Ore Diurne;3;0;0;1;12.3791;41.8834;-1;3;Autocarro superiore 35 q.;In marcia / fermata / arresto;Conducente;M;Illeso;0;;Non accertato;Inesploso
4320969;5;10/04/2019 14:50:00;Strada Urbana;VIA BELMONTE IN SABINA;da specificare;;;;DIR.NOMENTANA ALT.INVERSIONE MARCIA;Scontro laterale fra veicoli in marcia;Rettilineo;Due carreggiate;Asciutto;Asfaltata;Orizzontale;Sereno;Intenso;Buona;Ore Diurne;0;0;0;2;12.5937;41.9465;-1;1;Autovettura privata;In marcia / fermata / arresto;Conducente;F;Illeso;0;;;
4320969;5;10/04/2019 14:50:00;Strada Urbana;VIA BELMONTE IN SABINA;da specificare;;;;DIR.NOMENTANA ALT.INVERSIONE MARCIA;Scontro laterale fra veicoli in marcia;Rettilineo;Due carreggiate;Asciutto;Asfaltata;Orizzontale;Sereno;Intenso;Buona;Ore Diurne;0;0;0;2;12.5937;41.9465;-1;2;Autovettura privata;In marcia / fermata / arresto;Conducente;M;Illeso;0;;;
4320971;5;10/04/2019 15:30:00;Strada Urbana;VIA FILIPPO FIORENTINI;da specificare;;;;DIREZIONE PRENESTINA PROX.CAVALCAVIA;Tamponamento Multiplo;Rettilineo;Due carreggiate;Asciutto;Asfaltata;Orizzontale;Nuvoloso;Intenso;Buona;Ore Diurne;1;0;0;4;12.5535;41.9124;-1;1;Autocarro inferiore 35 q.;In marcia / fermata / arresto;Conducente;M;Illeso;0;;Non accertato;Inesploso
4320971;5;10/04/2019 15:30:00;Strada Urbana;VIA FILIPPO FIORENTINI;da specificare;;;;DIREZIONE PRENESTINA PROX.CAVALCAVIA;Tamponamento Multiplo;Rettilineo;Due carreggiate;Asciutto;Asfaltata;Orizzontale;Nuvoloso;Intenso;Buona;Ore Diurne;1;0;0;4;12.5535;41.9124;-1;2;Autovettura privata;In marcia / fermata / arresto;Conducente;M;Illeso;0;;Non accertato;Inesploso
4320971;5;10/04/2019 15:30:00;Strada Urbana;VIA FILIPPO FIORENTINI;da specificare;;;;DIREZIONE PRENESTINA PROX.CAVALCAVIA;Tamponamento Multiplo;Rettilineo;Due carreggiate;Asciutto;Asfaltata;Orizzontale;Nuvoloso;Intenso;Buona;Ore Diurne;1;0;0;4;12.5535;41.9124;-1;2;Autovettura privata;In marcia / fermata / arresto;Passeggero;F;Rimandato;0;NON DECEDUTO;Non accertato;Inesploso
4320971;5;10/04/2019 15:30:00;Strada Urbana;VIA FILIPPO FIORENTINI;da specificare;;;;DIREZIONE PRENESTINA PROX.CAVALCAVIA;Tamponamento Multiplo;Rettilineo;Due carreggiate;Asciutto;Asfaltata;Orizzontale;Nuvoloso;Intenso;Buona;Ore Diurne;1;0;0;4;12.5535;41.9124;-1;3;Autocarro inferiore 35 q.;In marcia / fermata / arresto;Conducente;M;Illeso;0;;Non accertato;Inesploso
4320971;5;10/04/2019 15:30:00;Strada Urbana;VIA FILIPPO FIORENTINI;da specificare;;;;DIREZIONE PRENESTINA PROX.CAVALCAVIA;Tamponamento Multiplo;Rettilineo;Due carreggiate;Asciutto;Asfaltata;Orizzontale;Nuvoloso;Intenso;Buona;Ore Diurne;1;0;0;4;12.5535;41.9124;-1;3;Autocarro inferiore 35 q.;In marcia / fermata / arresto;Passeggero;M;Illeso;0;;Non accertato;Inesploso
4321378;9;10/04/2019 10:30:00;;VIA IMERA;in prossimità;;del civico n.;10;;Veicolo in marcia contro veicolo in sosta;;;;;;;;;;0;0;0;1;;;0;1;Autovettura privata;Allontanatosi;;;;;;;
4321378;9;10/04/2019 10:30:00;;VIA IMERA;in prossimità;;del civico n.;10;;Veicolo in marcia contro veicolo in sosta;;;;;;;;;;0;0;0;1;;;0;2;Motociclo a solo;Sosta;;;;;;;
4321378;9;10/04/2019 10:30:00;;VIA IMERA;in prossimità;;del civico n.;10;;Veicolo in marcia contro veicolo in sosta;;;;;;;;;;0;0;0;1;;;0;3;Autovettura privata;In marcia / fermata / arresto;Conducente;M;Illeso;0;;Non accertato;Inesploso
4321382;9;10/04/2019 19:05:00;Strada Urbana;CIRCONVALLAZIONE TIBURTINA;da specificare;;;;in prossimità VIA CASILINA VECCHIA;Tamponamento;Rettilineo;Due carreggiate;Asciutto;Asfaltata;Orizzontale;Nuvoloso;Normale;Buona;Ore Diurne;2;0;0;2;12.528;41.8994;-1;1;Autovettura privata;In marcia / fermata / arresto;Conducente;M;Rimandato;0;NON DECEDUTO;Non accertato;Inesploso
4321382;9;10/04/2019 19:05:00;Strada Urbana;CIRCONVALLAZIONE TIBURTINA;da specificare;;;;in prossimità VIA CASILINA VECCHIA;Tamponamento;Rettilineo;Due carreggiate;Asciutto;Asfaltata;Orizzontale;Nuvoloso;Normale;Buona;Ore Diurne;2;0;0;2;12.528;41.8994;-1;1;Autovettura privata;In marcia / fermata / arresto;Passeggero;M;Illeso;0;;Non accertato;Inesploso
4321382;9;10/04/2019 19:05:00;Strada Urbana;CIRCONVALLAZIONE TIBURTINA;da specificare;;;;in prossimità VIA CASILINA VECCHIA;Tamponamento;Rettilineo;Due carreggiate;Asciutto;Asfaltata;Orizzontale;Nuvoloso;Normale;Buona;Ore Diurne;2;0;0;2;12.528;41.8994;-1;1;Autovettura privata;In marcia / fermata / arresto;Passeggero;M;Rimandato;0;NON DECEDUTO;Non accertato;Inesploso
4321382;9;10/04/2019 19:05:00;Strada Urbana;CIRCONVALLAZIONE TIBURTINA;da specificare;;;;in prossimità VIA CASILINA VECCHIA;Tamponamento;Rettilineo;Due carreggiate;Asciutto;Asfaltata;Orizzontale;Nuvoloso;Normale;Buona;Ore Diurne;2;0;0;2;12.528;41.8994;-1;2;Autovettura privata;In marcia / fermata / arresto;Conducente;M;Illeso;0;;Non accertato;Inesploso
4321383;1;10/04/2019 15:00:00;Strada Urbana;LUNGOTEVERE DEI SANGALLO;in prossimità;;del palo luce n.;13;;Tamponamento;Rettilineo;Una carreggiata a senso unico di marcia;Bagnato (pioggia);Asfaltata;Verticale ed orizzontale;Pioggia in atto;Normale;Buona;Ore Diurne;1;0;0;2;12.4652;41.8981;-1;1;Motociclo a solo;In marcia / fermata / arresto;Conducente;M;Rimandato;0;NON DECEDUTO;Non accertato;
4321383;1;10/04/2019 15:00:00;Strada Urbana;LUNGOTEVERE DEI SANGALLO;in prossimità;;del palo luce n.;13;;Tamponamento;Rettilineo;Una carreggiata a senso unico di marcia;Bagnato (pioggia);Asfaltata;Verticale ed orizzontale;Pioggia in atto;Normale;Buona;Ore Diurne;1;0;0;2;12.4652;41.8981;-1;2;Autovettura privata;In marcia / fermata / arresto;Conducente;M;Illeso;0;;Non accertato;
4321383;1;10/04/2019 15:00:00;Strada Urbana;LUNGOTEVERE DEI SANGALLO;in prossimità;;del palo luce n.;13;;Tamponamento;Rettilineo;Una carreggiata a senso unico di marcia;Bagnato (pioggia);Asfaltata;Verticale ed orizzontale;Pioggia in atto;Normale;Buona;Ore Diurne;1;0;0;2;12.4652;41.8981;-1;2;Autovettura privata;In marcia / fermata / arresto;Passeggero;M;Illeso;0;;;
4321396;15;10/04/2019 23:15:00;Strada Urbana;VIADOTTO DELLA MAGLIANA;da specificare;;;;dir Fiumicino 50 mt dopo Via  del Cappellaccio;Scontro laterale fra veicoli in marcia;Rettilineo;Due carreggiate;Asciutto;Asfaltata;Orizzontale;Sereno;Normale;Sufficiente;Sufficiente;1;0;0;3;12.4633;41.8419;-1;1;Autovettura privata;In marcia / fermata / arresto;Conducente;M;Illeso;0;;;