Protocollo;Gruppo;DataOraIncidente;Localizzazione1;STRADA1;Localizzazione2;STRADA2;Strada02;Chilometrica;DaSpecificare;NaturaIncidente;particolaritastrade;TipoStrada;FondoStradale;Pavimentazione;Segnaletica;CondizioneAtmosferica;Traffico;Visibilita;Illuminazione;NUM_FERITI;NUM_RISERVATA;NUM_MORTI;NUM_ILLESI;Longitudine;Latitudine;Confermato;Progressivo;TipoVeicolo;StatoVeicolo;TipoPersona;Sesso;Tipolesione;Deceduto;DecedutoDopo;CinturaCascoUtilizzato;Airbag;
4323487;8;11/04/2019 11:30:00;Strada Urbana;VIA CASILINA;da specificare;;;;intersezione con Via Gian Cristoforo Romano;Scontro frontale/laterale SX fra veicoli in marcia;Rettilineo;Una carreggiata a doppio senso;Asciutto;Asfaltata;Verticale ed orizzontale;Sereno;Normale;Buona;Ore Diurne;1;0;0;4;12.6065;41.864;-1;1;Autovettura privata;In marcia / fermata / arresto;Passeggero;F;Illeso;0;;;
4323487;8;11/04/2019 11:30:00;Strada Urbana;VIA CASILINA;da specificare;;;;intersezione con Via Gian Cristoforo Romano;Scontro frontale/laterale SX fra veicoli in marcia;Rettilineo;Una carreggiata a doppio senso;Asciutto;Asfaltata;Verticale ed orizzontale;Sereno;Normale;Buona;Ore Diurne;1;0;0;4;12.6065;41.864;-1;1;Autovettura privata;In marcia / fermata / arresto;Passeggero;M;Illeso;0;;;
4323487;8;11/04/2019 11:30:00;Strada Urbana;VIA CASILINA;da specificare;;;;intersezione con Via Gian Cristoforo Romano;Scontro frontale/laterale SX fra veicoli in marcia;Rettilineo;Una carreggiata a doppio senso;Asciutto;Asfaltata;Verticale ed orizzontale;Sereno;Normale;Buona;Ore Diurne;1;0;0;4;12.6065;41.864;-1;2;Autovettura privata;In marcia / fermata / arresto;Conducente;M;Rimandato;0;NON DECEDUTO;;
4323487;8;11/04/2019 11:30:00;Strada Urbana;VIA CASILINA;da specificare;;;;intersezione con Via Gian Cristoforo Romano;Scontro frontale/laterale SX fra veicoli in marcia;Rettilineo;Una carreggiata a doppio senso;Asciutto;Asfaltata;Verticale ed orizzontale;Sereno;Normale;Buona;Ore Diurne;1;0;0;4;12.6065;41.864;-1;2;Autovettura privata;In marcia / fermata / arresto;Passeggero;M;Illeso;0;;;
4323493;8;11/04/2019 07:55:00;;VIALE DELLA SORBONA;in prossimità;;del palo luce n.;37;;Tamponamento;;;;;;;;;;0;0;0;2;;;0;1;Autovettura privata;In marcia / fermata / arresto;Conducente;M;Illeso;0;;;
4323493;8;11/04/2019 07:55:00;;VIALE DELLA SORBONA;in prossimità;;del palo luce n.;37;;Tamponamento;;;;;;;;;;0;0;0;2;;;0;2;Autovettura privata;In marcia / fermata / arresto;Conducente;M;Illeso;0;;;
4323496;11;11/04/2019 16:20:00;Strada Urbana;VIA DI GROTTA PERFETTA;in prossimità;;del palo luce n.;55;;Tamponamento Multiplo;Rettilineo;Una carreggiata a doppio senso;Asciutto;Asfaltata;Verticale ed orizzontale;Nuvoloso;Normale;Buona;Ore Diurne;2;0;0;1;12.5052;41.8395;-1;1;Autovettura privata;In marcia / fermata / arresto;Conducente;F;Rimandato;0;NON DECEDUTO;;
4323496;11;11/04/2019 16:20:00;Strada Urbana;VIA DI GROTTA PERFETTA;in prossimità;;del palo luce n.;55;;Tamponamento Multiplo;Rettilineo;Una carreggiata a doppio senso;Asciutto;Asfaltata;Verticale ed orizzontale;Nuvoloso;Normale;Buona;Ore Diurne;2;0;0;1;12.5052;41.8395;-1;2;Autovettura privata;In marcia / fermata / arresto;Conducente;M;Rimandato;0;NON DECEDUTO;;
4323496;11;11/04/2019 16:20:00;Strada Urbana;VIA DI GROTTA PERFETTA;in prossimità;;del palo luce n.;55;;Tamponamento Multiplo;Rettilineo;Una carreggiata a doppio senso;Asciutto;Asfaltata;Verticale ed orizzontale;Nuvoloso;Normale;Buona;Ore Diurne;2;0;0;1;12.5052;41.8395;-1;3;Autovettura privata;In marcia / fermata / arresto;Conducente;M;Illeso;0;;Non accertato;Inesploso
4323500;8;11/04/2019 20:45:00;Strada Urbana;VIA DELL'ACQUA VERGINE;da specificare;;;;tra palo Acea 25 e 26;Ribaltamento senza urto contro ostacolo fisso;Curva a visuale libera;Una carreggiata a doppio senso;Bagnato (pioggia);Asfaltata;Assente;Pioggia in atto;Scarso;Insufficiente;Inesistente;0;0;0;1;12.6252;41.9001;-1;1;Autovettura privata;In marcia / fermata / arresto;Conducente;M;Illeso;0;;Non accertato;Inesistente
4323501;11;11/04/2019 16:15:00;Strada Urbana;PIAZZALE DEI CADUTI DELLA MONTAGNOLA;da specificare;;;;in prossimità di Via Pico della Mirandola;Scontro laterale fra veicoli in marcia;Rettilineo;Due carreggiate;Asciutto;Asfaltata;Verticale ed orizzontale;Nuvoloso;Normale;Buona;Ore Diurne;0;0;0;2;12.484;41.845;-1;1;Autocarro superiore 35 q.;In marcia / fermata / arresto;Conducente;M;Illeso;0;;;
4323501;11;11/04/2019 16:15:00;Strada Urbana;PIAZZALE DEI CADUTI DELLA MONTAGNOLA;da specificare;;;;in prossimità di Via Pico della Mirandola;Scontro laterale fra veicoli in marcia;Rettilineo;Due carreggiate;Asciutto;Asfaltata;Verticale ed orizzontale;Nuvoloso;Normale;Buona;Ore Diurne;0;0;0;2;12.484;41.845;-1;2;Autovettura privata;In marcia / fermata / arresto;Conducente;F;Illeso;0;;;
4323510;11;11/04/2019 13:20:00;Strada Urbana;VIA SILVIO D'AMICO;in corrispondenza;;del civico n.;40;;Tamponamento;Rettilineo;Due carreggiate;Asciutto;Asfaltata;Verticale ed orizzontale;Nuvoloso;Normale;Buona;Ore Diurne;2;0;0;1;12.4788;41.8514;0;1;Autovettura privata;In marcia / fermata / arresto;Conducente;M;Rifiuta cure immediate;0;NON DECEDUTO;Non accertato;
4323510;11;11/04/2019 13:20:00;Strada Urbana;VIA SILVIO D'AMICO;in corrispondenza;;del civico n.;40;;Tamponamento;Rettilineo;Due carreggiate;Asciutto;Asfaltata;Verticale ed orizzontale;Nuvoloso;Normale;Buona;Ore Diurne;2;0;0;1;12.4788;41.8514;0;1;Autovettura privata;In marcia / fermata / arresto;Passeggero;M;Rifiuta cure immediate;0;NON DECEDUTO;Non accertato;
4323510;11;11/04/2019 13:20:00;Strada Urbana;VIA SILVIO D'AMICO;in corrispondenza;;del civico n.;40;;Tamponamento;Rettilineo;Due carreggiate;Asciutto;Asfaltata;Verticale ed orizzontale;Nuvoloso;Normale;Buona;Ore Diurne;2;0;0;1;12.4788;41.8514;0;2;Autovettura privata;In marcia / fermata / arresto;Conducente;M;Illeso;0;;Non accertato;
4323511;8;11/04/2019 20:45:00;Strada Urbana;VIA ALBERTO DA GIUSSANO;in prossimità;;del civico n.;89;;Veicolo in marcia contro veicoli in sosta;Rettilineo;Una carreggiata a doppio senso;Bagnato (pioggia);Asfaltata;Assente;Nuvoloso;Scarso;Buona;Sufficiente;0;0;0;2;12.5348;41.8899;-1;1;Autovettura privata;In marcia / fermata / arresto;Conducente;M;Illeso;0;;;
4323511;8;11/04/2019 20:45:00;Strada Urbana;VIA ALBERTO DA GIUSSANO;in prossimità;;del civico n.;89;;Veicolo in marcia contro veicoli in sosta;Rettilineo;Una carreggiata a doppio senso;Bagnato (pioggia);Asfaltata;Assente;Nuvoloso;Scarso;Buona;Sufficiente;0;0;0;2;12.5348;41.8899;-1;1;Autovettura privata;In marcia / fermata / arresto;Passeggero;M;Illeso;0;;;Inesploso
4323511;8;11/04/2019 20:45:00;Strada Urbana;VIA ALBERTO DA GIUSSANO;in prossimità;;del civico n.;89;;Veicolo in marcia contro veicoli in sosta;Rettilineo;Una carreggiata a doppio senso;Bagnato (pioggia);Asfaltata;Assente;Nuvoloso;Scarso;Buona;Sufficiente;0;0;0;2;12.5348;41.8899;-1;2;Autovettura privata;Sosta;;;;;;;
4323511;8;11/04/2019 20:45:00;Strada Urbana;VIA ALBERTO DA GIUSSANO;in prossimità;;del civico n.;89;;Veicolo in marcia contro veicoli in sosta;Rettilineo;Una carreggiata a doppio senso;Bagnato (pioggia);Asfaltata;Assente;Nuvoloso;Scarso;Buona;Sufficiente;0;0;0;2;12.5348;41.8899;-1;3;Autovettura privata;Sosta;;;;;;;
4323511;8;11/04/2019 20:45:00;Strada Urbana;VIA ALBERTO DA GIUSSANO;in prossimità;;del civico n.;89;;Veicolo in marcia contro veicoli in sosta;Rettilineo;Una carreggiata a doppio senso;Bagnato (pioggia);Asfaltata;Assente;Nuvoloso;Scarso;Buona;Sufficiente;0;0;0;2;12.5348;41.8899;-1;4;Autovettura privata;Sosta;;;;;;;
4323511;8;11/04/2019 20:45:00;Strada Urbana;VIA ALBERTO DA GIUSSANO;in prossimità;;del civico n.;89;;Veicolo in marcia contro veicoli in sosta;Rettilineo;Una carreggiata a doppio senso;Bagnato (pioggia);Asfaltata;Assente;Nuvoloso;Scarso;Buona;Sufficiente;0;0;0;2;12.5348;41.8899;-1;5;Autovettura privata;Sosta;;;;;;;
4323511;8;11/04/2019 20:45:00;Strada Urbana;VIA ALBERTO DA GIUSSANO;in prossimità;;del civico n.;89;;Veicolo in marcia contro veicoli in sosta;Rettilineo;Una carreggiata a doppio senso;Bagnato (pioggia);Asfaltata;Assente;Nuvoloso;Scarso;Buona;Sufficiente;0;0;0;2;12.5348;41.8899;-1;6;Autovettura privata;Sosta;;;;;;;
4323511;8;11/04/2019 20:45:00;Strada Urbana;VIA ALBERTO DA GIUSSANO;in prossimità;;del civico n.;89;;Veicolo in marcia contro veicoli in sosta;Rettilineo;Una carreggiata a doppio senso;Bagnato (pioggia);Asfaltata;Assente;Nuvoloso;Scarso;Buona;Sufficiente;0;0;0;2;12.5348;41.8899;-1;7;Autovettura privata;Sosta;;;;;;;
4323514;20;11/04/2019 13:40:00;Strada Urbana;VIALE DI TOR DI QUINTO;in prossimità;;del civico n.;47;;Investimento di pedone;Rettilineo;Una carreggiata a doppio senso;Asciutto;Asfaltata;Orizzontale;Nuvoloso;Normale;Buona;Ore Diurne;1;0;0;1;12.4745;41.9375;-1;;;;Pedone;F;Rimandato;0;NON DECEDUTO;;
4323514;20;11/04/2019 13:40:00;Strada Urbana;VIALE DI TOR DI QUINTO;in prossimità;;del civico n.;47;;Investimento di pedone;Rettilineo;Una carreggiata a doppio senso;Asciutto;Asfaltata;Orizzontale;Nuvoloso;Normale;Buona;Ore Diurne;1;0;0;1;12.4745;41.9375;-1;1;Motociclo a solo;In marcia / fermata / arresto;Conducente;M;Illeso;0;;Non accertato;
4323515;19;11/04/2019 20:40:00;Strada Urbana;GALLERIA GIOVANNI XXIII;da specificare;;;;all'alt. 2507 mt.;Scontro frontale/laterale DX fra veicoli in marcia;Galleria illuminata;Una carreggiata a senso unico di marcia;Asciutto;Asfaltata;Verticale ed orizzontale;Nuvoloso;Normale;Insufficiente;Insufficiente;0;0;0;2;12.4411;41.9404;-1;1;Autovettura privata;In marcia / fermata / arresto;Conducente;F;Illeso;0;;Non accertato;Inesploso
4323515;19;11/04/2019 20:40:00;Strada Urbana;GALLERIA GIOVANNI XXIII;da specificare;;;;all'alt. 2507 mt.;Scontro frontale/laterale DX fra veicoli in marcia;Galleria illuminata;Una carreggiata a senso unico di marcia;Asciutto;Asfaltata;Verticale ed orizzontale;Nuvoloso;Normale;Insufficiente;Insufficiente;0;0;0;2;12.4411;41.9404;-1;2;Autovettura privata;In marcia / fermata / arresto;Conducente;F;Illeso;0;;Non accertato;Inesploso
4323523;20;11/04/2019 17:20:00;Strada Urbana;LUNGOTEVERE MARESCIALLO CADORNA;in corrispondenza;;del civico n.;31;;Tamponamento;Curva a visuale libera;Una carreggiata a doppio senso;Bagnato (pioggia);Sterrata;Orizzontale;Nuvoloso;Normale;Buona;Ore Diurne;0;0;0;3;12.4582;41.9279;-1;1;Autovettura privata;In marcia / fermata / arresto;Conducente;F;Illeso;0;;;
4323523;20;11/04/2019 17:20:00;Strada Urbana;LUNGOTEVERE MARESCIALLO CADORNA;in corrispondenza;;del civico n.;31;;Tamponamento;Curva a visuale libera;Una carreggiata a doppio senso;Bagnato (pioggia);Sterrata;Orizzontale;Nuvoloso;Normale;Buona;Ore Diurne;0;0;0;3;12.4582;41.9279;-1;2;Autovettura privata;In marcia / fermata / arresto;Conducente;M;Illeso;0;;;
4323523;20;11/04/2019 17:20:00;Strada Urbana;LUNGOTEVERE MARESCIALLO CADORNA;in corrispondenza;;del civico n.;31;;Tamponamento;Curva a visuale libera;Una carreggiata a doppio senso;Bagnato (pioggia);Sterrata;Orizzontale;Nuvoloso;Normale;Buona;Ore Diurne;0;0;0;3;12.4582;41.9279;-1;2;Autovettura privata;In marcia / fermata / arresto;Passeggero;F;Illeso;0;;;
4323524;20;11/04/2019 17:30:00;Strada Urbana;VIALE DI TOR DI QUINTO;in prossimità;;del civico n.;63;;Tamponamento Multiplo;Rettilineo;Due carreggiate;Bagnato (pioggia);Asfaltata;Verticale ed orizzontale;Pioggia in atto;Normale;Buona;Ore Diurne;0;0;0;3;12.482;41.9418;-1;1;Autovettura privata;In marcia / fermata / arresto;Conducente;M;Illeso;0;;;
4323524;20;11/04/2019 17:30:00;Strada Urbana;VIALE DI TOR DI QUINTO;in prossimità;;del civico n.;63;;Tamponamento Multiplo;Rettilineo;Due carreggiate;Bagnato (pioggia);Asfaltata;Verticale ed orizzontale;Pioggia in atto;Normale;Buona;Ore Diurne;0;0;0;3;12.482;41.9418;-1;2;Autovettura privata;In marcia / fermata / arresto;Conducente;M;Illeso;0;;Non accertato;
4323524;20;11/04/2019 17:30:00;Strada Urbana;VIALE DI TOR DI QUINTO;in prossimità;;del civico n.;63;;Tamponamento Multiplo;Rettilineo;Due carreggiate;Bagnato (pioggia);Asfaltata;Verticale ed orizzontale;Pioggia in atto;Normale;Buona;Ore Diurne;0;0;0;3;12.482;41.9418;-1;3;Autovettura privata;In marcia / fermata / arresto;Conducente;F;Illeso;0;;Non accertato;
4323530;11;11/04/2019 18:45:00;Strada Urbana;VIA LAURENTINA;all'intersezione con;VIALE DELLA MUSICA;VIALE DELLA MUSICA;;;Scontro frontale/laterale SX fra veicoli in marcia;Incrocio;Due carreggiate;Asciutto;Asfaltata;Verticale ed orizzontale;Nuvoloso;Intenso;Buona;Ore Diurne;1;0;0;1;12.4806;41.8325;-1;1;Autovettura privata;In marcia / fermata / arresto;Conducente;M;Illeso;0;;Non accertato;Inesploso
4323530;11;11/04/2019 18:45:00;Strada Urbana;VIA LAURENTINA;all'intersezione con;VIALE DELLA MUSICA;VIALE DELLA MUSICA;;;Scontro frontale/laterale SX fra veicoli in marcia;Incrocio;Due carreggiate;Asciutto;Asfaltata;Verticale ed orizzontale;Nuvoloso;Intenso;Buona;Ore Diurne;1;0;0;1;12.4806;41.8325;-1;2;Motociclo a solo;In marcia / fermata / arresto;Conducente;M;Rimandato;0;NON DECEDUTO;;
4323534;12;11/04/2019 06:50:00;Strada Urbana;VIA DI TRIGORIA;in corrispondenza;;del civico n.;173;;Investimento di pedone;Rettilineo;Una carreggiata a doppio senso;Asciutto;Asfaltata;Verticale ed orizzontale;Sereno;Intenso;Buona;Ore Diurne;1;0;0;2;12.4778;41.7643;-1;;;;Pedone;M;Rimandato;0;NON DECEDUTO;;
4323534;12;11/04/2019 06:50:00;Strada Urbana;VIA DI TRIGORIA;in corrispondenza;;del civico n.;173;;Investimento di pedone;Rettilineo;Una carreggiata a doppio senso;Asciutto;Asfaltata;Verticale ed orizzontale;Sereno;Intenso;Buona;Ore Diurne;1;0;0;2;12.4778;41.7643;-1;1;Autovettura privata;In marcia / fermata / arresto;Conducente;M;Illeso;0;;;
4323534;12;11/04/2019 06:50:00;Strada Urbana;VIA DI TRIGORIA;in corrispondenza;;del civico n.;173;;Investimento di pedone;Rettilineo;Una carreggiata a doppio senso;Asciutto;Asfaltata;Verticale ed orizzontale;Sereno;Intenso;Buona;Ore Diurne;1;0;0;2;12.4778;41.7643;-1;1;Autovettura privata;In marcia / fermata / arresto;Passeggero;F;Illeso;0;;Utilizzato;
4323540;19;11/04/2019 22:10:00;Strada Urbana;VIA UGO DE CAROLIS;all'intersezione con;VIA PLACIDO MARTINI;VIA PLACIDO MARTINI;;;Infortunio per sola frenata improvvisa;Incrocio;Una carreggiata a doppio senso;Bagnato (pioggia);Asfaltata;Verticale ed orizzontale;Nuvoloso;Scarso;Sufficiente;Sufficiente;0;0;0;2;12.4393;41.9169;-1;1;Autovettura privata;In marcia / fermata / arresto;Conducente;M;Illeso;0;;;
4323540;19;11/04/2019 22:10:00;Strada Urbana;VIA UGO DE CAROLIS;all'intersezione con;VIA PLACIDO MARTINI;VIA PLACIDO MARTINI;;;Infortunio per sola frenata improvvisa;Incrocio;Una carreggiata a doppio senso;Bagnato (pioggia);Asfaltata;Verticale ed orizzontale;Nuvoloso;Scarso;Sufficiente;Sufficiente;0;0;0;2;12.4393;41.9169;-1;2;Motociclo a solo;In marcia / fermata / arresto;Conducente;M;Illeso;0;;;
4323545;4;11/04/2019 11:30:00;Strada Urbana;VIA NOMENTANA;in prossimità;;del civico n.;643;;Tamponamento;Rettilineo;Una carreggiata a doppio senso;Asciutto;Asfaltata;Verticale ed orizzontale;Sereno;Normale;Buona;Ore Diurne;2;0;0;1;12.5363;41.9354;-1;1;Autovettura privata;In marcia / fermata / arresto;Conducente;M;Rifiuta cure immediate;0;NON DECEDUTO;Non accertato;
4323545;4;11/04/2019 11:30:00;Strada Urbana;VIA NOMENTANA;in prossimità;;del civico n.;643;;Tamponamento;Rettilineo;Una carreggiata a doppio senso;Asciutto;Asfaltata;Verticale ed orizzontale;Sereno;Normale;Buona;Ore Diurne;2;0;0;1;12.5363;41.9354;-1;1;Autovettura privata;In marcia / fermata / arresto;Passeggero;M;Rifiuta cure immediate;0;NON DECEDUTO;Non accertato;
4323545;4;11/04/2019 11:30:00;Strada Urbana;VIA NOMENTANA;in prossimità;;del civico n.;643;;Tamponamento;Rettilineo;Una carreggiata a doppio senso;Asciutto;Asfaltata;Verticale ed orizzontale;Sereno;Normale;Buona;Ore Diurne;2;0;0;1;12.5363;41.9354;-1;2;Autovettura privata;In marcia / fermata / arresto;Conducente;M;Illeso;0;;Non accertato;
4323546;4;11/04/2019 20:15:00;Strada Urbana;VIA RADICOFANI;in prossimità;;del civico n.;94;;Investimento di pedone;Curva a visuale libera;Una carreggiata a doppio senso;Bagnato (pioggia);Asfaltata;Verticale ed orizzontale;Pioggia in atto;Scarso;Sufficiente;Sufficiente;1;0;0;1;12.5101;41.9771;-1;;;;Pedone;F;Rimandato;0;NON DECEDUTO;;
4323546;4;11/04/2019 20:15:00;Strada Urbana;VIA RADICOFANI;in prossimità;;del civico n.;94;;Investimento di pedone;Curva a visuale libera;Una carreggiata a doppio senso;Bagnato (pioggia);Asfaltata;Verticale ed orizzontale;Pioggia in atto;Scarso;Sufficiente;Sufficiente;1;0;0;1;12.5101;41.9771;-1;1;Motociclo a solo;In marcia / fermata / arresto;Conducente;M;Illeso;0;;Non accertato;
4323552;7;11/04/2019 07:20:00;Strada Urbana;VIA NAIDE;all'intersezione con;VIA DELLA RUSTICA;VIA DELLA RUSTICA;;;Scontro laterale fra veicoli in marcia;Incrocio;Una carreggiata a senso unico di marcia;Asciutto;Asfaltata;Verticale ed orizzontale;Sereno;Normale;Buona;Ore Diurne;0;0;0;3;12.6053;41.9155;-1;1;Autovettura privata;In marcia / fermata / arresto;Conducente;M;Illeso;0;;;
4323552;7;11/04/2019 07:20:00;Strada Urbana;VIA NAIDE;all'intersezione con;VIA DELLA RUSTICA;VIA DELLA RUSTICA;;;Scontro laterale fra veicoli in marcia;Incrocio;Una carreggiata a senso unico di marcia;Asciutto;Asfaltata;Verticale ed orizzontale;Sereno;Normale;Buona;Ore Diurne;0;0;0;3;12.6053;41.9155;-1;1;Autovettura privata;In marcia / fermata / arresto;Passeggero;M;Illeso;0;;;
4323552;7;11/04/2019 07:20:00;Strada Urbana;VIA NAIDE;all'intersezione con;VIA DELLA RUSTICA;VIA DELLA RUSTICA;;;Scontro laterale fra veicoli in marcia;Incrocio;Una carreggiata a senso unico di marcia;Asciutto;Asfaltata;Verticale ed orizzontale;Sereno;Normale;Buona;Ore Diurne;0;0;0;3;12.6053;41.9155;-1;2;Autovettura privata;In marcia / fermata / arresto;Conducente;F;Illeso;0;;;
4323562;19;11/04/2019 18:10:00;Strada Urbana;VIA CARLO FRANCESCO BELLINGERI;all'intersezione con;VIA EZIO SCIAMANNA;VIA EZIO SCIAMANNA;;;Veicolo in marcia contro veicoli in sosta;Incrocio;Una carreggiata a senso unico di marcia;Asciutto;Asfaltata;Assente;Nuvoloso;Normale;Buona;Ore Diurne;1;0;0;0;12.4211;41.9367;-1;1;Autovettura privata;In marcia / fermata / arresto;Conducente;M;Rimandato;0;NON DECEDUTO;;
4323562;19;11/04/2019 18:10:00;Strada Urbana;VIA CARLO FRANCESCO BELLINGERI;all'intersezione con;VIA EZIO SCIAMANNA;VIA EZIO SCIAMANNA;;;Veicolo in marcia contro veicoli in sosta;Incrocio;Una carreggiata a senso unico di marcia;Asciutto;Asfaltata;Assente;Nuvoloso;Normale;Buona;Ore Diurne;1;0;0;0;12.4211;41.9367;-1;2;Autovettura privata;Sosta;;;;;;;
4323562;19;11/04/2019 18:10:00;Strada Urbana;VIA CARLO FRANCESCO BELLINGERI;all'intersezione con;VIA EZIO SCIAMANNA;VIA EZIO SCIAMANNA;;;Veicolo in marcia contro veicoli in sosta;Incrocio;Una carreggiata a senso unico di marcia;Asciutto;Asfaltata;Assente;Nuvoloso;Normale;Buona;Ore Diurne;1;0;0;0;12.4211;41.9367;-1;3;Autovettura privata;Sosta;;;;;;;
4323562;19;11/04/2019 18:10:00;Strada Urbana;VIA CARLO FRANCESCO BELLINGERI;all'intersezione con;VIA EZIO SCIAMANNA;VIA EZIO SCIAMANNA;;;Veicolo in marcia contro veicoli in sosta;Incrocio;Una carreggiata a senso unico di marcia;Asciutto;Asfaltata;Assente;Nuvoloso;Normale;Buona;Ore Diurne;1;0;0;0;12.4211;41.9367;-1;4;Autovettura privata;Sosta;;;;;;;
4323562;19;11/04/2019 18:10:00;Strada Urbana;VIA CARLO FRANCESCO BELLINGERI;all'intersezione con;VIA EZIO SCIAMANNA;VIA EZIO SCIAMANNA;;;Veicolo in marcia contro veicoli in sosta;Incrocio;Una carreggiata a senso unico di marcia;Asciutto;Asfaltata;Assente;Nuvoloso;Normale;Buona;Ore Diurne;1;0;0;0;12.4211;41.9367;-1;5;Autovettura privata;Sosta;;;;;;;
4323566;3;11/04/2019 11:00:00;Strada Urbana;VIA CATANIA;in prossimità;;del civico n.;48;;Scontro laterale fra veicoli in marcia;Rettilineo;Una carreggiata a doppio senso;Asciutto;Asfaltata;Verticale ed orizzontale;Sereno;Normale;Buona;Ore Diurne;0;0;0;2;12.5185;41.9101;-1;1;Autocarro inferiore 35 q.;In marcia / fermata / arresto;Conducente;M;Illeso;0;;;
4323566;3;11/04/2019 11:00:00;Strada Urbana;VIA CATANIA;in prossimità;;del civico n.;48;;Scontro laterale fra veicoli in marcia;Rettilineo;Una carreggiata a doppio senso;Asciutto;Asfaltata;Verticale ed orizzontale;Sereno;Normale;Buona;Ore Diurne;0;0;0;2;12.5185;41.9101;-1;2;Autovettura privata;In marcia / fermata / arresto;Conducente;M;Illeso;0;;;
4323574;6;11/04/2019 11:10:00;Strada Urbana;VIA DI ACQUA BULLICANTE;da specificare;;;;fronte civico 239;Scontro frontale/laterale DX fra veicoli in marcia;Rettilineo;Una carreggiata a doppio senso;Asciutto;Asfaltata;Verticale;Sereno;Intenso;Buona;Ore Diurne;1;0;0;1;12.5432;41.8864;-1;1;Autovettura privata;In marcia / fermata / arresto;Conducente;M;Illeso;0;;Non accertato;Inesploso
4323574;6;11/04/2019 11:10:00;Strada Urbana;VIA DI ACQUA BULLICANTE;da specificare;;;;fronte civico 239;Scontro frontale/laterale DX fra veicoli in marcia;Rettilineo;Una carreggiata a doppio senso;Asciutto;Asfaltata;Verticale;Sereno;Intenso;Buona;Ore Diurne;1;0;0;1;12.5432;41.8864;-1;2;Motociclo a solo;In marcia / fermata / arresto;Conducente;M;Rimandato;0;NON DECEDUTO;;
4323577;3;11/04/2019 15:15:00;Strada Urbana;VIA TIBURTINA;da specificare;;;;all'altezza piazzale di san lorenzo;Scontro laterale fra veicoli in marcia;Rettilineo;Una carreggiata a senso unico di marcia;Asciutto;Asfaltata;Orizzontale;Nuvoloso;Scarso;Buona;Ore Diurne;0;0;0;3;12.5739;41.9257;-1;1;Autovettura privata;In marcia / fermata / arresto;Conducente;M;Illeso;0;;Non accertato;Inesploso
4323577;3;11/04/2019 15:15:00;Strada Urbana;VIA TIBURTINA;da specificare;;;;all'altezza piazzale di san lorenzo;Scontro laterale fra veicoli in marcia;Rettilineo;Una carreggiata a senso unico di marcia;Asciutto;Asfaltata;Orizzontale;Nuvoloso;Scarso;Buona;Ore Diurne;0;0;0;3;12.5739;41.9257;-1;2;Autovettura privata;In marcia / fermata / arresto;Conducente;M;Illeso;0;;Non accertato;Inesploso
4323577;3;11/04/2019 15:15:00;Strada Urbana;VIA TIBURTINA;da specificare;;;;all'altezza piazzale di san lorenzo;Scontro laterale fra veicoli in marcia;Rettilineo;Una carreggiata a senso unico di marcia;Asciutto;Asfaltata;Orizzontale;Nuvoloso;Scarso;Buona;Ore Diurne;0;0;0;3;12.5739;41.9257;-1;2;Autovettura privata;In marcia / fermata / arresto;Passeggero;F;Illeso;0;;Non accertato;Inesploso
4323578;10;11/04/2019 08:55:00;Strada Urbana;VIA ANAGNINA;all'intersezione con;VIA DELLA MOLA CAVONA;VIA DELLA MOLA CAVONA;;;Tamponamento;Intersezione semaforizzata;Due carreggiate;Asciutto;Asfaltata;Verticale ed orizzontale;Sereno;Normale;Buona;Ore Diurne;0;0;0;2;12.6368;41.8036;-1;1;Autovettura privata;In marcia / fermata / arresto;Conducente;M;Illeso;0;;Non accertato;Inesploso
4323578;10;11/04/2019 08:55:00;Strada Urbana;VIA ANAGNINA;all'intersezione con;VIA DELLA MOLA CAVONA;VIA DELLA MOLA CAVONA;;;Tamponamento;Intersezione semaforizzata;Due carreggiate;Asciutto;Asfaltata;Verticale ed orizzontale;Sereno;Normale;Buona;Ore Diurne;0;0;0;2;12.6368;41.8036;-1;2;Autovettura privata;In marcia / fermata / arresto;Conducente;M;Illeso;0;;Non accertato;Inesploso
4323579;19;11/04/2019 18:50:00;Strada Urbana;PIAZZA MADONNA DEL CENACOLO;all'intersezione con;VIA ALFREDO SERRANTI;VIA ALFREDO SERRANTI;;;Tamponamento;Rotatoria;Una carreggiata a senso unico di marcia;Bagnato (pioggia);Asfaltata;Verticale ed orizzontale;Nuvoloso;Normale;Buona;Ore Diurne;1;0;0;1;12.439;41.9248;-1;1;Motociclo a solo;In marcia / fermata / arresto;Conducente;M;Rifiuta cure immediate;0;NON DECEDUTO;Non accertato;
4323579;19;11/04/2019 18:50:00;Strada Urbana;PIAZZA MADONNA DEL CENACOLO;all'intersezione con;VIA ALFREDO SERRANTI;VIA ALFREDO SERRANTI;;;Tamponamento;Rotatoria;Una carreggiata a senso unico di marcia;Bagnato (pioggia);Asfaltata;Verticale ed orizzontale;Nuvoloso;Normale;Buona;Ore Diurne;1;0;0;1;12.439;41.9248;-1;2;Autovettura privata;In marcia / fermata / arresto;Conducente;M;Illeso;0;;Non accertato;Inesploso
4323590;4;11/04/2019 09:40:00;Strada Urbana;VIA RAPAGNANO;in corrispondenza;;del civico n.;99;;Scontro laterale fra veicoli in marcia;Curva a visuale libera;Una carreggiata a senso unico di marcia;Asciutto;Asfaltata;Assente;Sereno;Normale;Buona;Ore Diurne;0;0;0;2;12.5131;41.9812;-1;1;Autovettura privata;In marcia / fermata / arresto;Conducente;F;Illeso;0;;;