Protocollo;Gruppo;DataOraIncidente;Localizzazione1;STRADA1;Localizzazione2;STRADA2;Strada02;Chilometrica;DaSpecificare;NaturaIncidente;particolaritastrade;TipoStrada;FondoStradale;Pavimentazione;Segnaletica;CondizioneAtmosferica;Traffico;Visibilita;Illuminazione;NUM_FERITI;NUM_RISERVATA;NUM_MORTI;NUM_ILLESI;Longitudine;Latitudine;Confermato;Progressivo;TipoVeicolo;StatoVeicolo;TipoPersona;Sesso;Tipolesione;Deceduto;DecedutoDopo;CinturaCascoUtilizzato;Airbag;
4326103;20;12/04/2019 16:10:00;Strada Urbana;VIA CASSIA;in corrispondenza;;del civico n.;633;;Investimento di pedone;Rettilineo;Una carreggiata a doppio senso;Asciutto;Asfaltata;Orizzontale;Sereno;Intenso;Buona;Ore Diurne;1;0;0;1;12.447;41.9632;-1;1;Autovettura privata;In marcia / fermata / arresto;Conducente;M;Illeso;0;;Non accertato;Inesploso
4326114;4;12/04/2019 16:45:00;Strada Urbana;VIA RENATO FUCINI;all'intersezione semaforizzata con;VIA LUDOVICO DI BREME;VIA LUDOVICO DI BREME;;;Scontro laterale fra veicoli in marcia;Incrocio;Due carreggiate;Asciutto;Asfaltata;Verticale ed orizzontale;Sereno;Normale;Buona;Ore Diurne;0;0;0;3;12.5485;41.9493;-1;1;Autovettura privata;In marcia / fermata / arresto;Conducente;F;Illeso;0;;;
4326114;4;12/04/2019 16:45:00;Strada Urbana;VIA RENATO FUCINI;all'intersezione semaforizzata con;VIA LUDOVICO DI BREME;VIA LUDOVICO DI BREME;;;Scontro laterale fra veicoli in marcia;Incrocio;Due carreggiate;Asciutto;Asfaltata;Verticale ed orizzontale;Sereno;Normale;Buona;Ore Diurne;0;0;0;3;12.5485;41.9493;-1;1;Autovettura privata;In marcia / fermata / arresto;Passeggero;F;Illeso;0;;;
4326114;4;12/04/2019 16:45:00;Strada Urbana;VIA RENATO FUCINI;all'intersezione semaforizzata con;VIA LUDOVICO DI BREME;VIA LUDOVICO DI BREME;;;Scontro laterale fra veicoli in marcia;Incrocio;Due carreggiate;Asciutto;Asfaltata;Verticale ed orizzontale;Sereno;Normale;Buona;Ore Diurne;0;0;0;3;12.5485;41.9493;-1;2;Autovettura privata;In marcia / fermata / arresto;Conducente;F;Illeso;0;;;
4326122;20;12/04/2019 17:00:00;Strada Urbana;VIA INVERIGO;in corrispondenza;;del civico n.;22;;Investimento di pedone;Rettilineo;Una carreggiata a doppio senso;Bagnato (pioggia);Asfaltata;Verticale ed orizzontale;Nuvoloso;Normale;Buona;Ore Diurne;1;0;0;2;12.4817;42.0036;-1;;;;Pedone;F;Rimandato;0;NON DECEDUTO;;
4326122;20;12/04/2019 17:00:00;Strada Urbana;VIA INVERIGO;in corrispondenza;;del civico n.;22;;Investimento di pedone;Rettilineo;Una carreggiata a doppio senso;Bagnato (pioggia);Asfaltata;Verticale ed orizzontale;Nuvoloso;Normale;Buona;Ore Diurne;1;0;0;2;12.4817;42.0036;-1;1;Autovettura privata;In marcia / fermata / arresto;Conducente;F;Illeso;0;;Non accertato;Inesploso
4326122;20;12/04/2019 17:00:00;Strada Urbana;VIA INVERIGO;in corrispondenza;;del civico n.;22;;Investimento di pedone;Rettilineo;Una carreggiata a doppio senso;Bagnato (pioggia);Asfaltata;Verticale ed orizzontale;Nuvoloso;Normale;Buona;Ore Diurne;1;0;0;2;12.4817;42.0036;-1;1;Autovettura privata;In marcia / fermata / arresto;Passeggero;F;Illeso;0;;Non accertato;Inesploso
4326136;4;12/04/2019 09:15:00;Strada Urbana;PIAZZALE JONIO;all'intersezione semaforizzata con;VIA DEI PRATI FISCALI;VIA DEI PRATI FISCALI;;;Scontro laterale fra veicoli in marcia;Intersezione semaforizzata;Due carreggiate;Asciutto;Asfaltata;Verticale ed orizzontale;Sereno;Normale;Buona;Ore Diurne;0;0;0;3;12.5262;41.9457;-1;1;Autovettura privata;In marcia / fermata / arresto;Conducente;M;Illeso;0;;Non accertato;Inesploso
4326136;4;12/04/2019 09:15:00;Strada Urbana;PIAZZALE JONIO;all'intersezione semaforizzata con;VIA DEI PRATI FISCALI;VIA DEI PRATI FISCALI;;;Scontro laterale fra veicoli in marcia;Intersezione semaforizzata;Due carreggiate;Asciutto;Asfaltata;Verticale ed orizzontale;Sereno;Normale;Buona;Ore Diurne;0;0;0;3;12.5262;41.9457;-1;2;Autovettura privata;In marcia / fermata / arresto;Conducente;M;Illeso;0;;Non accertato;Inesploso
4326136;4;12/04/2019 09:15:00;Strada Urbana;PIAZZALE JONIO;all'intersezione semaforizzata con;VIA DEI PRATI FISCALI;VIA DEI PRATI FISCALI;;;Scontro laterale fra veicoli in marcia;Intersezione semaforizzata;Due carreggiate;Asciutto;Asfaltata;Verticale ed orizzontale;Sereno;Normale;Buona;Ore Diurne;0;0;0;3;12.5262;41.9457;-1;2;Autovettura privata;In marcia / fermata / arresto;Passeggero;M;Illeso;0;;Non accertato;Inesploso
4326142;20;12/04/2019 20:00:00;Strada Urbana;VIA RIANO;in corrispondenza;;del civico n.;34;;Veicolo in marcia contro ostacolo accidentale;Rettilineo;Una carreggiata a senso unico di marcia;Viscido da liquidi oleosi;Asfaltata;Verticale ed orizzontale;Nuvoloso;Normale;Buona;Sufficiente;0;0;0;1;12.4697;41.9378;-1;1;Motociclo a solo;In marcia / fermata / arresto;Conducente;M;Illeso;0;;Non accertato;
4326155;20;13/04/2019 00:10:00;Regionale;VIA FLAMINIA;da specificare;;;;INTERNO GALLERIA CIMITERO FLAMINIO;Veicolo in marcia contro ostacolo fisso;Galleria illuminata;Una carreggiata a senso unico alternato;Asciutto;Asfaltata;Verticale ed orizzontale;Nuvoloso;Scarso;Buona;Sufficiente;1;0;0;0;12.4929;42.0052;-1;1;Autovettura privata;In marcia / fermata / arresto;Conducente;M;Rimandato;0;NON DECEDUTO;Non accertato;Inesploso
4326169;20;13/04/2019 01:00:00;Regionale entro l'abitato;VIA CASSIA;da specificare;;;;ALTEZZA VIA BRACCIANO;Veicolo in marcia contro ostacolo fisso;Rettilineo;Una carreggiata a doppio senso;Bagnato (pioggia);Asfaltata;Orizzontale;Nuvoloso;Scarso;Sufficiente;Sufficiente;0;0;0;2;12.4282;41.9741;-1;1;Autovettura privata;In marcia / fermata / arresto;Conducente;M;Illeso;0;;Non accertato;Inesploso
4326169;20;13/04/2019 01:00:00;Regionale entro l'abitato;VIA CASSIA;da specificare;;;;ALTEZZA VIA BRACCIANO;Veicolo in marcia contro ostacolo fisso;Rettilineo;Una carreggiata a doppio senso;Bagnato (pioggia);Asfaltata;Orizzontale;Nuvoloso;Scarso;Sufficiente;Sufficiente;0;0;0;2;12.4282;41.9741;-1;1;Autovettura privata;In marcia / fermata / arresto;Passeggero;M;Illeso;0;;Non accertato;Inesploso
4326183;20;13/04/2019 03:00:00;Regionale;VIA FLAMINIA;in corrispondenza;;della chilometrica;11.8;;Veicolo in marcia contro ostacolo fisso;Curva a visuale libera;Due carreggiate;Asciutto;Asfaltata;Verticale ed orizzontale;Nuvoloso;Scarso;Buona;Sufficiente;1;0;0;0;12.4926;41.9862;-1;1;Autovettura privata;In marcia / fermata / arresto;Conducente;M;Rimandato;0;NON DECEDUTO;Non accertato;Esploso
4326189;4;12/04/2019 15:10:00;Statale entro l'abitato;VIA SALARIA;da specificare;;;;in corrispondenza della rampa per Via Cortona;Scontro laterale fra veicoli in marcia;Rettilineo;Due carreggiate;Asciutto;Asfaltata;Verticale ed orizzontale;Nuvoloso;Normale;Buona;Ore Diurne;1;0;0;1;12.5141;41.9923;-1;1;Autovettura privata;In marcia / fermata / arresto;Conducente;F;Illeso;0;;Non accertato;Inesploso
4326189;4;12/04/2019 15:10:00;Statale entro l'abitato;VIA SALARIA;da specificare;;;;in corrispondenza della rampa per Via Cortona;Scontro laterale fra veicoli in marcia;Rettilineo;Due carreggiate;Asciutto;Asfaltata;Verticale ed orizzontale;Nuvoloso;Normale;Buona;Ore Diurne;1;0;0;1;12.5141;41.9923;-1;2;Motociclo a solo;In marcia / fermata / arresto;Conducente;M;Rimandato;0;NON DECEDUTO;Non accertato;
4326209;4;12/04/2019 08:35:00;Strada Urbana;VIA ELSA DE' GIORGI;da specificare;;;;ROTATORIA DIREZIONE GRA;Scontro laterale fra veicoli in marcia;Rotatoria;Una carreggiata a senso unico di marcia;Asciutto;Asfaltata;Verticale ed orizzontale;Sereno;Normale;Buona;Ore Diurne;0;0;0;2;12.5395;41.967;-1;1;Autovettura privata;In marcia / fermata / arresto;Conducente;M;Illeso;0;;;
4326209;4;12/04/2019 08:35:00;Strada Urbana;VIA ELSA DE' GIORGI;da specificare;;;;ROTATORIA DIREZIONE GRA;Scontro laterale fra veicoli in marcia;Rotatoria;Una carreggiata a senso unico di marcia;Asciutto;Asfaltata;Verticale ed orizzontale;Sereno;Normale;Buona;Ore Diurne;0;0;0;2;12.5395;41.967;-1;2;Autovettura privata;In marcia / fermata / arresto;Conducente;F;Illeso;0;;;
4326230;4;12/04/2019 09:40:00;Strada Urbana;PIAZZA FERNANDO DE LUCIA;in prossimità;;del civico n.;110;;Veicolo in marcia contro ostacolo accidentale;Curva a visuale libera;Due carreggiate;Asciutto;Asfaltata;Verticale;Sereno;Normale;Buona;Ore Diurne;0;0;0;1;12.5141;41.9659;-1;1;Autovettura privata;In marcia / fermata / arresto;Conducente;M;Illeso;0;;Non accertato;
4326230;4;12/04/2019 09:40:00;Strada Urbana;PIAZZA FERNANDO DE LUCIA;in prossimità;;del civico n.;110;;Veicolo in marcia contro ostacolo accidentale;Curva a visuale libera;Due carreggiate;Asciutto;Asfaltata;Verticale;Sereno;Normale;Buona;Ore Diurne;0;0;0;1;12.5141;41.9659;-1;2;Autocarro superiore 35 q.;Sosta;;;;;;;
4326259;4;13/04/2019 03:20:00;Statale;VIA SALARIA;in prossimità;;del civico n.;712;;Veicolo in marcia contro ostacolo fisso;Rettilineo;Due carreggiate;Bagnato (pioggia);Asfaltata;Orizzontale;Nuvoloso;Scarso;Sufficiente;Sufficiente;1;0;0;0;12.5085;41.9438;-1;1;Autovettura privata;In marcia / fermata / arresto;Conducente;M;Rimandato;0;NON DECEDUTO;;
4326274;4;13/04/2019 00:40:00;Strada Urbana;VIA GIUSEPPE GIACOSA;in prossimità;;del civico n.;10;;Veicolo in marcia contro veicolo in sosta;Rettilineo;Una carreggiata a senso unico di marcia;Bagnato (pioggia);Asfaltata;Verticale;Nuvoloso;Scarso;Sufficiente;Sufficiente;0;0;0;1;12.5608;41.95;0;1;Autovettura privata;In marcia / fermata / arresto;Conducente;M;Illeso;0;;;
4326274;4;13/04/2019 00:40:00;Strada Urbana;VIA GIUSEPPE GIACOSA;in prossimità;;del civico n.;10;;Veicolo in marcia contro veicolo in sosta;Rettilineo;Una carreggiata a senso unico di marcia;Bagnato (pioggia);Asfaltata;Verticale;Nuvoloso;Scarso;Sufficiente;Sufficiente;0;0;0;1;12.5608;41.95;0;2;Autovettura privata;Sosta;;;;;;;
4326783;12;13/04/2019 20:40:00;Strada Urbana;VIA APPIA ANTICA;all'intersezione con;VIA DI S. SEBASTIANO;VIA DI S. SEBASTIANO;;;Infortunio per caduta del veicolo;Incrocio;Due carreggiate;Bagnato (pioggia);In cubetti di porfido;Verticale ed orizzontale;Pioggia in atto;Scarso;Sufficiente;Sufficiente;1;0;0;0;12.5177;41.8547;-1;1;Motociclo a solo;In marcia / fermata / arresto;Conducente;F;Rimandato;0;NON DECEDUTO;Non accertato;
4326795;9;13/04/2019 16:50:00;Strada Urbana;VIA ALBANO;all'intersezione con;VIA GENZANO;VIA GENZANO;;;Scontro frontale/laterale DX fra veicoli in marcia;Intersezione stradale segnalata;Una carreggiata a doppio senso;Asciutto;Asfaltata;Verticale ed orizzontale;Nuvoloso;Normale;Buona;Ore Diurne;1;0;0;1;12.5329;41.8705;-1;1;Autovettura privata;In marcia / fermata / arresto;Conducente;M;Rimandato;0;NON DECEDUTO;Non accertato;Inesploso
4326795;9;13/04/2019 16:50:00;Strada Urbana;VIA ALBANO;all'intersezione con;VIA GENZANO;VIA GENZANO;;;Scontro frontale/laterale DX fra veicoli in marcia;Intersezione stradale segnalata;Una carreggiata a doppio senso;Asciutto;Asfaltata;Verticale ed orizzontale;Nuvoloso;Normale;Buona;Ore Diurne;1;0;0;1;12.5329;41.8705;-1;2;Autovettura privata;In marcia / fermata / arresto;Conducente;M;Illeso;0;;Non accertato;Inesploso
4326818;20;13/04/2019 16:25:00;Strada Urbana;VIA LUCIO CASSIO;in prossimità;;del civico n.;44;;Veicolo in marcia contro veicolo in sosta;Rettilineo;Una carreggiata a senso unico di marcia;Asciutto;Asfaltata;Assente;Sereno;Scarso;Buona;Ore Diurne;0;0;0;2;12.4391;41.9696;-1;1;Autocarro inferiore 35 q.;In marcia / fermata / arresto;Conducente;M;Illeso;0;;Non accertato;
4326818;20;13/04/2019 16:25:00;Strada Urbana;VIA LUCIO CASSIO;in prossimità;;del civico n.;44;;Veicolo in marcia contro veicolo in sosta;Rettilineo;Una carreggiata a senso unico di marcia;Asciutto;Asfaltata;Assente;Sereno;Scarso;Buona;Ore Diurne;0;0;0;2;12.4391;41.9696;-1;1;Autocarro inferiore 35 q.;In marcia / fermata / arresto;Passeggero;F;Illeso;0;;Non accertato;
4326818;20;13/04/2019 16:25:00;Strada Urbana;VIA LUCIO CASSIO;in prossimità;;del civico n.;44;;Veicolo in marcia contro veicolo in sosta;Rettilineo;Una carreggiata a senso unico di marcia;Asciutto;Asfaltata;Assente;Sereno;Scarso;Buona;Ore Diurne;0;0;0;2;12.4391;41.9696;-1;2;Autovettura privata;Sosta;;;;;;;
4326821;13;13/04/2019 12:15:00;Strada Urbana;VIA DEL CANALE DELLA LINGUA;all'intersezione con;VIALE DEI ROMAGNOLI;VIALE DEI ROMAGNOLI;;;Tamponamento;Incrocio;Una carreggiata a senso unico di marcia;Asciutto;Asfaltata;Verticale;Nuvoloso;Normale;Buona;Ore Diurne;0;0;0;2;12.3403;41.7412;-1;1;Autovettura privata;In marcia / fermata / arresto;Conducente;M;Illeso;0;;Non accertato;Inesploso
4326821;13;13/04/2019 12:15:00;Strada Urbana;VIA DEL CANALE DELLA LINGUA;all'intersezione con;VIALE DEI ROMAGNOLI;VIALE DEI ROMAGNOLI;;;Tamponamento;Incrocio;Una carreggiata a senso unico di marcia;Asciutto;Asfaltata;Verticale;Nuvoloso;Normale;Buona;Ore Diurne;0;0;0;2;12.3403;41.7412;-1;2;Autovettura privata;In marcia / fermata / arresto;Conducente;M;Illeso;0;;Non accertato;Inesploso
4326832;20;13/04/2019 15:40:00;Strada Urbana;VIALE DI TOR DI QUINTO;da specificare;;;;fronte civ 171;Fuoriuscita dalla sede stradale;Curva a visuale libera;Due carreggiate;Bagnato (umidità in atto);Asfaltata;Verticale ed orizzontale;Nuvoloso;Normale;Buona;Ore Diurne;0;0;0;1;12.4785;41.9447;-1;1;Autovettura privata;In marcia / fermata / arresto;Conducente;M;Illeso;0;;Non accertato;
4326837;13;13/04/2019 14:10:00;Strada Urbana;VIA GIUSEPPE MOLTENI;in corrispondenza;;del civico n.;202;;Veicolo in marcia contro ostacolo accidentale;Rettilineo;Una carreggiata a doppio senso;Asciutto;Con buche;Orizzontale;Nuvoloso;Normale;Buona;Ore Diurne;0;0;0;3;12.3471;41.7711;-1;1;Autovettura privata;In marcia / fermata / arresto;Conducente;F;Illeso;0;;Non accertato;Inesploso
4326837;13;13/04/2019 14:10:00;Strada Urbana;VIA GIUSEPPE MOLTENI;in corrispondenza;;del civico n.;202;;Veicolo in marcia contro ostacolo accidentale;Rettilineo;Una carreggiata a doppio senso;Asciutto;Con buche;Orizzontale;Nuvoloso;Normale;Buona;Ore Diurne;0;0;0;3;12.3471;41.7711;-1;1;Autovettura privata;In marcia / fermata / arresto;Passeggero;F;Illeso;0;;Non accertato;Inesploso
4326837;13;13/04/2019 14:10:00;Strada Urbana;VIA GIUSEPPE MOLTENI;in corrispondenza;;del civico n.;202;;Veicolo in marcia contro ostacolo accidentale;Rettilineo;Una carreggiata a doppio senso;Asciutto;Con buche;Orizzontale;Nuvoloso;Normale;Buona;Ore Diurne;0;0;0;3;12.3471;41.7711;-1;1;Autovettura privata;In marcia / fermata / arresto;Passeggero;F;Illeso;0;;Non accertato;Inesploso
4326863;13;13/04/2019 15:35:00;Strada Urbana;VIALE DI CASTEL PORZIANO;in corrispondenza;;del civico n.;358;;Scontro frontale/laterale DX fra veicoli in marcia;Rettilineo;Una carreggiata a doppio senso;Asciutto;Con buche;Verticale ed orizzontale;Nuvoloso;Normale;Sufficiente;Ore Diurne;0;0;0;3;12.3832;41.7403;-1;1;Autocarro inferiore 35 q.;In marcia / fermata / arresto;Conducente;M;Illeso;0;;;
4326863;13;13/04/2019 15:35:00;Strada Urbana;VIALE DI CASTEL PORZIANO;in corrispondenza;;del civico n.;358;;Scontro frontale/laterale DX fra veicoli in marcia;Rettilineo;Una carreggiata a doppio senso;Asciutto;Con buche;Verticale ed orizzontale;Nuvoloso;Normale;Sufficiente;Ore Diurne;0;0;0;3;12.3832;41.7403;-1;1;Autocarro inferiore 35 q.;In marcia / fermata / arresto;Passeggero;M;Illeso;0;;;
4326863;13;13/04/2019 15:35:00;Strada Urbana;VIALE DI CASTEL PORZIANO;in corrispondenza;;del civico n.;358;;Scontro frontale/laterale DX fra veicoli in marcia;Rettilineo;Una carreggiata a doppio senso;Asciutto;Con buche;Verticale ed orizzontale;Nuvoloso;Normale;Sufficiente;Ore Diurne;0;0;0;3;12.3832;41.7403;-1;2;Autovettura privata;In marcia / fermata / arresto;Conducente;M;Illeso;0;;;
4326864;20;13/04/2019 18:45:00;Provinciale;VIA BRACCIANENSE;in prossimità;;della chilometrica;7;;Veicolo in marcia contro ostacolo fisso;Curva a visuale libera;Una carreggiata a doppio senso;Bagnato (pioggia);Asfaltata;Verticale ed orizzontale;Pioggia in atto;Scarso;Sufficiente;Ore Diurne;0;0;0;1;12.301;42.0313;-1;1;Autovettura privata;In marcia / fermata / arresto;Conducente;M;Illeso;0;;Non accertato;
4326871;9;13/04/2019 18:10:00;Strada Urbana;VIA MONDRAGONE;all'intersezione con;VIA CASTRO DEI VOLSCI;VIA CASTRO DEI VOLSCI;;;Scontro frontale/laterale SX fra veicoli in marcia;Incrocio;Una carreggiata a doppio senso;Bagnato (pioggia);Asfaltata;Verticale;Pioggia in atto;Normale;Sufficiente;Ore Diurne;0;0;0;2;12.5318;41.8667;-1;1;Autovettura privata;In marcia / fermata / arresto;Conducente;M;Illeso;0;;Non accertato;Inesploso
4326871;9;13/04/2019 18:10:00;Strada Urbana;VIA MONDRAGONE;all'intersezione con;VIA CASTRO DEI VOLSCI;VIA CASTRO DEI VOLSCI;;;Scontro frontale/laterale SX fra veicoli in marcia;Incrocio;Una carreggiata a doppio senso;Bagnato (pioggia);Asfaltata;Verticale;Pioggia in atto;Normale;Sufficiente;Ore Diurne;0;0;0;2;12.5318;41.8667;-1;2;Autovettura privata;In marcia / fermata / arresto;Conducente;M;Illeso;0;;Non accertato;Inesploso
4326871;9;13/04/2019 18:10:00;Strada Urbana;VIA MONDRAGONE;all'intersezione con;VIA CASTRO DEI VOLSCI;VIA CASTRO DEI VOLSCI;;;Scontro frontale/laterale SX fra veicoli in marcia;Incrocio;Una carreggiata a doppio senso;Bagnato (pioggia);Asfaltata;Verticale;Pioggia in atto;Normale;Sufficiente;Ore Diurne;0;0;0;2;12.5318;41.8667;-1;3;Autovettura privata;Sosta;;;;;;;
4326871;9;13/04/2019 18:10:00;Strada Urbana;VIA MONDRAGONE;all'intersezione con;VIA CASTRO DEI VOLSCI;VIA CASTRO DEI VOLSCI;;;Scontro frontale/laterale SX fra veicoli in marcia;Incrocio;Una carreggiata a doppio senso;Bagnato (pioggia);Asfaltata;Verticale;Pioggia in atto;Normale;Sufficiente;Ore Diurne;0;0;0;2;12.5318;41.8667;-1;4;Autovettura privata;Sosta;;;;;;;
4326873;10;12/04/2019 09:30:00;Strada Urbana;VIA LAURENTINA;all'intersezione con;PIAZZALE GIULIO DOUHET;PIAZZALE GIULIO DOUHET;;;Tamponamento;Intersezione semaforizzata;Una carreggiata a senso unico di marcia;Asciutto;Asfaltata;Verticale ed orizzontale;Sereno;Intenso;Buona;Ore Diurne;0;0;0;2;12.4788;41.8259;-1;1;Autovettura privata;In marcia / fermata / arresto;Conducente;M;Illeso;0;;Non accertato;Inesploso
4326873;10;12/04/2019 09:30:00;Strada Urbana;VIA LAURENTINA;all'intersezione con;PIAZZALE GIULIO DOUHET;PIAZZALE GIULIO DOUHET;;;Tamponamento;Intersezione semaforizzata;Una carreggiata a senso unico di marcia;Asciutto;Asfaltata;Verticale ed orizzontale;Sereno;Intenso;Buona;Ore Diurne;0;0;0;2;12.4788;41.8259;-1;2;Autovettura privata;In marcia / fermata / arresto;Conducente;M;Illeso;0;;Non accertato;Inesploso
4326875;20;14/04/2019 04:00:00;Strada Urbana;GALLERIA GIOVANNI XXIII;in prossimità;;della chilometrica;1.4;;Veicolo in marcia contro ostacolo fisso;Galleria illuminata;Due carreggiate;Asciutto;Asfaltata;Orizzontale;Sereno;Scarso;Buona;Sufficiente;2;0;0;0;12.4411;41.9404;-1;1;Autovettura privata;In marcia / fermata / arresto;Conducente;M;Rimandato;0;NON DECEDUTO;Non accertato;Esploso
4326875;20;14/04/2019 04:00:00;Strada Urbana;GALLERIA GIOVANNI XXIII;in prossimità;;della chilometrica;1.4;;Veicolo in marcia contro ostacolo fisso;Galleria illuminata;Due carreggiate;Asciutto;Asfaltata;Orizzontale;Sereno;Scarso;Buona;Sufficiente;2;0;0;0;12.4411;41.9404;-1;1;Autovettura privata;In marcia / fermata / arresto;Passeggero;F;Rimandato;0;NON DECEDUTO;Non accertato;Esploso
4326890;10;13/04/2019 08:40:00;Strada Urbana;VIA TUSCOLANA;da specificare;;;;inv. di marcia regolata da semaforo f.c. 1245;Scontro frontale/laterale SX fra veicoli in marcia;Rettilineo;Più di due carreggiate;Asciutto;Asfaltata;Verticale ed orizzontale;Sereno;Normale;Buona;Ore Diurne;1;0;0;2;12.602;41.8361;-1;1;Autovettura privata;In marcia / fermata / arresto;Conducente;M;Illeso;0;;Non accertato;Esploso
4326890;10;13/04/2019 08:40:00;Strada Urbana;VIA TUSCOLANA;da specificare;;;;inv. di marcia regolata da semaforo f.c. 1245;Scontro frontale/laterale SX fra veicoli in marcia;Rettilineo;Più di due carreggiate;Asciutto;Asfaltata;Verticale ed orizzontale;Sereno;Normale;Buona;Ore Diurne;1;0;0;2;12.602;41.8361;-1;1;Autovettura privata;In marcia / fermata / arresto;Passeggero;F;Illeso;0;;Non accertato;Esploso
4326890;10;13/04/2019 08:40:00;Strada Urbana;VIA TUSCOLANA;da specificare;;;;inv. di marcia regolata da semaforo f.c. 1245;Scontro frontale/laterale SX fra veicoli in marcia;Rettilineo;Più di due carreggiate;Asciutto;Asfaltata;Verticale ed orizzontale;Sereno;Normale;Buona;Ore Diurne;1;0;0;2;12.602;41.8361;-1;2;Autovettura privata;In marcia / fermata / arresto;Conducente;F;Rimandato;0;NON DECEDUTO;Non accertato;Inesploso
4326902;20;12/04/2019 10:00:00;Strada Urbana;VIA VALDAGNO;in prossimità;;del civico n.;6;;Veicolo in marcia contro veicoli in sosta;Rettilineo;Una carreggiata a doppio senso;Asciutto;Asfaltata;Assente;Sereno;Normale;Buona;Ore Diurne;0;0;0;0;12.4708;41.9485;-1;1;Autovettura privata;Sosta;;;;;;;
4326902;20;12/04/2019 10:00:00;Strada Urbana;VIA VALDAGNO;in prossimità;;del civico n.;6;;Veicolo in marcia contro veicoli in sosta;Rettilineo;Una carreggiata a doppio senso;Asciutto;Asfaltata;Assente;Sereno;Normale;Buona;Ore Diurne;0;0;0;0;12.4708;41.9485;-1;2;Quadriciclo leggero;Sosta;;;;;;;
4326906;10;13/04/2019 09:30:00;Strada Urbana;VIA DEL QUADRARO;all'intersezione con;VIA CORNELIO LABEONE;VIA CORNELIO LABEONE;;;Investimento di pedone;Incrocio;Una carreggiata a senso unico di marcia;Asciutto;Asfaltata;Verticale ed orizzontale;Sereno;Intenso;Buona;Ore Diurne;1;0;0;2;12.5541;41.8599;-1;;;;Pedone;F;Illeso;0;;;
4326906;10;13/04/2019 09:30:00;Strada Urbana;VIA DEL QUADRARO;all'intersezione con;VIA CORNELIO LABEONE;VIA CORNELIO LABEONE;;;Investimento di pedone;Incrocio;Una carreggiata a senso unico di marcia;Asciutto;Asfaltata;Verticale ed orizzontale;Sereno;Intenso;Buona;Ore Diurne;1;0;0;2;12.5541;41.8599;-1;;;;Pedone;F;Rimandato;0;NON DECEDUTO;;
4326906;10;13/04/2019 09:30:00;Strada Urbana;VIA DEL QUADRARO;all'intersezione con;VIA CORNELIO LABEONE;VIA CORNELIO LABEONE;;;Investimento di pedone;Incrocio;Una carreggiata a senso unico di marcia;Asciutto;Asfaltata;Verticale ed orizzontale;Sereno;Intenso;Buona;Ore Diurne;1;0;0;2;12.5541;41.8599;-1;1;Autovettura privata;In marcia / fermata / arresto;Conducente;M;Illeso;0;;Non accertato;Inesploso
4326909;13;13/04/2019 18:35:00;Strada Urbana;VIA GIANDOMENICO BERTOLI;all'intersezione con;VIA CARLO ALBIZZATI;VIA CARLO ALBIZZATI;;;Scontro frontale/laterale DX fra veicoli in marcia;Incrocio;Una carreggiata a doppio senso;Asciutto;Asfaltata;Verticale;Nuvoloso;Normale;Sufficiente;Ore Diurne;0;0;0;3;12.3282;41.7843;-1;1;Autovettura privata;In marcia / fermata / arresto;Conducente;F;Illeso;0;;Non accertato;Inesploso
4326909;13;13/04/2019 18:35:00;Strada Urbana;VIA GIANDOMENICO BERTOLI;all'intersezione con;VIA CARLO ALBIZZATI;VIA CARLO ALBIZZATI;;;Scontro frontale/laterale DX fra veicoli in marcia;Incrocio;Una carreggiata a doppio senso;Asciutto;Asfaltata;Verticale;Nuvoloso;Normale;Sufficiente;Ore Diurne;0;0;0;3;12.3282;41.7843;-1;1;Autovettura privata;In marcia / fermata / arresto;Passeggero;M;Illeso;0;;Non accertato;Inesploso
4326909;13;13/04/2019 18:35:00;Strada Urbana;VIA GIANDOMENICO BERTOLI;all'intersezione con;VIA CARLO ALBIZZATI;VIA CARLO ALBIZZATI;;;Scontro frontale/laterale DX fra veicoli in marcia;Incrocio;Una carreggiata a doppio senso;Asciutto;Asfaltata;Verticale;Nuvoloso;Normale;Sufficiente;Ore Diurne;0;0;0;3;12.3282;41.7843;-1;2;Autovettura privata;In marcia / fermata / arresto;Conducente;F;Illeso;0;;Non accertato;Inesploso
4326916;10;13/04/2019 09:30:00;Strada Urbana;VIALE PALMIRO TOGLIATTI;in corrispondenza;;del civico n.;296;;Tamponamento;Rettilineo;Due carreggiate;Asciutto;Asfaltata;Verticale ed orizzontale;Sereno;Normale;Buona;Ore Diurne;2;0;0;1;12.5679;41.8666;-1;1;Autovettura pubblica;In marcia / fermata / arresto;Conducente;M;Rimandato;0;NON DECEDUTO;Non accertato;Inesploso
4326916;10;13/04/2019 09:30:00;Strada Urbana;VIALE PALMIRO TOGLIATTI;in corrispondenza;;del civico n.;296;;Tamponamento;Rettilineo;Due carreggiate;Asciutto;Asfaltata;Verticale ed orizzontale;Sereno;Normale;Buona;Ore Diurne;2;0;0;1;12.5679;41.8666;-1;1;Autovettura pubblica;In marcia / fermata / arresto;Passeggero;F;Rimandato;0;NON DECEDUTO;Non accertato;Inesploso
4326916;10;13/04/2019 09:30:00;Strada Urbana;VIALE PALMIRO TOGLIATTI;in corrispondenza;;del civico n.;296;;Tamponamento;Rettilineo;Due carreggiate;Asciutto;Asfaltata;Verticale ed orizzontale;Sereno;Normale;Buona;Ore Diurne;2;0;0;1;12.5679;41.8666;-1;2;Autocarro inferiore 35 q.;In marcia / fermata / arresto;Conducente;M;Illeso;0;;Non accertato;Inesploso