Protocollo;Gruppo;DataOraIncidente;Localizzazione1;STRADA1;Localizzazione2;STRADA2;Strada02;Chilometrica;DaSpecificare;NaturaIncidente;particolaritastrade;TipoStrada;FondoStradale;Pavimentazione;Segnaletica;CondizioneAtmosferica;Traffico;Visibilita;Illuminazione;NUM_FERITI;NUM_RISERVATA;NUM_MORTI;NUM_ILLESI;Longitudine;Latitudine;Confermato;Progressivo;TipoVeicolo;StatoVeicolo;TipoPersona;Sesso;Tipolesione;Deceduto;DecedutoDopo;CinturaCascoUtilizzato;Airbag;
4331702;8;16/04/2019 08:50:00;Strada Urbana;VIALE S. RITA DA CASCIA;all'intersezione con;VIALE PAOLO FERDINANDO QUAGLIA;VIALE PAOLO FERDINANDO QUAGLIA;;;Scontro laterale fra veicoli in marcia;Rotatoria;Una carreggiata a senso unico di marcia;Asciutto;Asfaltata;Verticale;Sereno;Intenso;Buona;Ore Diurne;0;0;0;2;12.6446;41.869;-1;1;Autovettura privata;In marcia / fermata / arresto;Conducente;F;Illeso;0;;Non accertato;Inesploso
4331702;8;16/04/2019 08:50:00;Strada Urbana;VIALE S. RITA DA CASCIA;all'intersezione con;VIALE PAOLO FERDINANDO QUAGLIA;VIALE PAOLO FERDINANDO QUAGLIA;;;Scontro laterale fra veicoli in marcia;Rotatoria;Una carreggiata a senso unico di marcia;Asciutto;Asfaltata;Verticale;Sereno;Intenso;Buona;Ore Diurne;0;0;0;2;12.6446;41.869;-1;2;Autovettura privata;In marcia / fermata / arresto;Conducente;M;Illeso;0;;Non accertato;Inesploso
4331708;8;16/04/2019 16:25:00;;VIA FERNANDO CONTI;in prossimità;;del civico n.;91;;Veicolo in marcia contro ostacolo accidentale;;;;;;;;;;0;0;0;1;;;0;1;Autovettura privata;In marcia / fermata / arresto;Conducente;M;Illeso;0;;;
4331709;20;16/04/2019 11:40:00;Strada Urbana;LARGO PASQUALE SARACENO;all'intersezione con;VIA VILFREDO PARETO;VIA VILFREDO PARETO;;;Scontro laterale fra veicoli in marcia;Incrocio;Due carreggiate;Asciutto;Asfaltata;Verticale ed orizzontale;Sereno;Normale;Buona;Ore Diurne;1;0;0;1;12.4681;41.9507;-1;1;Autovettura privata;In marcia / fermata / arresto;Conducente;M;Illeso;0;;Non accertato;
4331709;20;16/04/2019 11:40:00;Strada Urbana;LARGO PASQUALE SARACENO;all'intersezione con;VIA VILFREDO PARETO;VIA VILFREDO PARETO;;;Scontro laterale fra veicoli in marcia;Incrocio;Due carreggiate;Asciutto;Asfaltata;Verticale ed orizzontale;Sereno;Normale;Buona;Ore Diurne;1;0;0;1;12.4681;41.9507;-1;2;Motociclo a solo;In marcia / fermata / arresto;Conducente;M;Rifiuta cure immediate;0;NON DECEDUTO;Non accertato;
4331711;5;16/04/2019 08:00:00;Strada Urbana;VIA DI GROTTA DI GREGNA;da specificare;;;;all'altezza del ponte della A/24;Veicolo in marcia contro ostacolo accidentale;Rettilineo;Una carreggiata a doppio senso;Asciutto;Asfaltata;Verticale;Sereno;Intenso;Buona;Ore Diurne;0;0;0;1;12.566;41.9052;-1;1;Autovettura privata;In marcia / fermata / arresto;Conducente;F;Illeso;0;;Non accertato;Inesistente
4331713;8;16/04/2019 18:40:00;Strada Urbana;VIA DI TOR BELLA MONACA;all'intersezione con;VIA DOMENICO PARASACCHI;VIA DOMENICO PARASACCHI;;;Veicolo in marcia contro ostacolo fisso;Incrocio;Due carreggiate;Asciutto;Strada pavimentata dissestata;Temporanea di cantiere;Sereno;Intenso;Buona;Ore Diurne;0;0;0;1;;;0;1;Autobus di linea;In marcia / fermata / arresto;Conducente;M;Illeso;0;;;
4331714;9;16/04/2019 18:30:00;Strada Urbana;VIA ACAIA;in corrispondenza;;del civico n.;97;;Scontro laterale fra veicoli in marcia;Rettilineo;Una carreggiata a doppio senso;Asciutto;Asfaltata;Verticale ed orizzontale;Sereno;Intenso;Buona;Ore Diurne;1;0;0;1;12.5072;41.8749;-1;1;Autovettura privata;In marcia / fermata / arresto;Conducente;M;Illeso;0;;Non accertato;Inesploso
4331714;9;16/04/2019 18:30:00;Strada Urbana;VIA ACAIA;in corrispondenza;;del civico n.;97;;Scontro laterale fra veicoli in marcia;Rettilineo;Una carreggiata a doppio senso;Asciutto;Asfaltata;Verticale ed orizzontale;Sereno;Intenso;Buona;Ore Diurne;1;0;0;1;12.5072;41.8749;-1;2;Motociclo a solo;In marcia / fermata / arresto;Conducente;M;Rimandato;0;NON DECEDUTO;Non accertato;
4331715;11;16/04/2019 16:30:00;Strada Urbana;VIA DI TOR CARBONE;in corrispondenza;;del civico n.;37;;Veicolo in marcia contro veicolo fermo;Rettilineo;Una carreggiata a doppio senso;Asciutto;Asfaltata;Orizzontale;Sereno;Intenso;Buona;Ore Diurne;1;0;0;1;12.5375;41.8332;-1;1;Autocarro inferiore 35 q.;In marcia / fermata / arresto;Conducente;M;Illeso;0;;;
4331715;11;16/04/2019 16:30:00;Strada Urbana;VIA DI TOR CARBONE;in corrispondenza;;del civico n.;37;;Veicolo in marcia contro veicolo fermo;Rettilineo;Una carreggiata a doppio senso;Asciutto;Asfaltata;Orizzontale;Sereno;Intenso;Buona;Ore Diurne;1;0;0;1;12.5375;41.8332;-1;2;Autocarro inferiore 35 q.;In marcia / fermata / arresto;Conducente;M;Rimandato;0;NON DECEDUTO;;
4331717;11;16/04/2019 17:20:00;Strada Urbana;VIALE DEL TINTORETTO;all'intersezione con;VIA ALESSIO BALDOVINETTI;VIA ALESSIO BALDOVINETTI;;;Tamponamento;Incrocio;Una carreggiata a doppio senso;Asciutto;Asfaltata;Verticale ed orizzontale;Sereno;Normale;Buona;Ore Diurne;0;0;0;4;12.4947;41.8333;-1;1;Autovettura privata;In marcia / fermata / arresto;Conducente;M;Illeso;0;;;
4331717;11;16/04/2019 17:20:00;Strada Urbana;VIALE DEL TINTORETTO;all'intersezione con;VIA ALESSIO BALDOVINETTI;VIA ALESSIO BALDOVINETTI;;;Tamponamento;Incrocio;Una carreggiata a doppio senso;Asciutto;Asfaltata;Verticale ed orizzontale;Sereno;Normale;Buona;Ore Diurne;0;0;0;4;12.4947;41.8333;-1;1;Autovettura privata;In marcia / fermata / arresto;Passeggero;F;Illeso;0;;;
4331717;11;16/04/2019 17:20:00;Strada Urbana;VIALE DEL TINTORETTO;all'intersezione con;VIA ALESSIO BALDOVINETTI;VIA ALESSIO BALDOVINETTI;;;Tamponamento;Incrocio;Una carreggiata a doppio senso;Asciutto;Asfaltata;Verticale ed orizzontale;Sereno;Normale;Buona;Ore Diurne;0;0;0;4;12.4947;41.8333;-1;2;Autovettura privata;In marcia / fermata / arresto;Conducente;M;Illeso;0;;;
4331717;11;16/04/2019 17:20:00;Strada Urbana;VIALE DEL TINTORETTO;all'intersezione con;VIA ALESSIO BALDOVINETTI;VIA ALESSIO BALDOVINETTI;;;Tamponamento;Incrocio;Una carreggiata a doppio senso;Asciutto;Asfaltata;Verticale ed orizzontale;Sereno;Normale;Buona;Ore Diurne;0;0;0;4;12.4947;41.8333;-1;2;Autovettura privata;In marcia / fermata / arresto;Passeggero;F;Illeso;0;;;
4331722;20;16/04/2019 11:25:00;Strada Urbana;VIA DEGLI ORTI DELLA FARNESINA;da specificare;;;;prossimità fermata atac palina n° 72265;Scontro laterale fra veicoli in marcia;Rettilineo;Una carreggiata a doppio senso;Asciutto;Asfaltata;Verticale ed orizzontale;Nuvoloso;Normale;Buona;Ore Diurne;0;0;0;2;12.4622;41.9424;-1;1;Motociclo a solo;In marcia / fermata / arresto;Conducente;M;Illeso;0;;Non accertato;
4331722;20;16/04/2019 11:25:00;Strada Urbana;VIA DEGLI ORTI DELLA FARNESINA;da specificare;;;;prossimità fermata atac palina n° 72265;Scontro laterale fra veicoli in marcia;Rettilineo;Una carreggiata a doppio senso;Asciutto;Asfaltata;Verticale ed orizzontale;Nuvoloso;Normale;Buona;Ore Diurne;0;0;0;2;12.4622;41.9424;-1;2;Autovettura privata;In marcia / fermata / arresto;Conducente;M;Illeso;0;;Non accertato;
4331728;5;16/04/2019 10:00:00;Strada Urbana;VIA TIBURTINA;da specificare;;;;altezza GRA;Scontro laterale fra veicoli in marcia;Rettilineo;Una carreggiata a doppio senso;Asciutto;Asfaltata;Orizzontale;Sereno;Intenso;Buona;Ore Diurne;0;0;0;2;12.6023;41.9335;-1;1;Autovettura privata;In marcia / fermata / arresto;Conducente;M;Illeso;0;;Non accertato;
4331728;5;16/04/2019 10:00:00;Strada Urbana;VIA TIBURTINA;da specificare;;;;altezza GRA;Scontro laterale fra veicoli in marcia;Rettilineo;Una carreggiata a doppio senso;Asciutto;Asfaltata;Orizzontale;Sereno;Intenso;Buona;Ore Diurne;0;0;0;2;12.6023;41.9335;-1;1;Autovettura privata;In marcia / fermata / arresto;Passeggero;F;Illeso;0;;Non accertato;
4331728;5;16/04/2019 10:00:00;Strada Urbana;VIA TIBURTINA;da specificare;;;;altezza GRA;Scontro laterale fra veicoli in marcia;Rettilineo;Una carreggiata a doppio senso;Asciutto;Asfaltata;Orizzontale;Sereno;Intenso;Buona;Ore Diurne;0;0;0;2;12.6023;41.9335;-1;2;Rimorchio;Allontanatosi;;;;;;;
4331743;19;16/04/2019 08:00:00;Strada Urbana;VIALE DELLE MEDAGLIE D'ORO;in corrispondenza;;del civico n.;99;;Scontro frontale/laterale DX fra veicoli in marcia;Rettilineo;Una carreggiata a doppio senso;Asciutto;Asfaltata;Assente;Sereno;Intenso;Buona;Ore Diurne;1;0;0;1;12.4444;41.9112;-1;1;Autovettura privata;In marcia / fermata / arresto;Conducente;M;Illeso;0;;;
4331743;19;16/04/2019 08:00:00;Strada Urbana;VIALE DELLE MEDAGLIE D'ORO;in corrispondenza;;del civico n.;99;;Scontro frontale/laterale DX fra veicoli in marcia;Rettilineo;Una carreggiata a doppio senso;Asciutto;Asfaltata;Assente;Sereno;Intenso;Buona;Ore Diurne;1;0;0;1;12.4444;41.9112;-1;2;Motociclo a solo;In marcia / fermata / arresto;Conducente;M;Rimandato;0;NON DECEDUTO;;
4331746;5;16/04/2019 11:20:00;Strada Urbana;VIA DI CASAL BIANCO;in prossimità;;del civico n.;155;;Scontro frontale/laterale SX fra veicoli in marcia;Rettilineo;Una carreggiata a doppio senso;Asciutto;Asfaltata;Assente;Sereno;Normale;Buona;Ore Diurne;1;0;0;1;12.6295;41.9422;-1;1;Motociclo a solo;In marcia / fermata / arresto;Conducente;M;Rimandato;0;NON DECEDUTO;Non accertato;
4331746;5;16/04/2019 11:20:00;Strada Urbana;VIA DI CASAL BIANCO;in prossimità;;del civico n.;155;;Scontro frontale/laterale SX fra veicoli in marcia;Rettilineo;Una carreggiata a doppio senso;Asciutto;Asfaltata;Assente;Sereno;Normale;Buona;Ore Diurne;1;0;0;1;12.6295;41.9422;-1;2;Autovettura privata;In marcia / fermata / arresto;Conducente;F;Illeso;0;;Non accertato;Inesploso
4331768;19;16/04/2019 23:45:00;Strada Urbana;VIA AUGUSTO TEBALDI;all'intersezione con;VIA GIUSEPPE GIROLAMI;VIA GIUSEPPE GIROLAMI;;;Scontro frontale/laterale DX fra veicoli in marcia;Incrocio;Una carreggiata a senso unico di marcia;Asciutto;Asfaltata;Verticale;Sereno;Normale;Sufficiente;Sufficiente;1;0;0;2;12.415;41.9289;-1;1;Autovettura privata;In marcia / fermata / arresto;Conducente;F;Illeso;0;;;
4331768;19;16/04/2019 23:45:00;Strada Urbana;VIA AUGUSTO TEBALDI;all'intersezione con;VIA GIUSEPPE GIROLAMI;VIA GIUSEPPE GIROLAMI;;;Scontro frontale/laterale DX fra veicoli in marcia;Incrocio;Una carreggiata a senso unico di marcia;Asciutto;Asfaltata;Verticale;Sereno;Normale;Sufficiente;Sufficiente;1;0;0;2;12.415;41.9289;-1;2;Autovettura privata;In marcia / fermata / arresto;Conducente;M;Illeso;0;;;
4331768;19;16/04/2019 23:45:00;Strada Urbana;VIA AUGUSTO TEBALDI;all'intersezione con;VIA GIUSEPPE GIROLAMI;VIA GIUSEPPE GIROLAMI;;;Scontro frontale/laterale DX fra veicoli in marcia;Incrocio;Una carreggiata a senso unico di marcia;Asciutto;Asfaltata;Verticale;Sereno;Normale;Sufficiente;Sufficiente;1;0;0;2;12.415;41.9289;-1;2;Autovettura privata;In marcia / fermata / arresto;Passeggero;M;Rimandato;0;NON DECEDUTO;;
4331772;11;16/04/2019 09:00:00;Strada Urbana;VIA OSTIENSE;in prossimità;;del civico n.;166;;Tamponamento;Rettilineo;Due carreggiate;Asciutto;Asfaltata;Verticale ed orizzontale;Sereno;Normale;Buona;Ore Diurne;1;0;0;1;12.4787;41.864;0;1;Autovettura privata;In marcia / fermata / arresto;Conducente;M;Illeso;0;;;
4331772;11;16/04/2019 09:00:00;Strada Urbana;VIA OSTIENSE;in prossimità;;del civico n.;166;;Tamponamento;Rettilineo;Due carreggiate;Asciutto;Asfaltata;Verticale ed orizzontale;Sereno;Normale;Buona;Ore Diurne;1;0;0;1;12.4787;41.864;0;2;Motociclo con passeggero;In marcia / fermata / arresto;Conducente;M;Rimandato;0;NON DECEDUTO;;
4331775;11;16/04/2019 23:30:00;Strada Urbana;VIA LAURENTINA;all'intersezione semaforizzata con;VIA DEL SERAFICO;VIA DEL SERAFICO;;;Scontro laterale fra veicoli in marcia;Intersezione semaforizzata;Due carreggiate;Asciutto;Asfaltata;Verticale ed orizzontale;Sereno;Scarso;Sufficiente;Sufficiente;0;0;0;3;12.4805;41.8299;-1;1;Autovettura privata;In marcia / fermata / arresto;Conducente;M;Illeso;0;;;
4331775;11;16/04/2019 23:30:00;Strada Urbana;VIA LAURENTINA;all'intersezione semaforizzata con;VIA DEL SERAFICO;VIA DEL SERAFICO;;;Scontro laterale fra veicoli in marcia;Intersezione semaforizzata;Due carreggiate;Asciutto;Asfaltata;Verticale ed orizzontale;Sereno;Scarso;Sufficiente;Sufficiente;0;0;0;3;12.4805;41.8299;-1;1;Autovettura privata;In marcia / fermata / arresto;Passeggero;F;Illeso;0;;;
4331775;11;16/04/2019 23:30:00;Strada Urbana;VIA LAURENTINA;all'intersezione semaforizzata con;VIA DEL SERAFICO;VIA DEL SERAFICO;;;Scontro laterale fra veicoli in marcia;Intersezione semaforizzata;Due carreggiate;Asciutto;Asfaltata;Verticale ed orizzontale;Sereno;Scarso;Sufficiente;Sufficiente;0;0;0;3;12.4805;41.8299;-1;2;Autovettura privata;In marcia / fermata / arresto;Conducente;F;Illeso;0;;;
4331785;13;16/04/2019 10:40:00;Strada Urbana;VIALE DELLA VILLA DI PLINIO;da specificare;;;;dir. via dei Pescatori altezza fontanella;Veicolo in marcia contro ostacolo accidentale;Rettilineo;Due carreggiate;Asciutto;Con buche;Orizzontale;Sereno;Normale;Buona;Ore Diurne;0;0;0;2;12.3413;41.7148;-1;1;Autovettura privata;In marcia / fermata / arresto;Conducente;F;Illeso;0;;Non accertato;Inesploso
4331785;13;16/04/2019 10:40:00;Strada Urbana;VIALE DELLA VILLA DI PLINIO;da specificare;;;;dir. via dei Pescatori altezza fontanella;Veicolo in marcia contro ostacolo accidentale;Rettilineo;Due carreggiate;Asciutto;Con buche;Orizzontale;Sereno;Normale;Buona;Ore Diurne;0;0;0;2;12.3413;41.7148;-1;1;Autovettura privata;In marcia / fermata / arresto;Passeggero;M;Illeso;0;;Non accertato;Inesploso
4331794;17;16/04/2019 17:45:00;Strada Urbana;VIA LEONE IV;in prossimità;;del civico n.;64;;Veicolo in marcia contro veicolo in sosta;Rettilineo;Una carreggiata a doppio senso;Asciutto;Asfaltata;Verticale ed orizzontale;Sereno;Intenso;Buona;Ore Diurne;0;0;0;3;12.4548;41.91;0;1;Autovettura privata;In marcia / fermata / arresto;Conducente;M;Illeso;0;;;
4331794;17;16/04/2019 17:45:00;Strada Urbana;VIA LEONE IV;in prossimità;;del civico n.;64;;Veicolo in marcia contro veicolo in sosta;Rettilineo;Una carreggiata a doppio senso;Asciutto;Asfaltata;Verticale ed orizzontale;Sereno;Intenso;Buona;Ore Diurne;0;0;0;3;12.4548;41.91;0;1;Autovettura privata;In marcia / fermata / arresto;Passeggero;M;Illeso;0;;;
4331794;17;16/04/2019 17:45:00;Strada Urbana;VIA LEONE IV;in prossimità;;del civico n.;64;;Veicolo in marcia contro veicolo in sosta;Rettilineo;Una carreggiata a doppio senso;Asciutto;Asfaltata;Verticale ed orizzontale;Sereno;Intenso;Buona;Ore Diurne;0;0;0;3;12.4548;41.91;0;1;Autovettura privata;In marcia / fermata / arresto;Passeggero;F;Illeso;0;;;
4331794;17;16/04/2019 17:45:00;Strada Urbana;VIA LEONE IV;in prossimità;;del civico n.;64;;Veicolo in marcia contro veicolo in sosta;Rettilineo;Una carreggiata a doppio senso;Asciutto;Asfaltata;Verticale ed orizzontale;Sereno;Intenso;Buona;Ore Diurne;0;0;0;3;12.4548;41.91;0;2;Motociclo a solo;Sosta;;;;;;;
4331803;20;16/04/2019 03:45:00;Strada Urbana;VIA GIUSEPPE CANNATA;in prossimità;;del civico n.;72;;Veicolo in marcia contro veicolo in sosta;Rettilineo;Una carreggiata a doppio senso;Asciutto;Asfaltata;Assente;Sereno;Scarso;Buona;Ore Diurne;0;0;0;2;12.38;42.0197;-1;1;Autovettura privata;Sosta;;;;;;;
4331803;20;16/04/2019 03:45:00;Strada Urbana;VIA GIUSEPPE CANNATA;in prossimità;;del civico n.;72;;Veicolo in marcia contro veicolo in sosta;Rettilineo;Una carreggiata a doppio senso;Asciutto;Asfaltata;Assente;Sereno;Scarso;Buona;Ore Diurne;0;0;0;2;12.38;42.0197;-1;2;Autovettura privata;In marcia / fermata / arresto;Conducente;M;Illeso;0;;;
4331803;20;16/04/2019 03:45:00;Strada Urbana;VIA GIUSEPPE CANNATA;in prossimità;;del civico n.;72;;Veicolo in marcia contro veicolo in sosta;Rettilineo;Una carreggiata a doppio senso;Asciutto;Asfaltata;Assente;Sereno;Scarso;Buona;Ore Diurne;0;0;0;2;12.38;42.0197;-1;2;Autovettura privata;In marcia / fermata / arresto;Passeggero;M;Illeso;0;;Non accertato;Inesploso
4331807;4;16/04/2019 14:50:00;Strada Urbana;VIA DEI PRATI FISCALI;da specificare;;;;f.c. 271;Scontro frontale/laterale SX fra veicoli in marcia;Curva a visuale libera;Due carreggiate;Asciutto;Asfaltata;Verticale ed orizzontale;Sereno;Normale;Buona;Ore Diurne;0;0;0;2;12.5165;41.9461;-1;1;Autovettura privata;In marcia / fermata / arresto;Conducente;F;Illeso;0;;;
4331807;4;16/04/2019 14:50:00;Strada Urbana;VIA DEI PRATI FISCALI;da specificare;;;;f.c. 271;Scontro frontale/laterale SX fra veicoli in marcia;Curva a visuale libera;Due carreggiate;Asciutto;Asfaltata;Verticale ed orizzontale;Sereno;Normale;Buona;Ore Diurne;0;0;0;2;12.5165;41.9461;-1;2;Autovettura privata;In marcia / fermata / arresto;Conducente;M;Illeso;0;;;
4331816;5;16/04/2019 12:10:00;Strada Urbana;VIA DEI MONTI TIBURTINI;da specificare;;;;AREA PARCHEGGIO "S.PERTINI";Scontro frontale fra veicoli in marcia;Curva senza visuale libera;Una carreggiata a doppio senso;Asciutto;Asfaltata;Verticale ed orizzontale;Sereno;Scarso;Buona;Ore Diurne;1;0;0;2;12.5383;41.9196;-1;1;Autovettura privata;In marcia / fermata / arresto;Conducente;F;Rimandato;0;NON DECEDUTO;Non accertato;Esploso
4331816;5;16/04/2019 12:10:00;Strada Urbana;VIA DEI MONTI TIBURTINI;da specificare;;;;AREA PARCHEGGIO "S.PERTINI";Scontro frontale fra veicoli in marcia;Curva senza visuale libera;Una carreggiata a doppio senso;Asciutto;Asfaltata;Verticale ed orizzontale;Sereno;Scarso;Buona;Ore Diurne;1;0;0;2;12.5383;41.9196;-1;2;Autocarro inferiore 35 q.;In marcia / fermata / arresto;Conducente;M;Illeso;0;;Non accertato;Inesploso
4331816;5;16/04/2019 12:10:00;Strada Urbana;VIA DEI MONTI TIBURTINI;da specificare;;;;AREA PARCHEGGIO "S.PERTINI";Scontro frontale fra veicoli in marcia;Curva senza visuale libera;Una carreggiata a doppio senso;Asciutto;Asfaltata;Verticale ed orizzontale;Sereno;Scarso;Buona;Ore Diurne;1;0;0;2;12.5383;41.9196;-1;2;Autocarro inferiore 35 q.;In marcia / fermata / arresto;Passeggero;F;Illeso;0;;Non accertato;Inesploso
4331819;20;16/04/2019 18:35:00;Strada Urbana;LUNGOTEVERE MARESCIALLO DIAZ;da specificare;;;;prossimità bus n° 76577;Veicolo in marcia contro veicolo in sosta;Rettilineo;Due carreggiate;Asciutto;Asfaltata;Verticale;Sereno;Normale;Buona;Ore Diurne;1;0;0;0;12.462;41.9339;-1;1;Motociclo a solo;In marcia / fermata / arresto;Conducente;M;Rimandato;0;NON DECEDUTO;Non accertato;
4331819;20;16/04/2019 18:35:00;Strada Urbana;LUNGOTEVERE MARESCIALLO DIAZ;da specificare;;;;prossimità bus n° 76577;Veicolo in marcia contro veicolo in sosta;Rettilineo;Due carreggiate;Asciutto;Asfaltata;Verticale;Sereno;Normale;Buona;Ore Diurne;1;0;0;0;12.462;41.9339;-1;2;Quadriciclo;Sosta;;;;;;;
4331834;13;16/04/2019 08:50:00;Strada Urbana;VIA CESARE PASCUCCI;all'intersezione con;VIA ALESSANDRO STRADELLA;VIA ALESSANDRO STRADELLA;;;Scontro frontale/laterale DX fra veicoli in marcia;Incrocio;Una carreggiata a doppio senso;Asciutto;Asfaltata;Verticale ed orizzontale;Nuvoloso;Normale;Buona;Ore Diurne;0;0;0;4;12.3557;41.7401;-1;1;Autovettura privata;In marcia / fermata / arresto;Conducente;M;Illeso;0;;Non accertato;Inesploso
4331834;13;16/04/2019 08:50:00;Strada Urbana;VIA CESARE PASCUCCI;all'intersezione con;VIA ALESSANDRO STRADELLA;VIA ALESSANDRO STRADELLA;;;Scontro frontale/laterale DX fra veicoli in marcia;Incrocio;Una carreggiata a doppio senso;Asciutto;Asfaltata;Verticale ed orizzontale;Nuvoloso;Normale;Buona;Ore Diurne;0;0;0;4;12.3557;41.7401;-1;1;Autovettura privata;In marcia / fermata / arresto;Passeggero;F;Illeso;0;;Non accertato;Inesploso
4331834;13;16/04/2019 08:50:00;Strada Urbana;VIA CESARE PASCUCCI;all'intersezione con;VIA ALESSANDRO STRADELLA;VIA ALESSANDRO STRADELLA;;;Scontro frontale/laterale DX fra veicoli in marcia;Incrocio;Una carreggiata a doppio senso;Asciutto;Asfaltata;Verticale ed orizzontale;Nuvoloso;Normale;Buona;Ore Diurne;0;0;0;4;12.3557;41.7401;-1;2;Autovettura privata;In marcia / fermata / arresto;Conducente;M;Illeso;0;;Non accertato;Inesploso
4331834;13;16/04/2019 08:50:00;Strada Urbana;VIA CESARE PASCUCCI;all'intersezione con;VIA ALESSANDRO STRADELLA;VIA ALESSANDRO STRADELLA;;;Scontro frontale/laterale DX fra veicoli in marcia;Incrocio;Una carreggiata a doppio senso;Asciutto;Asfaltata;Verticale ed orizzontale;Nuvoloso;Normale;Buona;Ore Diurne;0;0;0;4;12.3557;41.7401;-1;2;Autovettura privata;In marcia / fermata / arresto;Passeggero;M;Illeso;0;;Non accertato;Inesploso
4331837;19;16/04/2019 12:00:00;Strada Urbana;VIA DEI CASALI DI TORREVECCHIA;in prossimità;;del civico n.;12;;Scontro frontale/laterale DX fra veicoli in marcia;Rettilineo;Una carreggiata a doppio senso;Asciutto;Asfaltata;Assente;Sereno;Scarso;Buona;Ore Diurne;1;0;0;1;12.4074;41.9211;-1;1;Autocarro inferiore 35 q.;In marcia / fermata / arresto;Conducente;M;Illeso;0;;Non accertato;Inesploso
4331837;19;16/04/2019 12:00:00;Strada Urbana;VIA DEI CASALI DI TORREVECCHIA;in prossimità;;del civico n.;12;;Scontro frontale/laterale DX fra veicoli in marcia;Rettilineo;Una carreggiata a doppio senso;Asciutto;Asfaltata;Assente;Sereno;Scarso;Buona;Ore Diurne;1;0;0;1;12.4074;41.9211;-1;2;Autovettura privata;In marcia / fermata / arresto;Conducente;M;Rimandato;0;NON DECEDUTO;Non accertato;Inesploso
4331840;11;16/04/2019 12:30:00;Strada Urbana;VIA CRISTOFORO COLOMBO;da specificare;;;;ALTEZZA LARGO FOCHETTI;Tamponamento Multiplo;Rettilineo;Più di due carreggiate;Asciutto;Asfaltata;Verticale ed orizzontale;Sereno;Normale;Buona;Ore Diurne;2;0;0;3;12.4965;41.8673;-1;1;Autovettura pubblica;In marcia / fermata / arresto;Conducente;M;Illeso;0;;Non accertato;
4331840;11;16/04/2019 12:30:00;Strada Urbana;VIA CRISTOFORO COLOMBO;da specificare;;;;ALTEZZA LARGO FOCHETTI;Tamponamento Multiplo;Rettilineo;Più di due carreggiate;Asciutto;Asfaltata;Verticale ed orizzontale;Sereno;Normale;Buona;Ore Diurne;2;0;0;3;12.4965;41.8673;-1;2;Autovettura privata;In marcia / fermata / arresto;Conducente;M;Illeso;0;;Non accertato;
4331840;11;16/04/2019 12:30:00;Strada Urbana;VIA CRISTOFORO COLOMBO;da specificare;;;;ALTEZZA LARGO FOCHETTI;Tamponamento Multiplo;Rettilineo;Più di due carreggiate;Asciutto;Asfaltata;Verticale ed orizzontale;Sereno;Normale;Buona;Ore Diurne;2;0;0;3;12.4965;41.8673;-1;2;Autovettura privata;In marcia / fermata / arresto;Passeggero;M;Rimandato;0;NON DECEDUTO;Non accertato;
4331840;11;16/04/2019 12:30:00;Strada Urbana;VIA CRISTOFORO COLOMBO;da specificare;;;;ALTEZZA LARGO FOCHETTI;Tamponamento Multiplo;Rettilineo;Più di due carreggiate;Asciutto;Asfaltata;Verticale ed orizzontale;Sereno;Normale;Buona;Ore Diurne;2;0;0;3;12.4965;41.8673;-1;2;Autovettura privata;In marcia / fermata / arresto;Passeggero;F;Rimandato;0;NON DECEDUTO;Non accertato;Inesploso
4331840;11;16/04/2019 12:30:00;Strada Urbana;VIA CRISTOFORO COLOMBO;da specificare;;;;ALTEZZA LARGO FOCHETTI;Tamponamento Multiplo;Rettilineo;Più di due carreggiate;Asciutto;Asfaltata;Verticale ed orizzontale;Sereno;Normale;Buona;Ore Diurne;2;0;0;3;12.4965;41.8673;-1;3;Autovettura pubblica;In marcia / fermata / arresto;Conducente;M;Illeso;0;;Non accertato;
4331841;19;16/04/2019 07:50:00;Strada Urbana;VIA UGO DE CAROLIS;all'intersezione semaforizzata con;LARGO DAMIANO CHIESA;LARGO DAMIANO CHIESA;;;Scontro frontale/laterale SX fra veicoli in marcia;Intersezione semaforizzata;Una carreggiata a doppio senso;Asciutto;Asfaltata;Verticale ed orizzontale;Sereno;Normale;Buona;Ore Diurne;2;0;0;0;12.4393;41.9169;-1;1;Autovettura privata;In marcia / fermata / arresto;Conducente;F;Rimandato;0;NON DECEDUTO;Non accertato;Inesploso
4331841;19;16/04/2019 07:50:00;Strada Urbana;VIA UGO DE CAROLIS;all'intersezione semaforizzata con;LARGO DAMIANO CHIESA;LARGO DAMIANO CHIESA;;;Scontro frontale/laterale SX fra veicoli in marcia;Intersezione semaforizzata;Una carreggiata a doppio senso;Asciutto;Asfaltata;Verticale ed orizzontale;Sereno;Normale;Buona;Ore Diurne;2;0;0;0;12.4393;41.9169;-1;2;Autovettura privata;In marcia / fermata / arresto;Conducente;M;Rifiuta cure immediate;0;NON DECEDUTO;Non accertato;Esploso
4331852;6;17/04/2019 01:00:00;Strada Urbana;VIA ATTILIO HORTIS;in corrispondenza;;del civico n.;26;;Veicolo in marcia contro veicoli in sosta;Rettilineo;Una carreggiata a senso unico di marcia;Asciutto;Asfaltata;Orizzontale;Sereno;Scarso;Sufficiente;Sufficiente;0;0;0;1;12.5484;41.8945;-1;1;Autovettura privata;In marcia / fermata / arresto;Conducente;M;Illeso;0;;Non accertato;Esploso
4331852;6;17/04/2019 01:00:00;Strada Urbana;VIA ATTILIO HORTIS;in corrispondenza;;del civico n.;26;;Veicolo in marcia contro veicoli in sosta;Rettilineo;Una carreggiata a senso unico di marcia;Asciutto;Asfaltata;Orizzontale;Sereno;Scarso;Sufficiente;Sufficiente;0;0;0;1;12.5484;41.8945;-1;2;Motociclo a solo;Sosta;;;;;;;