Protocollo;Gruppo;DataOraIncidente;Localizzazione1;STRADA1;Localizzazione2;STRADA2;Strada02;Chilometrica;DaSpecificare;NaturaIncidente;particolaritastrade;TipoStrada;FondoStradale;Pavimentazione;Segnaletica;CondizioneAtmosferica;Traffico;Visibilita;Illuminazione;NUM_FERITI;NUM_RISERVATA;NUM_MORTI;NUM_ILLESI;Longitudine;Latitudine;Confermato;Progressivo;TipoVeicolo;StatoVeicolo;TipoPersona;Sesso;Tipolesione;Deceduto;DecedutoDopo;CinturaCascoUtilizzato;Airbag;
4331852;6;17/04/2019 01:00:00;Strada Urbana;VIA ATTILIO HORTIS;in corrispondenza;;del civico n.;26;;Veicolo in marcia contro veicoli in sosta;Rettilineo;Una carreggiata a senso unico di marcia;Asciutto;Asfaltata;Orizzontale;Sereno;Scarso;Sufficiente;Sufficiente;0;0;0;1;12.5484;41.8945;-1;3;Autovettura privata;Sosta;;;;;;;
4331852;6;17/04/2019 01:00:00;Strada Urbana;VIA ATTILIO HORTIS;in corrispondenza;;del civico n.;26;;Veicolo in marcia contro veicoli in sosta;Rettilineo;Una carreggiata a senso unico di marcia;Asciutto;Asfaltata;Orizzontale;Sereno;Scarso;Sufficiente;Sufficiente;0;0;0;1;12.5484;41.8945;-1;4;Autovettura privata;Sosta;;;;;;;
4331852;6;17/04/2019 01:00:00;Strada Urbana;VIA ATTILIO HORTIS;in corrispondenza;;del civico n.;26;;Veicolo in marcia contro veicoli in sosta;Rettilineo;Una carreggiata a senso unico di marcia;Asciutto;Asfaltata;Orizzontale;Sereno;Scarso;Sufficiente;Sufficiente;0;0;0;1;12.5484;41.8945;-1;5;Motociclo a solo;Sosta;;;;;;;
4331852;6;17/04/2019 01:00:00;Strada Urbana;VIA ATTILIO HORTIS;in corrispondenza;;del civico n.;26;;Veicolo in marcia contro veicoli in sosta;Rettilineo;Una carreggiata a senso unico di marcia;Asciutto;Asfaltata;Orizzontale;Sereno;Scarso;Sufficiente;Sufficiente;0;0;0;1;12.5484;41.8945;-1;6;Autovettura privata;Sosta;;;;;;;
4331852;6;17/04/2019 01:00:00;Strada Urbana;VIA ATTILIO HORTIS;in corrispondenza;;del civico n.;26;;Veicolo in marcia contro veicoli in sosta;Rettilineo;Una carreggiata a senso unico di marcia;Asciutto;Asfaltata;Orizzontale;Sereno;Scarso;Sufficiente;Sufficiente;0;0;0;1;12.5484;41.8945;-1;7;Autovettura privata;Sosta;;;;;;;
4331854;17;16/04/2019 10:30:00;Strada Urbana;VIALE GIULIO CESARE;in corrispondenza;;del civico n.;41;;Scontro laterale fra veicoli in marcia;Rettilineo;Più di due carreggiate;Asciutto;Asfaltata;Verticale ed orizzontale;Sereno;Intenso;Buona;Ore Diurne;1;0;0;2;12.4658;41.9111;-1;1;Autocarro inferiore 35 q.;In marcia / fermata / arresto;Conducente;M;Illeso;0;;;
4331854;17;16/04/2019 10:30:00;Strada Urbana;VIALE GIULIO CESARE;in corrispondenza;;del civico n.;41;;Scontro laterale fra veicoli in marcia;Rettilineo;Più di due carreggiate;Asciutto;Asfaltata;Verticale ed orizzontale;Sereno;Intenso;Buona;Ore Diurne;1;0;0;2;12.4658;41.9111;-1;2;Autovettura privata;In marcia / fermata / arresto;Conducente;M;Illeso;0;;;
4331854;17;16/04/2019 10:30:00;Strada Urbana;VIALE GIULIO CESARE;in corrispondenza;;del civico n.;41;;Scontro laterale fra veicoli in marcia;Rettilineo;Più di due carreggiate;Asciutto;Asfaltata;Verticale ed orizzontale;Sereno;Intenso;Buona;Ore Diurne;1;0;0;2;12.4658;41.9111;-1;3;Motociclo a solo;In marcia / fermata / arresto;Conducente;M;Rimandato;0;NON DECEDUTO;;
4331859;4;16/04/2019 16:40:00;Strada Urbana;VIA DELLE VIGNE NUOVE;all'intersezione con;VIA CADIBONA;VIA CADIBONA;;;Tamponamento Multiplo;Intersezione stradale segnalata;Una carreggiata a doppio senso;Asciutto;Asfaltata;Verticale ed orizzontale;Sereno;Normale;Buona;Ore Diurne;0;0;0;5;12.5359;41.9545;-1;1;Autovettura privata;In marcia / fermata / arresto;Conducente;F;Illeso;0;;;
4331859;4;16/04/2019 16:40:00;Strada Urbana;VIA DELLE VIGNE NUOVE;all'intersezione con;VIA CADIBONA;VIA CADIBONA;;;Tamponamento Multiplo;Intersezione stradale segnalata;Una carreggiata a doppio senso;Asciutto;Asfaltata;Verticale ed orizzontale;Sereno;Normale;Buona;Ore Diurne;0;0;0;5;12.5359;41.9545;-1;1;Autovettura privata;In marcia / fermata / arresto;Passeggero;F;Illeso;0;;;
4331859;4;16/04/2019 16:40:00;Strada Urbana;VIA DELLE VIGNE NUOVE;all'intersezione con;VIA CADIBONA;VIA CADIBONA;;;Tamponamento Multiplo;Intersezione stradale segnalata;Una carreggiata a doppio senso;Asciutto;Asfaltata;Verticale ed orizzontale;Sereno;Normale;Buona;Ore Diurne;0;0;0;5;12.5359;41.9545;-1;2;Autovettura privata;In marcia / fermata / arresto;Conducente;F;Illeso;0;;;
4331859;4;16/04/2019 16:40:00;Strada Urbana;VIA DELLE VIGNE NUOVE;all'intersezione con;VIA CADIBONA;VIA CADIBONA;;;Tamponamento Multiplo;Intersezione stradale segnalata;Una carreggiata a doppio senso;Asciutto;Asfaltata;Verticale ed orizzontale;Sereno;Normale;Buona;Ore Diurne;0;0;0;5;12.5359;41.9545;-1;2;Autovettura privata;In marcia / fermata / arresto;Passeggero;F;Illeso;0;;;
4331859;4;16/04/2019 16:40:00;Strada Urbana;VIA DELLE VIGNE NUOVE;all'intersezione con;VIA CADIBONA;VIA CADIBONA;;;Tamponamento Multiplo;Intersezione stradale segnalata;Una carreggiata a doppio senso;Asciutto;Asfaltata;Verticale ed orizzontale;Sereno;Normale;Buona;Ore Diurne;0;0;0;5;12.5359;41.9545;-1;3;Autovettura privata;In marcia / fermata / arresto;Conducente;M;Illeso;0;;;
4331866;13;14/04/2019 17:35:00;Strada Urbana;VIALE DEI ROMAGNOLI;da specificare;;;;altezza via Cardinal Cibo;Veicolo in marcia contro veicolo fermo;Rettilineo;Una carreggiata a doppio senso;Bagnato (pioggia);Asfaltata;Verticale ed orizzontale;Pioggia in atto;Scarso;Buona;Sufficiente;0;0;0;2;12.3224;41.7691;-1;1;Autovettura privata;In marcia / fermata / arresto;Conducente;M;Illeso;0;;Non accertato;Inesploso
4331866;13;14/04/2019 17:35:00;Strada Urbana;VIALE DEI ROMAGNOLI;da specificare;;;;altezza via Cardinal Cibo;Veicolo in marcia contro veicolo fermo;Rettilineo;Una carreggiata a doppio senso;Bagnato (pioggia);Asfaltata;Verticale ed orizzontale;Pioggia in atto;Scarso;Buona;Sufficiente;0;0;0;2;12.3224;41.7691;-1;2;Autovettura privata;In marcia / fermata / arresto;Conducente;F;Illeso;0;;Non accertato;Inesploso
4331875;10;16/04/2019 19:45:00;Strada Urbana;VIA BRITANNIA;in prossimità;;del civico n.;46;;Scontro laterale fra veicoli in marcia;Rettilineo;Una carreggiata a doppio senso;Asciutto;Asfaltata;Verticale ed orizzontale;Sereno;Normale;Sufficiente;Sufficiente;0;0;0;2;12.5082;41.8791;-1;1;Autovettura privata;In marcia / fermata / arresto;Conducente;F;Illeso;0;;Non accertato;Inesploso
4331875;10;16/04/2019 19:45:00;Strada Urbana;VIA BRITANNIA;in prossimità;;del civico n.;46;;Scontro laterale fra veicoli in marcia;Rettilineo;Una carreggiata a doppio senso;Asciutto;Asfaltata;Verticale ed orizzontale;Sereno;Normale;Sufficiente;Sufficiente;0;0;0;2;12.5082;41.8791;-1;2;Autovettura privata;In marcia / fermata / arresto;Conducente;M;Illeso;0;;Non accertato;Inesploso
4331885;17;16/04/2019 14:00:00;Strada Urbana;PIAZZALE DEGLI EROI;da specificare;;;;fronte civico 13;Scontro frontale/laterale DX fra veicoli in marcia;Rettilineo;Più di due carreggiate;Asciutto;Asfaltata;Verticale ed orizzontale;Sereno;Scarso;Buona;Ore Diurne;0;0;0;2;12.4484;41.9094;-1;1;Motociclo a solo;In marcia / fermata / arresto;Conducente;M;Illeso;0;;;
4331885;17;16/04/2019 14:00:00;Strada Urbana;PIAZZALE DEGLI EROI;da specificare;;;;fronte civico 13;Scontro frontale/laterale DX fra veicoli in marcia;Rettilineo;Più di due carreggiate;Asciutto;Asfaltata;Verticale ed orizzontale;Sereno;Scarso;Buona;Ore Diurne;0;0;0;2;12.4484;41.9094;-1;2;Autovettura privata;In marcia / fermata / arresto;Conducente;F;Illeso;0;;;
4331903;5;16/04/2019 14:10:00;;VIA DEI DURANTINI;all'intersezione con;VIA FERONIA;VIA FERONIA;;;Scontro laterale fra veicoli in marcia;;;;;;;;;;0;0;0;0;;;0;1;Autovettura privata;In marcia / fermata / arresto;;;;;;;
4331903;5;16/04/2019 14:10:00;;VIA DEI DURANTINI;all'intersezione con;VIA FERONIA;VIA FERONIA;;;Scontro laterale fra veicoli in marcia;;;;;;;;;;0;0;0;0;;;0;2;Autovettura privata;In marcia / fermata / arresto;;;;;;;
4331909;4;16/04/2019 18:50:00;Strada Urbana;LARGO LUCHINO VISCONTI;all'intersezione con;VIALE CESCO BASEGGIO;VIALE CESCO BASEGGIO;;;Scontro laterale fra veicoli in marcia;Rotatoria;Una carreggiata a senso unico di marcia;Asciutto;Asfaltata;Verticale ed orizzontale;Sereno;Normale;Buona;Ore Diurne;0;0;0;3;12.5354;41.9655;-1;1;Autovettura privata;In marcia / fermata / arresto;Conducente;F;Illeso;0;;Non accertato;Inesploso
4331909;4;16/04/2019 18:50:00;Strada Urbana;LARGO LUCHINO VISCONTI;all'intersezione con;VIALE CESCO BASEGGIO;VIALE CESCO BASEGGIO;;;Scontro laterale fra veicoli in marcia;Rotatoria;Una carreggiata a senso unico di marcia;Asciutto;Asfaltata;Verticale ed orizzontale;Sereno;Normale;Buona;Ore Diurne;0;0;0;3;12.5354;41.9655;-1;2;Autovettura privata;In marcia / fermata / arresto;Conducente;F;Illeso;0;;Non accertato;Inesploso
4331909;4;16/04/2019 18:50:00;Strada Urbana;LARGO LUCHINO VISCONTI;all'intersezione con;VIALE CESCO BASEGGIO;VIALE CESCO BASEGGIO;;;Scontro laterale fra veicoli in marcia;Rotatoria;Una carreggiata a senso unico di marcia;Asciutto;Asfaltata;Verticale ed orizzontale;Sereno;Normale;Buona;Ore Diurne;0;0;0;3;12.5354;41.9655;-1;2;Autovettura privata;In marcia / fermata / arresto;Passeggero;F;Illeso;0;;Non accertato;Inesploso
4331917;16;16/04/2019 14:15:00;Strada Urbana;VIA FONTEIANA;all'intersezione con;PIAZZA OTTAVILLA;PIAZZA OTTAVILLA;;;Investimento di pedone;Incrocio;Due carreggiate;Asciutto;Asfaltata;Verticale ed orizzontale;Sereno;Normale;Buona;Ore Diurne;1;0;0;1;12.4544;41.8806;-1;;;;Pedone;F;Rimandato;0;NON DECEDUTO;;
4331917;16;16/04/2019 14:15:00;Strada Urbana;VIA FONTEIANA;all'intersezione con;PIAZZA OTTAVILLA;PIAZZA OTTAVILLA;;;Investimento di pedone;Incrocio;Due carreggiate;Asciutto;Asfaltata;Verticale ed orizzontale;Sereno;Normale;Buona;Ore Diurne;1;0;0;1;12.4544;41.8806;-1;1;Autovettura privata;In marcia / fermata / arresto;Conducente;M;Illeso;0;;Non accertato;Inesploso
4331941;17;16/04/2019 14:10:00;Strada Urbana;PIAZZA MONTE GRAPPA;da specificare;;;;corsia-raccordo  P.te Risorgimento/V.le Mazzini;Scontro frontale/laterale SX fra veicoli in marcia;Rettilineo;Una carreggiata a senso unico di marcia;Asciutto;Asfaltata;Verticale ed orizzontale;Sereno;Normale;Buona;Ore Diurne;0;0;0;2;12.4693;41.9187;-1;1;Quadriciclo leggero;In marcia / fermata / arresto;Conducente;F;Illeso;0;;;
4331941;17;16/04/2019 14:10:00;Strada Urbana;PIAZZA MONTE GRAPPA;da specificare;;;;corsia-raccordo  P.te Risorgimento/V.le Mazzini;Scontro frontale/laterale SX fra veicoli in marcia;Rettilineo;Una carreggiata a senso unico di marcia;Asciutto;Asfaltata;Verticale ed orizzontale;Sereno;Normale;Buona;Ore Diurne;0;0;0;2;12.4693;41.9187;-1;2;Motociclo a solo;In marcia / fermata / arresto;Conducente;M;Illeso;0;;;
4331946;3;17/04/2019 01:30:00;Strada Urbana;CIRCONVALLAZIONE NOMENTANA;da specificare;;;;dire s. giovanni alt caserma amione;Tamponamento;Rettilineo;Una carreggiata a senso unico di marcia;Asciutto;Asfaltata;Assente;Sereno;Scarso;Sufficiente;Sufficiente;2;0;0;1;12.527;41.9196;-1;1;Autovettura privata;In marcia / fermata / arresto;Conducente;M;Illeso;0;;Non accertato;Inesploso
4331946;3;17/04/2019 01:30:00;Strada Urbana;CIRCONVALLAZIONE NOMENTANA;da specificare;;;;dire s. giovanni alt caserma amione;Tamponamento;Rettilineo;Una carreggiata a senso unico di marcia;Asciutto;Asfaltata;Assente;Sereno;Scarso;Sufficiente;Sufficiente;2;0;0;1;12.527;41.9196;-1;2;Autovettura privata;In marcia / fermata / arresto;Conducente;M;Rimandato;0;NON DECEDUTO;Non accertato;Inesploso
4331946;3;17/04/2019 01:30:00;Strada Urbana;CIRCONVALLAZIONE NOMENTANA;da specificare;;;;dire s. giovanni alt caserma amione;Tamponamento;Rettilineo;Una carreggiata a senso unico di marcia;Asciutto;Asfaltata;Assente;Sereno;Scarso;Sufficiente;Sufficiente;2;0;0;1;12.527;41.9196;-1;2;Autovettura privata;In marcia / fermata / arresto;Passeggero;F;Rimandato;0;NON DECEDUTO;Non accertato;Inesploso
4331952;16;16/04/2019 15:45:00;Strada Urbana;VIA VITELLIA;all'intersezione con;VIA LUDOVICA ALBERTONI;VIA LUDOVICA ALBERTONI;;;Scontro frontale/laterale SX fra veicoli in marcia;Intersezione stradale segnalata;Una carreggiata a senso unico di marcia;Asciutto;Asfaltata;Verticale ed orizzontale;Sereno;Normale;Buona;Ore Diurne;1;0;0;1;12.4484;41.8801;-1;1;Autovettura privata;In marcia / fermata / arresto;Conducente;M;Illeso;0;;;
4331952;16;16/04/2019 15:45:00;Strada Urbana;VIA VITELLIA;all'intersezione con;VIA LUDOVICA ALBERTONI;VIA LUDOVICA ALBERTONI;;;Scontro frontale/laterale SX fra veicoli in marcia;Intersezione stradale segnalata;Una carreggiata a senso unico di marcia;Asciutto;Asfaltata;Verticale ed orizzontale;Sereno;Normale;Buona;Ore Diurne;1;0;0;1;12.4484;41.8801;-1;2;Motociclo a solo;In marcia / fermata / arresto;Conducente;M;Rimandato;0;NON DECEDUTO;;
4331962;4;16/04/2019 20:15:00;Strada Urbana;VIA NOMENTANA;in corrispondenza;;del civico n.;1085;;Scontro frontale/laterale DX fra veicoli in marcia;Rettilineo;Due carreggiate;Asciutto;Asfaltata;Verticale ed orizzontale;Sereno;Scarso;Sufficiente;Sufficiente;1;0;0;1;12.5718;41.9525;-1;1;Autovettura privata;In marcia / fermata / arresto;Conducente;M;Rimandato;0;NON DECEDUTO;Non accertato;
4331962;4;16/04/2019 20:15:00;Strada Urbana;VIA NOMENTANA;in corrispondenza;;del civico n.;1085;;Scontro frontale/laterale DX fra veicoli in marcia;Rettilineo;Due carreggiate;Asciutto;Asfaltata;Verticale ed orizzontale;Sereno;Scarso;Sufficiente;Sufficiente;1;0;0;1;12.5718;41.9525;-1;2;Motociclo a solo;In marcia / fermata / arresto;Conducente;M;Illeso;0;;Non accertato;
4331972;5;16/04/2019 18:30:00;Strada Urbana;VIA DI CASAL DEI PAZZI;in prossimità;;del civico n.;11;;Scontro laterale fra veicoli in marcia;Rettilineo;Una carreggiata a doppio senso;Asciutto;Asfaltata;Orizzontale;Sereno;Normale;Buona;Ore Diurne;2;0;0;2;12.571;41.9251;-1;1;Motociclo con passeggero;In marcia / fermata / arresto;Conducente;M;Rimandato;0;NON DECEDUTO;Non accertato;
4331972;5;16/04/2019 18:30:00;Strada Urbana;VIA DI CASAL DEI PAZZI;in prossimità;;del civico n.;11;;Scontro laterale fra veicoli in marcia;Rettilineo;Una carreggiata a doppio senso;Asciutto;Asfaltata;Orizzontale;Sereno;Normale;Buona;Ore Diurne;2;0;0;2;12.571;41.9251;-1;1;Motociclo con passeggero;In marcia / fermata / arresto;Passeggero;F;Rimandato;0;NON DECEDUTO;Non accertato;
4331972;5;16/04/2019 18:30:00;Strada Urbana;VIA DI CASAL DEI PAZZI;in prossimità;;del civico n.;11;;Scontro laterale fra veicoli in marcia;Rettilineo;Una carreggiata a doppio senso;Asciutto;Asfaltata;Orizzontale;Sereno;Normale;Buona;Ore Diurne;2;0;0;2;12.571;41.9251;-1;2;Autovettura di polizia;In marcia / fermata / arresto;Conducente;M;Illeso;0;;Non accertato;Inesploso
4331972;5;16/04/2019 18:30:00;Strada Urbana;VIA DI CASAL DEI PAZZI;in prossimità;;del civico n.;11;;Scontro laterale fra veicoli in marcia;Rettilineo;Una carreggiata a doppio senso;Asciutto;Asfaltata;Orizzontale;Sereno;Normale;Buona;Ore Diurne;2;0;0;2;12.571;41.9251;-1;2;Autovettura di polizia;In marcia / fermata / arresto;Passeggero;M;Illeso;0;;Non accertato;Inesploso
4331972;5;16/04/2019 18:30:00;Strada Urbana;VIA DI CASAL DEI PAZZI;in prossimità;;del civico n.;11;;Scontro laterale fra veicoli in marcia;Rettilineo;Una carreggiata a doppio senso;Asciutto;Asfaltata;Orizzontale;Sereno;Normale;Buona;Ore Diurne;2;0;0;2;12.571;41.9251;-1;3;Autovettura privata;Sosta;;;;;;;
4331974;2;17/04/2019 08:00:00;Strada Urbana;VIA DI PONTE SALARIO;in corrispondenza;;del civico n.;19;;Tamponamento;Rettilineo;Una carreggiata a doppio senso;Asciutto;Asfaltata;Orizzontale;Sereno;Normale;Sufficiente;Ore Diurne;0;0;0;2;12.5087;41.934;-1;1;Autovettura privata;In marcia / fermata / arresto;Conducente;F;Illeso;0;;Non accertato;Inesploso
4331974;2;17/04/2019 08:00:00;Strada Urbana;VIA DI PONTE SALARIO;in corrispondenza;;del civico n.;19;;Tamponamento;Rettilineo;Una carreggiata a doppio senso;Asciutto;Asfaltata;Orizzontale;Sereno;Normale;Sufficiente;Ore Diurne;0;0;0;2;12.5087;41.934;-1;2;Quadriciclo leggero;In marcia / fermata / arresto;Conducente;F;Illeso;0;;Non accertato;Inesploso
4331976;12;16/04/2019 07:15:00;Strada Urbana;VIA PONTINA  (CARREGGIATA COMPLANARE);in prossimità;;del civico n.;339;;Scontro laterale fra veicoli in marcia;Rettilineo;Una carreggiata a doppio senso;Asciutto;Con buche;Verticale ed orizzontale;Sereno;Normale;Buona;Ore Diurne;1;0;0;0;12.4446;41.7731;0;1;Motociclo a solo;In marcia / fermata / arresto;Conducente;M;Rimandato;0;NON DECEDUTO;Utilizzato;
4331989;13;16/04/2019 19:06:00;Strada Urbana;VIA DELL'APPAGLIATORE;in corrispondenza;;del civico n.;80;;Veicolo in marcia contro ostacolo accidentale;Rettilineo;Una carreggiata a senso unico di marcia;Asciutto;Asfaltata;Orizzontale;Sereno;Normale;Buona;Sufficiente;0;0;0;1;12.2639;41.7409;-1;1;Autovettura privata;In marcia / fermata / arresto;Conducente;M;Illeso;0;;Non accertato;Inesploso
4332033;20;16/04/2019 09:05:00;Strada Urbana;VIALE DI TOR DI QUINTO;in corrispondenza;;del civico n.;53;;Scontro frontale/laterale DX fra veicoli in marcia;Rettilineo;Una carreggiata a doppio senso;Asciutto;Asfaltata;Orizzontale;Sereno;Normale;Buona;Ore Diurne;0;0;0;2;12.4772;41.9378;-1;1;Motociclo a solo;In marcia / fermata / arresto;Conducente;F;Illeso;0;;Non accertato;
4332033;20;16/04/2019 09:05:00;Strada Urbana;VIALE DI TOR DI QUINTO;in corrispondenza;;del civico n.;53;;Scontro frontale/laterale DX fra veicoli in marcia;Rettilineo;Una carreggiata a doppio senso;Asciutto;Asfaltata;Orizzontale;Sereno;Normale;Buona;Ore Diurne;0;0;0;2;12.4772;41.9378;-1;2;Autovettura privata;In marcia / fermata / arresto;Conducente;F;Illeso;0;;Non accertato;
4332042;13;17/04/2019 00:15:00;Strada Urbana;VIA AGOSTINO CHIGI;in corrispondenza;;del civico n.;336;;Veicolo in marcia contro ostacolo fisso;Rettilineo;Una carreggiata a doppio senso;Asciutto;Asfaltata;Verticale ed orizzontale;Sereno;Scarso;Buona;Sufficiente;0;0;0;1;12.3236;41.7681;-1;1;Autovettura privata;In marcia / fermata / arresto;Conducente;F;Illeso;0;;Non accertato;Inesploso
4332048;18;16/04/2019 13:40:00;Strada Urbana;VIA BALDO DEGLI UBALDI;in prossimità;;del civico n.;124;;Tamponamento;Rettilineo;Due carreggiate;Asciutto;Asfaltata;Verticale ed orizzontale;Sereno;Normale;Buona;Ore Diurne;1;0;0;1;12.4343;41.899;-1;1;Autovettura privata;In marcia / fermata / arresto;Conducente;M;Illeso;0;;;
4332048;18;16/04/2019 13:40:00;Strada Urbana;VIA BALDO DEGLI UBALDI;in prossimità;;del civico n.;124;;Tamponamento;Rettilineo;Due carreggiate;Asciutto;Asfaltata;Verticale ed orizzontale;Sereno;Normale;Buona;Ore Diurne;1;0;0;1;12.4343;41.899;-1;2;Autovettura privata;In marcia / fermata / arresto;Conducente;M;Rimandato;0;NON DECEDUTO;;
4332054;5;16/04/2019 18:50:00;;VIA TIBURTINA;in corrispondenza;;del civico n.;552;;Tamponamento;;;;;;;;;;0;0;0;0;;;0;1;Autovettura privata;In marcia / fermata / arresto;;;;;;;
4332054;5;16/04/2019 18:50:00;;VIA TIBURTINA;in corrispondenza;;del civico n.;552;;Tamponamento;;;;;;;;;;0;0;0;0;;;0;2;Motociclo a solo;In marcia / fermata / arresto;;;;;;;
4332054;5;16/04/2019 18:50:00;;VIA TIBURTINA;in corrispondenza;;del civico n.;552;;Tamponamento;;;;;;;;;;0;0;0;0;;;0;3;Autovettura privata;Sosta;;;;;;;
4332085;13;16/04/2019 19:10:00;Provinciale entro l'abitato;VIA DEL MARE;in prossimità;;della chilometrica;16.4;;Veicolo in marcia contro ostacolo accidentale;Rettilineo;Una carreggiata a doppio senso;Asciutto;Asfaltata;Verticale ed orizzontale;Sereno;Normale;Sufficiente;Ore Diurne;0;0;0;1;12.4632;41.8403;-1;1;Autovettura privata;In marcia / fermata / arresto;Conducente;F;Illeso;0;;Non accertato;Inesploso
4332090;12;16/04/2019 08:00:00;Provinciale;VIA ARDEATINA;all'intersezione con;VIA DI S. FUMIA;VIA DI S. FUMIA;;;Scontro frontale/laterale SX fra veicoli in marcia;Incrocio;Una carreggiata a doppio senso;Asciutto;Asfaltata;Verticale ed orizzontale;Nuvoloso;Normale;Buona;Ore Diurne;0;0;0;2;12.5899;41.738;-1;1;Autovettura privata;In marcia / fermata / arresto;Conducente;M;Illeso;0;;;Inesploso
4332090;12;16/04/2019 08:00:00;Provinciale;VIA ARDEATINA;all'intersezione con;VIA DI S. FUMIA;VIA DI S. FUMIA;;;Scontro frontale/laterale SX fra veicoli in marcia;Incrocio;Una carreggiata a doppio senso;Asciutto;Asfaltata;Verticale ed orizzontale;Nuvoloso;Normale;Buona;Ore Diurne;0;0;0;2;12.5899;41.738;-1;2;Autovettura privata;In marcia / fermata / arresto;Conducente;F;Illeso;0;;;Esploso
4332124;5;17/04/2019 05:00:00;;NUOVA CIRCONVALLAZIONE INTERNA;da specificare;;;;DIREZ. S. GIOVANNI IN GALLERIA;Fuoriuscita dalla sede stradale;;;;;;;;;;0;0;0;0;;;0;1;Autocarro inferiore 35 q.;In marcia / fermata / arresto;;;;;;;
4332131;13;17/04/2019 01:00:00;Strada Urbana;VIALE DEI ROMAGNOLI;in prossimità;;del civico n.;279;;Veicolo in marcia contro ostacolo accidentale;Rettilineo;Una carreggiata a senso unico di marcia;Asciutto;Con buche;Verticale ed orizzontale;Sereno;Scarso;Buona;Sufficiente;0;0;0;1;12.2842;41.741;-1;1;Autovettura privata;In marcia / fermata / arresto;Conducente;M;Illeso;0;;Non accertato;Inesploso
4332151;3;16/04/2019 17:30:00;Strada Urbana;VIALE DELL'UNIVERSITA';da specificare;;;;pross fermata atac nr. 73359 dir. Termini;Investimento di pedone;Rettilineo;Una carreggiata a doppio senso;Asciutto;Asfaltata;Verticale ed orizzontale;Sereno;Normale;Buona;Ore Diurne;1;0;0;0;12.5118;41.9043;0;;;;Pedone;M;Ricoverato;0;NON DECEDUTO;;
4332151;3;16/04/2019 17:30:00;Strada Urbana;VIALE DELL'UNIVERSITA';da specificare;;;;pross fermata atac nr. 73359 dir. Termini;Investimento di pedone;Rettilineo;Una carreggiata a doppio senso;Asciutto;Asfaltata;Verticale ed orizzontale;Sereno;Normale;Buona;Ore Diurne;1;0;0;0;12.5118;41.9043;0;1;Autovettura privata;Allontanatosi;;;;;;;
4332151;3;16/04/2019 17:30:00;Strada Urbana;VIALE DELL'UNIVERSITA';da specificare;;;;pross fermata atac nr. 73359 dir. Termini;Investimento di pedone;Rettilineo;Una carreggiata a doppio senso;Asciutto;Asfaltata;Verticale ed orizzontale;Sereno;Normale;Buona;Ore Diurne;1;0;0;0;12.5118;41.9043;0;2;Autovettura privata;Sosta;;;;;;;
4332151;3;16/04/2019 17:30:00;Strada Urbana;VIALE DELL'UNIVERSITA';da specificare;;;;pross fermata atac nr. 73359 dir. Termini;Investimento di pedone;Rettilineo;Una carreggiata a doppio senso;Asciutto;Asfaltata;Verticale ed orizzontale;Sereno;Normale;Buona;Ore Diurne;1;0;0;0;12.5118;41.9043;0;3;Autovettura privata;Sosta;;;;;;;
4332153;18;16/04/2019 15:00:00;Strada Urbana;VIA AURELIA;in prossimità;;del civico n.;389;;Investimento di pedone;Rettilineo;Una carreggiata a doppio senso;Asciutto;Asfaltata;Verticale ed orizzontale;Sereno;Intenso;Buona;Ore Diurne;1;0;0;1;12.4323;41.8973;-1;;;;Pedone;M;Rimandato;0;NON DECEDUTO;;
4332153;18;16/04/2019 15:00:00;Strada Urbana;VIA AURELIA;in prossimità;;del civico n.;389;;Investimento di pedone;Rettilineo;Una carreggiata a doppio senso;Asciutto;Asfaltata;Verticale ed orizzontale;Sereno;Intenso;Buona;Ore Diurne;1;0;0;1;12.4323;41.8973;-1;1;Autovettura privata;In marcia / fermata / arresto;Conducente;F;Illeso;0;;;
4332177;12;16/04/2019 18:25:00;Strada Urbana;VIA PONTINA;da specificare;;;;RAMPA DISCESA DIR. V. ACQUA ACETOSA OSTIENSE;Veicolo in marcia contro veicoli in arresto;Curva a visuale libera;Una carreggiata a doppio senso;Asciutto;Asfaltata;Verticale ed orizzontale;Sereno;Normale;Buona;Ore Diurne;1;0;0;3;12.4522;41.7941;-1;1;Autovettura privata;In marcia / fermata / arresto;Conducente;M;Illeso;0;;Utilizzato;Inesploso
4332177;12;16/04/2019 18:25:00;Strada Urbana;VIA PONTINA;da specificare;;;;RAMPA DISCESA DIR. V. ACQUA ACETOSA OSTIENSE;Veicolo in marcia contro veicoli in arresto;Curva a visuale libera;Una carreggiata a doppio senso;Asciutto;Asfaltata;Verticale ed orizzontale;Sereno;Normale;Buona;Ore Diurne;1;0;0;3;12.4522;41.7941;-1;2;Autovettura privata;In marcia / fermata / arresto;Conducente;M;Rimandato;0;NON DECEDUTO;Utilizzato;Inesploso
4332177;12;16/04/2019 18:25:00;Strada Urbana;VIA PONTINA;da specificare;;;;RAMPA DISCESA DIR. V. ACQUA ACETOSA OSTIENSE;Veicolo in marcia contro veicoli in arresto;Curva a visuale libera;Una carreggiata a doppio senso;Asciutto;Asfaltata;Verticale ed orizzontale;Sereno;Normale;Buona;Ore Diurne;1;0;0;3;12.4522;41.7941;-1;3;Autovettura privata;In marcia / fermata / arresto;Conducente;M;Illeso;0;;Utilizzato;Inesploso