Protocollo;Gruppo;DataOraIncidente;Localizzazione1;STRADA1;Localizzazione2;STRADA2;Strada02;Chilometrica;DaSpecificare;NaturaIncidente;particolaritastrade;TipoStrada;FondoStradale;Pavimentazione;Segnaletica;CondizioneAtmosferica;Traffico;Visibilita;Illuminazione;NUM_FERITI;NUM_RISERVATA;NUM_MORTI;NUM_ILLESI;Longitudine;Latitudine;Confermato;Progressivo;TipoVeicolo;StatoVeicolo;TipoPersona;Sesso;Tipolesione;Deceduto;DecedutoDopo;CinturaCascoUtilizzato;Airbag;
4340107;7;22/04/2019 22:15:00;Strada Urbana;VIALE DELLA PRIMAVERA;in corrispondenza;;del civico n.;267;;Tamponamento;Rettilineo;Una carreggiata a senso unico di marcia;Bagnato (pioggia);Asfaltata;Orizzontale;Pioggia in atto;Scarso;Buona;Sufficiente;0;0;0;3;12.5603;41.8801;-1;1;Autovettura privata;In marcia / fermata / arresto;Passeggero;F;Illeso;0;;Non accertato;Inesploso
4340107;7;22/04/2019 22:15:00;Strada Urbana;VIALE DELLA PRIMAVERA;in corrispondenza;;del civico n.;267;;Tamponamento;Rettilineo;Una carreggiata a senso unico di marcia;Bagnato (pioggia);Asfaltata;Orizzontale;Pioggia in atto;Scarso;Buona;Sufficiente;0;0;0;3;12.5603;41.8801;-1;2;Autovettura privata;In marcia / fermata / arresto;Conducente;F;Illeso;0;;Non accertato;Inesploso
4340108;13;22/04/2019 17:15:00;Strada Urbana;VIALE CRISTOFORO COLOMBO;all'intersezione semaforizzata con;VIALE DELLA VILLA DI PLINIO;VIALE DELLA VILLA DI PLINIO;;;Tamponamento;Intersezione semaforizzata;Più di due carreggiate;Bagnato (pioggia);Asfaltata;Verticale ed orizzontale;Pioggia in atto;Normale;Buona;Ore Diurne;0;0;0;5;12.4536;41.8089;-1;1;Autovettura privata;In marcia / fermata / arresto;Conducente;F;Illeso;0;;Non accertato;Inesploso
4340108;13;22/04/2019 17:15:00;Strada Urbana;VIALE CRISTOFORO COLOMBO;all'intersezione semaforizzata con;VIALE DELLA VILLA DI PLINIO;VIALE DELLA VILLA DI PLINIO;;;Tamponamento;Intersezione semaforizzata;Più di due carreggiate;Bagnato (pioggia);Asfaltata;Verticale ed orizzontale;Pioggia in atto;Normale;Buona;Ore Diurne;0;0;0;5;12.4536;41.8089;-1;1;Autovettura privata;In marcia / fermata / arresto;Passeggero;M;Illeso;0;;Non accertato;Inesploso
4340108;13;22/04/2019 17:15:00;Strada Urbana;VIALE CRISTOFORO COLOMBO;all'intersezione semaforizzata con;VIALE DELLA VILLA DI PLINIO;VIALE DELLA VILLA DI PLINIO;;;Tamponamento;Intersezione semaforizzata;Più di due carreggiate;Bagnato (pioggia);Asfaltata;Verticale ed orizzontale;Pioggia in atto;Normale;Buona;Ore Diurne;0;0;0;5;12.4536;41.8089;-1;1;Autovettura privata;In marcia / fermata / arresto;Passeggero;M;Illeso;0;;Non accertato;Inesploso
4340108;13;22/04/2019 17:15:00;Strada Urbana;VIALE CRISTOFORO COLOMBO;all'intersezione semaforizzata con;VIALE DELLA VILLA DI PLINIO;VIALE DELLA VILLA DI PLINIO;;;Tamponamento;Intersezione semaforizzata;Più di due carreggiate;Bagnato (pioggia);Asfaltata;Verticale ed orizzontale;Pioggia in atto;Normale;Buona;Ore Diurne;0;0;0;5;12.4536;41.8089;-1;2;Autovettura privata;In marcia / fermata / arresto;Conducente;M;Illeso;0;;Non accertato;Inesploso
4340108;13;22/04/2019 17:15:00;Strada Urbana;VIALE CRISTOFORO COLOMBO;all'intersezione semaforizzata con;VIALE DELLA VILLA DI PLINIO;VIALE DELLA VILLA DI PLINIO;;;Tamponamento;Intersezione semaforizzata;Più di due carreggiate;Bagnato (pioggia);Asfaltata;Verticale ed orizzontale;Pioggia in atto;Normale;Buona;Ore Diurne;0;0;0;5;12.4536;41.8089;-1;2;Autovettura privata;In marcia / fermata / arresto;Passeggero;M;Illeso;0;;Non accertato;Inesploso
4340111;19;19/04/2019 13:30:00;Strada Urbana;VIA PIETRO MAFFI;all'intersezione con;VIA MARCELLO PROVENZALE;VIA MARCELLO PROVENZALE;;;Scontro frontale/laterale DX fra veicoli in marcia;Incrocio;Una carreggiata a doppio senso;Asciutto;Asfaltata;Verticale ed orizzontale;Sereno;Normale;Buona;Ore Diurne;0;0;0;2;12.4185;41.9242;-1;1;Autovettura privata;In marcia / fermata / arresto;Conducente;M;Illeso;0;;Non accertato;Inesploso
4340111;19;19/04/2019 13:30:00;Strada Urbana;VIA PIETRO MAFFI;all'intersezione con;VIA MARCELLO PROVENZALE;VIA MARCELLO PROVENZALE;;;Scontro frontale/laterale DX fra veicoli in marcia;Incrocio;Una carreggiata a doppio senso;Asciutto;Asfaltata;Verticale ed orizzontale;Sereno;Normale;Buona;Ore Diurne;0;0;0;2;12.4185;41.9242;-1;2;Autovettura privata;In marcia / fermata / arresto;Conducente;F;Illeso;0;;Non accertato;Inesploso
4340114;19;19/04/2019 17:00:00;Strada Urbana;VIALE CORTINA D'AMPEZZO;in corrispondenza;;del civico n.;274;;Veicolo in marcia contro veicoli in arresto;Rettilineo;Una carreggiata a doppio senso;Asciutto;Asfaltata;Assente;Sereno;Normale;Buona;Ore Diurne;0;0;0;1;12.437;41.9425;-1;1;Autovettura privata;In marcia / fermata / arresto;Conducente;M;Illeso;0;;Non accertato;Inesploso
4340114;19;19/04/2019 17:00:00;Strada Urbana;VIALE CORTINA D'AMPEZZO;in corrispondenza;;del civico n.;274;;Veicolo in marcia contro veicoli in arresto;Rettilineo;Una carreggiata a doppio senso;Asciutto;Asfaltata;Assente;Sereno;Normale;Buona;Ore Diurne;0;0;0;1;12.437;41.9425;-1;2;Autovettura privata;Allontanatosi;;;;;;;
4340116;8;20/04/2019 18:40:00;Strada Urbana;VIA DEI RUDERI DI TORRENOVA;all'intersezione con;VIA CASILINA;VIA CASILINA;;;Scontro laterale fra veicoli in marcia;Intersezione stradale segnalata;Una carreggiata a doppio senso;Asciutto;Asfaltata;Verticale;Sereno;Normale;Buona;Ore Diurne;0;0;0;2;12.6047;41.8645;-1;1;Autovettura privata;In marcia / fermata / arresto;Conducente;F;Illeso;0;;;
4340116;8;20/04/2019 18:40:00;Strada Urbana;VIA DEI RUDERI DI TORRENOVA;all'intersezione con;VIA CASILINA;VIA CASILINA;;;Scontro laterale fra veicoli in marcia;Intersezione stradale segnalata;Una carreggiata a doppio senso;Asciutto;Asfaltata;Verticale;Sereno;Normale;Buona;Ore Diurne;0;0;0;2;12.6047;41.8645;-1;2;Autovettura privata;In marcia / fermata / arresto;Conducente;F;Illeso;0;;;
4340118;8;20/04/2019 16:00:00;Strada Urbana;VIA DEL CASALE DEL FINOCCHIO;in corrispondenza;;del civico n.;54;;Investimento di pedone;Rettilineo;Una carreggiata a doppio senso;Asciutto;Asfaltata;Verticale ed orizzontale;Sereno;Scarso;Buona;Ore Diurne;1;0;0;2;12.6929;41.8607;-1;;;;Pedone;M;Ricoverato;0;NON DECEDUTO;;
4340118;8;20/04/2019 16:00:00;Strada Urbana;VIA DEL CASALE DEL FINOCCHIO;in corrispondenza;;del civico n.;54;;Investimento di pedone;Rettilineo;Una carreggiata a doppio senso;Asciutto;Asfaltata;Verticale ed orizzontale;Sereno;Scarso;Buona;Ore Diurne;1;0;0;2;12.6929;41.8607;-1;1;Autovettura privata;In marcia / fermata / arresto;Conducente;M;Illeso;0;;Non accertato;Inesploso
4340118;8;20/04/2019 16:00:00;Strada Urbana;VIA DEL CASALE DEL FINOCCHIO;in corrispondenza;;del civico n.;54;;Investimento di pedone;Rettilineo;Una carreggiata a doppio senso;Asciutto;Asfaltata;Verticale ed orizzontale;Sereno;Scarso;Buona;Ore Diurne;1;0;0;2;12.6929;41.8607;-1;1;Autovettura privata;In marcia / fermata / arresto;Passeggero;M;Illeso;0;;;Inesploso
4340120;7;22/04/2019 17:20:00;Strada Urbana;VIA CASILINA;in corrispondenza;;del civico n.;1001;;Tamponamento;Rettilineo;Una carreggiata a doppio senso;Bagnato (pioggia);Asfaltata;Verticale ed orizzontale;Pioggia in atto;Intenso;Buona;Ore Diurne;1;0;0;2;12.5816;41.8706;-1;1;Autovettura privata;In marcia / fermata / arresto;Conducente;M;Illeso;0;;Non accertato;Inesploso
4340120;7;22/04/2019 17:20:00;Strada Urbana;VIA CASILINA;in corrispondenza;;del civico n.;1001;;Tamponamento;Rettilineo;Una carreggiata a doppio senso;Bagnato (pioggia);Asfaltata;Verticale ed orizzontale;Pioggia in atto;Intenso;Buona;Ore Diurne;1;0;0;2;12.5816;41.8706;-1;1;Autovettura privata;In marcia / fermata / arresto;Passeggero;F;Rimandato;0;NON DECEDUTO;Non accertato;Inesploso
4340120;7;22/04/2019 17:20:00;Strada Urbana;VIA CASILINA;in corrispondenza;;del civico n.;1001;;Tamponamento;Rettilineo;Una carreggiata a doppio senso;Bagnato (pioggia);Asfaltata;Verticale ed orizzontale;Pioggia in atto;Intenso;Buona;Ore Diurne;1;0;0;2;12.5816;41.8706;-1;2;Autovettura privata;In marcia / fermata / arresto;Conducente;M;Illeso;0;;Non accertato;Inesploso
4340122;9;21/04/2019 05:10:00;Strada Urbana;VIA TUSCOLANA;in corrispondenza;;del civico n.;1328;;Tamponamento;Rettilineo;Una carreggiata a doppio senso;Asciutto;Asfaltata;Assente;Sereno;Scarso;Sufficiente;Sufficiente;0;0;0;4;12.5636;41.8558;-1;1;Autovettura privata;In marcia / fermata / arresto;Conducente;F;Illeso;0;;Non accertato;Inesploso
4340122;9;21/04/2019 05:10:00;Strada Urbana;VIA TUSCOLANA;in corrispondenza;;del civico n.;1328;;Tamponamento;Rettilineo;Una carreggiata a doppio senso;Asciutto;Asfaltata;Assente;Sereno;Scarso;Sufficiente;Sufficiente;0;0;0;4;12.5636;41.8558;-1;1;Autovettura privata;In marcia / fermata / arresto;Passeggero;F;Illeso;0;;Non accertato;Inesploso
4340122;9;21/04/2019 05:10:00;Strada Urbana;VIA TUSCOLANA;in corrispondenza;;del civico n.;1328;;Tamponamento;Rettilineo;Una carreggiata a doppio senso;Asciutto;Asfaltata;Assente;Sereno;Scarso;Sufficiente;Sufficiente;0;0;0;4;12.5636;41.8558;-1;1;Autovettura privata;In marcia / fermata / arresto;Passeggero;F;Illeso;0;;Non accertato;Inesploso
4340122;9;21/04/2019 05:10:00;Strada Urbana;VIA TUSCOLANA;in corrispondenza;;del civico n.;1328;;Tamponamento;Rettilineo;Una carreggiata a doppio senso;Asciutto;Asfaltata;Assente;Sereno;Scarso;Sufficiente;Sufficiente;0;0;0;4;12.5636;41.8558;-1;2;Autovettura privata;In marcia / fermata / arresto;Conducente;M;Illeso;0;;Non accertato;Inesploso
4340124;11;22/04/2019 10:30:00;Strada Urbana;CIRCONVALLAZIONE OSTIENSE;all'intersezione con;VIA DI S. GALLA;VIA DI S. GALLA;;;Scontro laterale fra veicoli in marcia;Intersezione stradale segnalata;Due carreggiate;Asciutto;Asfaltata;Verticale ed orizzontale;Nuvoloso;Normale;Buona;Ore Diurne;0;0;0;2;12.4886;41.8674;-1;1;Autovettura privata;In marcia / fermata / arresto;Conducente;F;Illeso;0;;Non accertato;
4340124;11;22/04/2019 10:30:00;Strada Urbana;CIRCONVALLAZIONE OSTIENSE;all'intersezione con;VIA DI S. GALLA;VIA DI S. GALLA;;;Scontro laterale fra veicoli in marcia;Intersezione stradale segnalata;Due carreggiate;Asciutto;Asfaltata;Verticale ed orizzontale;Nuvoloso;Normale;Buona;Ore Diurne;0;0;0;2;12.4886;41.8674;-1;2;Autovettura privata;In marcia / fermata / arresto;Conducente;F;Illeso;0;;Non accertato;
4340125;12;22/04/2019 16:30:00;Provinciale;VIA DELLA SOLFARATA;in prossimità;;della chilometrica;9;;Fuoriuscita dalla sede stradale;Curva senza visuale libera;Una carreggiata a doppio senso;Bagnato (pioggia);Asfaltata;Verticale ed orizzontale;Pioggia in atto;Scarso;Buona;Ore Diurne;5;0;0;0;12.5457;41.7064;-1;1;Autovettura privata;In marcia / fermata / arresto;Conducente;M;Rimandato;0;NON DECEDUTO;;Esploso
4340125;12;22/04/2019 16:30:00;Provinciale;VIA DELLA SOLFARATA;in prossimità;;della chilometrica;9;;Fuoriuscita dalla sede stradale;Curva senza visuale libera;Una carreggiata a doppio senso;Bagnato (pioggia);Asfaltata;Verticale ed orizzontale;Pioggia in atto;Scarso;Buona;Ore Diurne;5;0;0;0;12.5457;41.7064;-1;1;Autovettura privata;In marcia / fermata / arresto;Passeggero;F;Ricoverato;0;NON DECEDUTO;Non accertato;Esploso
4340125;12;22/04/2019 16:30:00;Provinciale;VIA DELLA SOLFARATA;in prossimità;;della chilometrica;9;;Fuoriuscita dalla sede stradale;Curva senza visuale libera;Una carreggiata a doppio senso;Bagnato (pioggia);Asfaltata;Verticale ed orizzontale;Pioggia in atto;Scarso;Buona;Ore Diurne;5;0;0;0;12.5457;41.7064;-1;1;Autovettura privata;In marcia / fermata / arresto;Passeggero;F;Rimandato;0;NON DECEDUTO;;
4340125;12;22/04/2019 16:30:00;Provinciale;VIA DELLA SOLFARATA;in prossimità;;della chilometrica;9;;Fuoriuscita dalla sede stradale;Curva senza visuale libera;Una carreggiata a doppio senso;Bagnato (pioggia);Asfaltata;Verticale ed orizzontale;Pioggia in atto;Scarso;Buona;Ore Diurne;5;0;0;0;12.5457;41.7064;-1;1;Autovettura privata;In marcia / fermata / arresto;Passeggero;F;Rimandato;0;NON DECEDUTO;;
4340125;12;22/04/2019 16:30:00;Provinciale;VIA DELLA SOLFARATA;in prossimità;;della chilometrica;9;;Fuoriuscita dalla sede stradale;Curva senza visuale libera;Una carreggiata a doppio senso;Bagnato (pioggia);Asfaltata;Verticale ed orizzontale;Pioggia in atto;Scarso;Buona;Ore Diurne;5;0;0;0;12.5457;41.7064;-1;1;Autovettura privata;In marcia / fermata / arresto;Passeggero;M;Rimandato;0;NON DECEDUTO;;
4340126;8;21/04/2019 20:10:00;Strada Urbana;VIA DI LUNGHEZZA;in prossimità;;del civico n.;51;;Scontro frontale/laterale DX fra veicoli in marcia;Curva senza visuale libera;Una carreggiata a doppio senso;Asciutto;Asfaltata;Verticale ed orizzontale;Sereno;Normale;Buona;Sufficiente;5;0;0;0;12.6737;41.9235;-1;1;Autovettura privata;In marcia / fermata / arresto;Conducente;M;Rifiuta cure immediate;0;NON DECEDUTO;Non accertato;Inesploso
4340126;8;21/04/2019 20:10:00;Strada Urbana;VIA DI LUNGHEZZA;in prossimità;;del civico n.;51;;Scontro frontale/laterale DX fra veicoli in marcia;Curva senza visuale libera;Una carreggiata a doppio senso;Asciutto;Asfaltata;Verticale ed orizzontale;Sereno;Normale;Buona;Sufficiente;5;0;0;0;12.6737;41.9235;-1;1;Autovettura privata;In marcia / fermata / arresto;Passeggero;F;Rifiuta cure immediate;0;NON DECEDUTO;Non accertato;Inesploso
4340126;8;21/04/2019 20:10:00;Strada Urbana;VIA DI LUNGHEZZA;in prossimità;;del civico n.;51;;Scontro frontale/laterale DX fra veicoli in marcia;Curva senza visuale libera;Una carreggiata a doppio senso;Asciutto;Asfaltata;Verticale ed orizzontale;Sereno;Normale;Buona;Sufficiente;5;0;0;0;12.6737;41.9235;-1;1;Autovettura privata;In marcia / fermata / arresto;Passeggero;F;Rifiuta cure immediate;0;NON DECEDUTO;Non accertato;Inesploso
4340126;8;21/04/2019 20:10:00;Strada Urbana;VIA DI LUNGHEZZA;in prossimità;;del civico n.;51;;Scontro frontale/laterale DX fra veicoli in marcia;Curva senza visuale libera;Una carreggiata a doppio senso;Asciutto;Asfaltata;Verticale ed orizzontale;Sereno;Normale;Buona;Sufficiente;5;0;0;0;12.6737;41.9235;-1;2;Autovettura privata;In marcia / fermata / arresto;Conducente;M;Rifiuta cure immediate;0;NON DECEDUTO;Non accertato;Esploso
4340126;8;21/04/2019 20:10:00;Strada Urbana;VIA DI LUNGHEZZA;in prossimità;;del civico n.;51;;Scontro frontale/laterale DX fra veicoli in marcia;Curva senza visuale libera;Una carreggiata a doppio senso;Asciutto;Asfaltata;Verticale ed orizzontale;Sereno;Normale;Buona;Sufficiente;5;0;0;0;12.6737;41.9235;-1;2;Autovettura privata;In marcia / fermata / arresto;Passeggero;F;Rifiuta cure immediate;0;NON DECEDUTO;Non accertato;Inesploso
4340129;11;20/04/2019 23:30:00;Strada Urbana;VIA DELLE TRE FONTANE;all'intersezione con;VIALE DELL'INDUSTRIA;VIALE DELL'INDUSTRIA;;;Scontro laterale fra veicoli in marcia;Intersezione semaforizzata;Due carreggiate;Asciutto;Asfaltata;Verticale ed orizzontale;Sereno;Scarso;Buona;Sufficiente;0;0;0;4;12.4734;41.8394;-1;1;Quadriciclo leggero;In marcia / fermata / arresto;Conducente;M;Illeso;0;;Non accertato;
4340129;11;20/04/2019 23:30:00;Strada Urbana;VIA DELLE TRE FONTANE;all'intersezione con;VIALE DELL'INDUSTRIA;VIALE DELL'INDUSTRIA;;;Scontro laterale fra veicoli in marcia;Intersezione semaforizzata;Due carreggiate;Asciutto;Asfaltata;Verticale ed orizzontale;Sereno;Scarso;Buona;Sufficiente;0;0;0;4;12.4734;41.8394;-1;1;Quadriciclo leggero;In marcia / fermata / arresto;Passeggero;M;Illeso;0;;Non accertato;
4340129;11;20/04/2019 23:30:00;Strada Urbana;VIA DELLE TRE FONTANE;all'intersezione con;VIALE DELL'INDUSTRIA;VIALE DELL'INDUSTRIA;;;Scontro laterale fra veicoli in marcia;Intersezione semaforizzata;Due carreggiate;Asciutto;Asfaltata;Verticale ed orizzontale;Sereno;Scarso;Buona;Sufficiente;0;0;0;4;12.4734;41.8394;-1;2;Autovettura privata;In marcia / fermata / arresto;Conducente;F;Illeso;0;;Non accertato;
4340129;11;20/04/2019 23:30:00;Strada Urbana;VIA DELLE TRE FONTANE;all'intersezione con;VIALE DELL'INDUSTRIA;VIALE DELL'INDUSTRIA;;;Scontro laterale fra veicoli in marcia;Intersezione semaforizzata;Due carreggiate;Asciutto;Asfaltata;Verticale ed orizzontale;Sereno;Scarso;Buona;Sufficiente;0;0;0;4;12.4734;41.8394;-1;2;Autovettura privata;In marcia / fermata / arresto;Passeggero;F;Illeso;0;;Non accertato;
4340130;19;19/04/2019 20:25:00;Strada Urbana;VIA OTTAVIO ASSAROTTI;in corrispondenza;;del civico n.;2/c;;Veicolo in marcia contro veicolo in sosta;Rettilineo;Una carreggiata a senso unico di marcia;Asciutto;Asfaltata;Assente;Sereno;Normale;Buona;Sufficiente;0;0;0;0;12.4236;41.9412;-1;1;Autovettura privata;Sosta;;;;;;;
4340130;19;19/04/2019 20:25:00;Strada Urbana;VIA OTTAVIO ASSAROTTI;in corrispondenza;;del civico n.;2/c;;Veicolo in marcia contro veicolo in sosta;Rettilineo;Una carreggiata a senso unico di marcia;Asciutto;Asfaltata;Assente;Sereno;Normale;Buona;Sufficiente;0;0;0;0;12.4236;41.9412;-1;2;Autocarro inferiore 35 q.;Allontanatosi;;;;;;;
4340132;8;21/04/2019 12:00:00;Strada Urbana;VIA BERNARDO MINOZZI;all'intersezione con;VIA MARTINO ROTA;VIA MARTINO ROTA;;;Scontro frontale/laterale DX fra veicoli in marcia;Incrocio;Una carreggiata a senso unico di marcia;Asciutto;Asfaltata;Verticale;Sereno;Normale;Buona;Ore Diurne;1;0;0;2;12.6273;41.8702;-1;1;Autovettura privata;In marcia / fermata / arresto;Conducente;M;Illeso;0;;Non accertato;
4340132;8;21/04/2019 12:00:00;Strada Urbana;VIA BERNARDO MINOZZI;all'intersezione con;VIA MARTINO ROTA;VIA MARTINO ROTA;;;Scontro frontale/laterale DX fra veicoli in marcia;Incrocio;Una carreggiata a senso unico di marcia;Asciutto;Asfaltata;Verticale;Sereno;Normale;Buona;Ore Diurne;1;0;0;2;12.6273;41.8702;-1;1;Autovettura privata;In marcia / fermata / arresto;Passeggero;F;Illeso;0;;;
4340132;8;21/04/2019 12:00:00;Strada Urbana;VIA BERNARDO MINOZZI;all'intersezione con;VIA MARTINO ROTA;VIA MARTINO ROTA;;;Scontro frontale/laterale DX fra veicoli in marcia;Incrocio;Una carreggiata a senso unico di marcia;Asciutto;Asfaltata;Verticale;Sereno;Normale;Buona;Ore Diurne;1;0;0;2;12.6273;41.8702;-1;2;Autovettura privata;In marcia / fermata / arresto;Conducente;M;Rimandato;0;NON DECEDUTO;Non accertato;
4340135;8;21/04/2019 10:30:00;Strada Urbana;VIA DELL'ACQUA VERGINE;da specificare;;;;m 150 prima di VIA COLLATINA;Veicolo in marcia contro ostacolo fisso;Curva a visuale libera;Una carreggiata a doppio senso;Asciutto;Asfaltata;Verticale ed orizzontale;Nuvoloso;Normale;Buona;Ore Diurne;0;0;0;0;12.6252;41.9001;0;1;Autovettura privata;In marcia / fermata / arresto;;;;;;;
4340137;19;19/04/2019 11:15:00;Strada Urbana;VIA APPIANO;in corrispondenza;;del civico n.;20;;Scontro laterale fra veicoli in marcia;Rettilineo;Una carreggiata a doppio senso;Asciutto;Asfaltata;Verticale ed orizzontale;Sereno;Normale;Buona;Ore Diurne;0;0;0;2;12.4394;41.9134;-1;1;Autovettura privata;In marcia / fermata / arresto;Conducente;F;Illeso;0;;Non accertato;
4340137;19;19/04/2019 11:15:00;Strada Urbana;VIA APPIANO;in corrispondenza;;del civico n.;20;;Scontro laterale fra veicoli in marcia;Rettilineo;Una carreggiata a doppio senso;Asciutto;Asfaltata;Verticale ed orizzontale;Sereno;Normale;Buona;Ore Diurne;0;0;0;2;12.4394;41.9134;-1;1;Autovettura privata;In marcia / fermata / arresto;Passeggero;M;Illeso;0;;Non accertato;
4340137;19;19/04/2019 11:15:00;Strada Urbana;VIA APPIANO;in corrispondenza;;del civico n.;20;;Scontro laterale fra veicoli in marcia;Rettilineo;Una carreggiata a doppio senso;Asciutto;Asfaltata;Verticale ed orizzontale;Sereno;Normale;Buona;Ore Diurne;0;0;0;2;12.4394;41.9134;-1;2;Autovettura privata;Allontanatosi;;;;;;;
4340138;8;22/04/2019 22:30:00;Strada Urbana;VIA DI ROCCA CENCIA;in corrispondenza;;del civico n.;288;;Fuoriuscita dalla sede stradale;Rettilineo;Una carreggiata a senso unico alternato;Bagnato (pioggia);Asfaltata;Verticale ed orizzontale;Pioggia in atto;Normale;Sufficiente;Sufficiente;0;0;0;2;12.6962;41.8859;-1;1;Autovettura privata;In marcia / fermata / arresto;Conducente;M;Illeso;0;;;
4340138;8;22/04/2019 22:30:00;Strada Urbana;VIA DI ROCCA CENCIA;in corrispondenza;;del civico n.;288;;Fuoriuscita dalla sede stradale;Rettilineo;Una carreggiata a senso unico alternato;Bagnato (pioggia);Asfaltata;Verticale ed orizzontale;Pioggia in atto;Normale;Sufficiente;Sufficiente;0;0;0;2;12.6962;41.8859;-1;2;Veicolo speciale;In marcia / fermata / arresto;Conducente;M;Illeso;0;;;
4340139;4;19/04/2019 11:00:00;Strada Urbana;VIA DEI PRATI FISCALI;in prossimità;;del civico n.;55;;Scontro laterale fra veicoli in marcia;Rettilineo;Due carreggiate;Asciutto;Asfaltata;Verticale ed orizzontale;Sereno;Normale;Buona;Ore Diurne;1;0;0;1;12.5232;41.9461;-1;1;Autovettura privata;In marcia / fermata / arresto;Conducente;M;Illeso;0;;Non accertato;Inesploso
4340139;4;19/04/2019 11:00:00;Strada Urbana;VIA DEI PRATI FISCALI;in prossimità;;del civico n.;55;;Scontro laterale fra veicoli in marcia;Rettilineo;Due carreggiate;Asciutto;Asfaltata;Verticale ed orizzontale;Sereno;Normale;Buona;Ore Diurne;1;0;0;1;12.5232;41.9461;-1;2;Motociclo a solo;In marcia / fermata / arresto;Conducente;M;Rimandato;0;NON DECEDUTO;;
4340142;8;22/04/2019 14:20:00;Strada Urbana;VIA DI TOR BELLA MONACA;da specificare;;;;rampa immissione GRA carreggiata interna;Scontro laterale fra veicoli in marcia;Curva senza visuale libera;Una carreggiata a senso unico di marcia;Bagnato (pioggia);Asfaltata;Assente;Nuvoloso;Normale;Buona;Ore Diurne;0;0;0;2;12.6282;41.8763;-1;1;Autovettura privata;In marcia / fermata / arresto;Conducente;M;Illeso;0;;;
4340142;8;22/04/2019 14:20:00;Strada Urbana;VIA DI TOR BELLA MONACA;da specificare;;;;rampa immissione GRA carreggiata interna;Scontro laterale fra veicoli in marcia;Curva senza visuale libera;Una carreggiata a senso unico di marcia;Bagnato (pioggia);Asfaltata;Assente;Nuvoloso;Normale;Buona;Ore Diurne;0;0;0;2;12.6282;41.8763;-1;2;Autovettura privata;In marcia / fermata / arresto;Conducente;M;Illeso;0;;Non accertato;
4340144;19;21/04/2019 11:45:00;Strada Urbana;VIA TRIONFALE;da specificare;;;;fronte civ. 12000;Veicolo in marcia contro ostacolo fisso;Rettilineo;Due carreggiate;Asciutto;Asfaltata;Verticale ed orizzontale;Nuvoloso;Scarso;Buona;Ore Diurne;1;0;0;0;12.4095;41.9659;-1;1;Autovettura privata;In marcia / fermata / arresto;Conducente;F;Rifiuta cure immediate;0;NON DECEDUTO;Non accertato;Esploso
4340146;11;21/04/2019 04:40:00;Strada Urbana;PIAZZALE DEL CARAVAGGIO;all'intersezione con;VIA ATTILIO AMBROSINI;VIA ATTILIO AMBROSINI;;;Fuoriuscita dalla sede stradale;Rotatoria;Una carreggiata a senso unico di marcia;Asciutto;Asfaltata;Verticale ed orizzontale;Nuvoloso;Scarso;Buona;Sufficiente;0;0;0;0;12.493;41.8505;-1;1;Autovettura privata;In marcia / fermata / arresto;;;;;;;
4340147;7;22/04/2019 14:40:00;Strada Urbana;VIA PRENESTINA;all'intersezione con;VIA ETTORE FERRARI;VIA ETTORE FERRARI;;;Fuoriuscita dalla sede stradale;Rotatoria;Una carreggiata a senso unico di marcia;Bagnato (umidità in atto);Asfaltata;Verticale ed orizzontale;Nuvoloso;Scarso;Buona;Ore Diurne;0;0;0;1;12.6155;41.8933;-1;1;Autovettura privata;In marcia / fermata / arresto;Conducente;M;Illeso;0;;Non accertato;Inesploso
4340148;15;21/04/2019 23:40:00;Strada Urbana;VIA DELLA MAGLIANA;in corrispondenza;;del civico n.;38;;Veicolo in marcia contro treno;Curva senza visuale libera;Una carreggiata a doppio senso;Asciutto;Asfaltata;Orizzontale;Sereno;Scarso;Buona;Sufficiente;2;0;0;0;12.4607;41.8594;-1;1;Autovettura privata;In marcia / fermata / arresto;Conducente;F;Rimandato;0;NON DECEDUTO;Utilizzato;Esploso
4340148;15;21/04/2019 23:40:00;Strada Urbana;VIA DELLA MAGLIANA;in corrispondenza;;del civico n.;38;;Veicolo in marcia contro treno;Curva senza visuale libera;Una carreggiata a doppio senso;Asciutto;Asfaltata;Orizzontale;Sereno;Scarso;Buona;Sufficiente;2;0;0;0;12.4607;41.8594;-1;1;Autovettura privata;In marcia / fermata / arresto;Passeggero;F;Rimandato;0;NON DECEDUTO;Utilizzato;Esploso
4340150;5;22/04/2019 13:30:00;;VIA JACOPO DELLA QUERCIA;in prossimità;;del civico n.;82;;Veicolo in marcia contro ostacolo fisso;;;;;;;;;;0;0;0;0;;;0;1;Autocarro inferiore 35 q.;In marcia / fermata / arresto;;;;;;;