Protocollo;Gruppo;DataOraIncidente;Localizzazione1;STRADA1;Localizzazione2;STRADA2;Strada02;Chilometrica;DaSpecificare;NaturaIncidente;particolaritastrade;TipoStrada;FondoStradale;Pavimentazione;Segnaletica;CondizioneAtmosferica;Traffico;Visibilita;Illuminazione;NUM_FERITI;NUM_RISERVATA;NUM_MORTI;NUM_ILLESI;Longitudine;Latitudine;Confermato;Progressivo;TipoVeicolo;StatoVeicolo;TipoPersona;Sesso;Tipolesione;Deceduto;DecedutoDopo;CinturaCascoUtilizzato;Airbag;
4340281;4;20/04/2019 08:00:00;Strada Urbana;VIA DI SETTEBAGNI;all'intersezione con;VIA GIOVANNI FANTONI;VIA GIOVANNI FANTONI;;;Scontro laterale fra veicoli in marcia;Intersezione non regolata/non segnalata;Una carreggiata a doppio senso;Asciutto;Asfaltata;Verticale ed orizzontale;Sereno;Scarso;Buona;Ore Diurne;0;0;0;2;12.5476;41.9665;-1;2;Autovettura privata;In marcia / fermata / arresto;Conducente;M;Illeso;0;;;
4340282;1;20/04/2019 13:20:00;Strada Urbana;LUNGOTEVERE MARZIO;da specificare;;;;in prossimità di VIA DI MONTE BRIANZO;Veicolo in marcia contro veicolo fermo;Rettilineo;Una carreggiata a senso unico di marcia;Asciutto;Asfaltata;Assente;Sereno;Normale;Buona;Ore Diurne;0;0;0;1;12.4739;41.9032;-1;1;Autocarro inferiore 35 q.;In marcia / fermata / arresto;Conducente;M;Illeso;0;;;
4340282;1;20/04/2019 13:20:00;Strada Urbana;LUNGOTEVERE MARZIO;da specificare;;;;in prossimità di VIA DI MONTE BRIANZO;Veicolo in marcia contro veicolo fermo;Rettilineo;Una carreggiata a senso unico di marcia;Asciutto;Asfaltata;Assente;Sereno;Normale;Buona;Ore Diurne;0;0;0;1;12.4739;41.9032;-1;2;Autobus turistico;In marcia / fermata / arresto;;;;;;;
4340292;4;20/04/2019 11:00:00;Strada Urbana;CORSO SEMPIONE;in prossimità;;del civico n.;fr. 11;;Scontro laterale fra veicoli in marcia;Rettilineo;Più di due carreggiate;Asciutto;Asfaltata;Verticale ed orizzontale;Sereno;Normale;Buona;Ore Diurne;1;0;0;1;12.5337;41.9354;-1;1;Autovettura privata;In marcia / fermata / arresto;Conducente;M;Illeso;0;;Non accertato;
4340292;4;20/04/2019 11:00:00;Strada Urbana;CORSO SEMPIONE;in prossimità;;del civico n.;fr. 11;;Scontro laterale fra veicoli in marcia;Rettilineo;Più di due carreggiate;Asciutto;Asfaltata;Verticale ed orizzontale;Sereno;Normale;Buona;Ore Diurne;1;0;0;1;12.5337;41.9354;-1;2;Motociclo a solo;In marcia / fermata / arresto;Conducente;M;Rimandato;0;NON DECEDUTO;Non accertato;
4340294;18;20/04/2019 06:50:00;Strada Urbana;VIA BARTOLO DA SASSOFERRATO;all'intersezione con;LARGO ALESSANDRO CARAVILLANI;LARGO ALESSANDRO CARAVILLANI;;;Veicolo in marcia contro ostacolo accidentale;Intersezione semaforizzata;Più di due carreggiate;Asciutto;Asfaltata;Verticale ed orizzontale;Sereno;Scarso;Buona;Ore Diurne;0;0;0;2;12.4285;41.899;-1;1;Autovettura privata;In marcia / fermata / arresto;Conducente;M;Illeso;0;;;
4340294;18;20/04/2019 06:50:00;Strada Urbana;VIA BARTOLO DA SASSOFERRATO;all'intersezione con;LARGO ALESSANDRO CARAVILLANI;LARGO ALESSANDRO CARAVILLANI;;;Veicolo in marcia contro ostacolo accidentale;Intersezione semaforizzata;Più di due carreggiate;Asciutto;Asfaltata;Verticale ed orizzontale;Sereno;Scarso;Buona;Ore Diurne;0;0;0;2;12.4285;41.899;-1;2;Autocarro inferiore 35 q.;In marcia / fermata / arresto;Conducente;M;Illeso;0;;;
4340301;16;18/04/2019 15:05:00;;VIA STEFANO BOCCAPADULI;in prossimità;;del civico n.;25;;Scontro laterale fra veicoli in marcia;;;;;;;;;;0;0;0;2;;;0;1;Autovettura privata;In marcia / fermata / arresto;Conducente;M;Illeso;0;;;
4340301;16;18/04/2019 15:05:00;;VIA STEFANO BOCCAPADULI;in prossimità;;del civico n.;25;;Scontro laterale fra veicoli in marcia;;;;;;;;;;0;0;0;2;;;0;2;Autocarro inferiore 35 q.;In marcia / fermata / arresto;Conducente;M;Illeso;0;;;
4340304;3;23/04/2019 01:40:00;Strada Urbana;VIA DI GROTTAROSSA;in prossimità;;del civico n.;168;;Veicolo in marcia contro veicolo in sosta;Rettilineo;Una carreggiata a doppio senso;Bagnato (pioggia);Asfaltata;Verticale ed orizzontale;Nuvoloso;Scarso;Sufficiente;Sufficiente;0;0;0;2;12.4428;41.973;-1;1;Autovettura privata;In marcia / fermata / arresto;Conducente;M;Illeso;0;;Non accertato;Inesploso
4340304;3;23/04/2019 01:40:00;Strada Urbana;VIA DI GROTTAROSSA;in prossimità;;del civico n.;168;;Veicolo in marcia contro veicolo in sosta;Rettilineo;Una carreggiata a doppio senso;Bagnato (pioggia);Asfaltata;Verticale ed orizzontale;Nuvoloso;Scarso;Sufficiente;Sufficiente;0;0;0;2;12.4428;41.973;-1;1;Autovettura privata;In marcia / fermata / arresto;Passeggero;M;Illeso;0;;Non accertato;Inesploso
4340304;3;23/04/2019 01:40:00;Strada Urbana;VIA DI GROTTAROSSA;in prossimità;;del civico n.;168;;Veicolo in marcia contro veicolo in sosta;Rettilineo;Una carreggiata a doppio senso;Bagnato (pioggia);Asfaltata;Verticale ed orizzontale;Nuvoloso;Scarso;Sufficiente;Sufficiente;0;0;0;2;12.4428;41.973;-1;2;Autovettura privata;Sosta;;;;;;;
4340308;2;21/04/2019 10:40:00;Strada Urbana;VIA FLAMINIA;all'intersezione semaforizzata con;VIA LUIGI CANINA;VIA LUIGI CANINA;;;Scontro frontale/laterale SX fra veicoli in marcia;Intersezione semaforizzata;Una carreggiata a senso unico di marcia;Asciutto;Asfaltata;Verticale ed orizzontale;Nuvoloso;Normale;Buona;Ore Diurne;0;0;0;4;12.4721;41.9209;-1;1;Autovettura privata;In marcia / fermata / arresto;Conducente;M;Illeso;0;;;
4340308;2;21/04/2019 10:40:00;Strada Urbana;VIA FLAMINIA;all'intersezione semaforizzata con;VIA LUIGI CANINA;VIA LUIGI CANINA;;;Scontro frontale/laterale SX fra veicoli in marcia;Intersezione semaforizzata;Una carreggiata a senso unico di marcia;Asciutto;Asfaltata;Verticale ed orizzontale;Nuvoloso;Normale;Buona;Ore Diurne;0;0;0;4;12.4721;41.9209;-1;2;Autovettura privata;In marcia / fermata / arresto;Conducente;F;Illeso;0;;;
4340308;2;21/04/2019 10:40:00;Strada Urbana;VIA FLAMINIA;all'intersezione semaforizzata con;VIA LUIGI CANINA;VIA LUIGI CANINA;;;Scontro frontale/laterale SX fra veicoli in marcia;Intersezione semaforizzata;Una carreggiata a senso unico di marcia;Asciutto;Asfaltata;Verticale ed orizzontale;Nuvoloso;Normale;Buona;Ore Diurne;0;0;0;4;12.4721;41.9209;-1;2;Autovettura privata;In marcia / fermata / arresto;Passeggero;F;Illeso;0;;;
4340308;2;21/04/2019 10:40:00;Strada Urbana;VIA FLAMINIA;all'intersezione semaforizzata con;VIA LUIGI CANINA;VIA LUIGI CANINA;;;Scontro frontale/laterale SX fra veicoli in marcia;Intersezione semaforizzata;Una carreggiata a senso unico di marcia;Asciutto;Asfaltata;Verticale ed orizzontale;Nuvoloso;Normale;Buona;Ore Diurne;0;0;0;4;12.4721;41.9209;-1;2;Autovettura privata;In marcia / fermata / arresto;Passeggero;F;Illeso;0;;;
4340311;2;21/04/2019 18:48:00;Strada Urbana;PIAZZA DI PRISCILLA;in prossimità;;del civico n.;4;;Scontro laterale fra veicoli in marcia;Rettilineo;Due carreggiate;Asciutto;Asfaltata;Verticale ed orizzontale;Sereno;Normale;Buona;Ore Diurne;0;0;0;3;12.5093;41.9301;-1;1;Autovettura privata;In marcia / fermata / arresto;Conducente;M;Illeso;0;;;
4340311;2;21/04/2019 18:48:00;Strada Urbana;PIAZZA DI PRISCILLA;in prossimità;;del civico n.;4;;Scontro laterale fra veicoli in marcia;Rettilineo;Due carreggiate;Asciutto;Asfaltata;Verticale ed orizzontale;Sereno;Normale;Buona;Ore Diurne;0;0;0;3;12.5093;41.9301;-1;2;Autovettura privata;In marcia / fermata / arresto;Conducente;M;Illeso;0;;;
4340311;2;21/04/2019 18:48:00;Strada Urbana;PIAZZA DI PRISCILLA;in prossimità;;del civico n.;4;;Scontro laterale fra veicoli in marcia;Rettilineo;Due carreggiate;Asciutto;Asfaltata;Verticale ed orizzontale;Sereno;Normale;Buona;Ore Diurne;0;0;0;3;12.5093;41.9301;-1;2;Autovettura privata;In marcia / fermata / arresto;Passeggero;F;Illeso;0;;;
4340312;2;21/04/2019 04:30:00;Strada Urbana;VIALE REGINA MARGHERITA;in prossimità;;del civico n.;176;;Veicolo in marcia contro veicoli in sosta;Rettilineo;Una carreggiata a doppio senso;Asciutto;Asfaltata;Verticale ed orizzontale;Sereno;Normale;Sufficiente;Sufficiente;0;0;0;0;12.5039;41.915;-1;1;Autovettura privata;Sosta;;;;;;;
4340312;2;21/04/2019 04:30:00;Strada Urbana;VIALE REGINA MARGHERITA;in prossimità;;del civico n.;176;;Veicolo in marcia contro veicoli in sosta;Rettilineo;Una carreggiata a doppio senso;Asciutto;Asfaltata;Verticale ed orizzontale;Sereno;Normale;Sufficiente;Sufficiente;0;0;0;0;12.5039;41.915;-1;2;Autovettura privata;Sosta;;;;;;;
4340313;2;22/04/2019 05:25:00;Strada Urbana;SOTTOVIA IGNAZIO GUIDI;da specificare;;;;dir. Policlinico alt. via Tevere;Veicolo in marcia contro ostacolo accidentale;Rettilineo;Una carreggiata a senso unico di marcia;Asciutto;Asfaltata;Verticale ed orizzontale;Sereno;Scarso;Sufficiente;Sufficiente;0;0;0;1;12.5014;41.9096;-1;1;Autovettura privata;In marcia / fermata / arresto;Conducente;M;Illeso;0;;Non accertato;Inesploso
4340315;2;22/04/2019 20:05:00;Strada Urbana;CORSO TRIESTE;all'intersezione con;VIA TOPINO;VIA TOPINO;;;Scontro frontale/laterale DX fra veicoli in marcia;Intersezione stradale segnalata;Due carreggiate;Bagnato (pioggia);Asfaltata;Verticale;Pioggia in atto;Normale;Buona;Sufficiente;1;0;0;3;12.5101;41.9213;-1;1;Autovettura privata;In marcia / fermata / arresto;Conducente;F;Illeso;0;;Non accertato;Inesploso
4340315;2;22/04/2019 20:05:00;Strada Urbana;CORSO TRIESTE;all'intersezione con;VIA TOPINO;VIA TOPINO;;;Scontro frontale/laterale DX fra veicoli in marcia;Intersezione stradale segnalata;Due carreggiate;Bagnato (pioggia);Asfaltata;Verticale;Pioggia in atto;Normale;Buona;Sufficiente;1;0;0;3;12.5101;41.9213;-1;1;Autovettura privata;In marcia / fermata / arresto;Passeggero;F;Illeso;0;;Non accertato;Inesploso
4340315;2;22/04/2019 20:05:00;Strada Urbana;CORSO TRIESTE;all'intersezione con;VIA TOPINO;VIA TOPINO;;;Scontro frontale/laterale DX fra veicoli in marcia;Intersezione stradale segnalata;Due carreggiate;Bagnato (pioggia);Asfaltata;Verticale;Pioggia in atto;Normale;Buona;Sufficiente;1;0;0;3;12.5101;41.9213;-1;1;Autovettura privata;In marcia / fermata / arresto;Passeggero;M;Illeso;0;;Non accertato;Inesploso
4340315;2;22/04/2019 20:05:00;Strada Urbana;CORSO TRIESTE;all'intersezione con;VIA TOPINO;VIA TOPINO;;;Scontro frontale/laterale DX fra veicoli in marcia;Intersezione stradale segnalata;Due carreggiate;Bagnato (pioggia);Asfaltata;Verticale;Pioggia in atto;Normale;Buona;Sufficiente;1;0;0;3;12.5101;41.9213;-1;2;Motociclo a solo;In marcia / fermata / arresto;Conducente;M;Rimandato;0;NON DECEDUTO;Non accertato;
4340324;4;20/04/2019 11:30:00;Strada Urbana;LARGO LUCHINO VISCONTI;all'intersezione con;VIALE CESCO BASEGGIO;VIALE CESCO BASEGGIO;;;Scontro laterale fra veicoli in marcia;Rotatoria;Una carreggiata a senso unico di marcia;Asciutto;Asfaltata;Verticale ed orizzontale;Sereno;Normale;Buona;Ore Diurne;0;0;0;2;12.5354;41.9655;-1;1;Autobus urbano;In marcia / fermata / arresto;Conducente;F;Illeso;0;;;
4340324;4;20/04/2019 11:30:00;Strada Urbana;LARGO LUCHINO VISCONTI;all'intersezione con;VIALE CESCO BASEGGIO;VIALE CESCO BASEGGIO;;;Scontro laterale fra veicoli in marcia;Rotatoria;Una carreggiata a senso unico di marcia;Asciutto;Asfaltata;Verticale ed orizzontale;Sereno;Normale;Buona;Ore Diurne;0;0;0;2;12.5354;41.9655;-1;2;Autovettura privata;In marcia / fermata / arresto;Conducente;M;Illeso;0;;;
4340331;17;19/04/2019 13:30:00;Strada Urbana;VIA ANDREA DORIA;in prossimità;;del civico n.;79;;Scontro frontale/laterale SX fra veicoli in marcia;Rettilineo;Una carreggiata a doppio senso;Asciutto;Asfaltata;Verticale ed orizzontale;Sereno;Normale;Buona;Ore Diurne;0;0;0;2;12.4498;41.9089;-1;1;Autocarro inferiore 35 q.;In marcia / fermata / arresto;Conducente;M;Illeso;0;;;
4340331;17;19/04/2019 13:30:00;Strada Urbana;VIA ANDREA DORIA;in prossimità;;del civico n.;79;;Scontro frontale/laterale SX fra veicoli in marcia;Rettilineo;Una carreggiata a doppio senso;Asciutto;Asfaltata;Verticale ed orizzontale;Sereno;Normale;Buona;Ore Diurne;0;0;0;2;12.4498;41.9089;-1;2;Autovettura privata;In marcia / fermata / arresto;Conducente;F;Illeso;0;;;
4340345;17;22/04/2019 00:01:00;Strada Urbana;PIAZZA DELLA LIBERTA';da specificare;;;;altezza civico 13/A rampa con prov. Lungotevere;Veicolo in marcia contro ostacolo fisso;Curva a visuale libera;Una carreggiata a senso unico di marcia;Asciutto;Asfaltata;Verticale ed orizzontale;Sereno;Scarso;Buona;Sufficiente;2;0;0;0;12.4707;41.9093;-1;1;Motociclo con passeggero;In marcia / fermata / arresto;Conducente;M;Rimandato;0;NON DECEDUTO;;
4340345;17;22/04/2019 00:01:00;Strada Urbana;PIAZZA DELLA LIBERTA';da specificare;;;;altezza civico 13/A rampa con prov. Lungotevere;Veicolo in marcia contro ostacolo fisso;Curva a visuale libera;Una carreggiata a senso unico di marcia;Asciutto;Asfaltata;Verticale ed orizzontale;Sereno;Scarso;Buona;Sufficiente;2;0;0;0;12.4707;41.9093;-1;1;Motociclo con passeggero;In marcia / fermata / arresto;Passeggero;F;Rimandato;0;NON DECEDUTO;;
4340354;12;23/04/2019 06:50:00;Strada Urbana;VIALE CRISTOFORO COLOMBO;da specificare;;;;dir. Roma centro, prox. v.le America;Tamponamento;Rettilineo;Due carreggiate;Bagnato (pioggia);Asfaltata;Verticale ed orizzontale;Pioggia in atto;Normale;Buona;Ore Diurne;0;0;0;4;12.469;41.8294;-1;1;Autocarro inferiore 35 q.;In marcia / fermata / arresto;Conducente;M;Illeso;0;;Utilizzato;Inesploso
4340354;12;23/04/2019 06:50:00;Strada Urbana;VIALE CRISTOFORO COLOMBO;da specificare;;;;dir. Roma centro, prox. v.le America;Tamponamento;Rettilineo;Due carreggiate;Bagnato (pioggia);Asfaltata;Verticale ed orizzontale;Pioggia in atto;Normale;Buona;Ore Diurne;0;0;0;4;12.469;41.8294;-1;1;Autocarro inferiore 35 q.;In marcia / fermata / arresto;Passeggero;M;Illeso;0;;Utilizzato;Inesploso
4340354;12;23/04/2019 06:50:00;Strada Urbana;VIALE CRISTOFORO COLOMBO;da specificare;;;;dir. Roma centro, prox. v.le America;Tamponamento;Rettilineo;Due carreggiate;Bagnato (pioggia);Asfaltata;Verticale ed orizzontale;Pioggia in atto;Normale;Buona;Ore Diurne;0;0;0;4;12.469;41.8294;-1;2;Autovettura privata;In marcia / fermata / arresto;Conducente;F;Illeso;0;;Utilizzato;Inesploso
4340358;20;22/04/2019 19:00:00;Strada Urbana;VIA CASSIA;all'intersezione con;VIA RICCARDO MORBELLI;VIA RICCARDO MORBELLI;;;Scontro frontale/laterale DX fra veicoli in marcia;Incrocio;Una carreggiata a doppio senso;Bagnato (pioggia);Asfaltata;Verticale;Pioggia in atto;Normale;Sufficiente;Ore Diurne;0;0;0;3;12.3771;42.0142;-1;1;Autovettura privata;In marcia / fermata / arresto;Conducente;M;Illeso;0;;Non accertato;Inesploso
4340358;20;22/04/2019 19:00:00;Strada Urbana;VIA CASSIA;all'intersezione con;VIA RICCARDO MORBELLI;VIA RICCARDO MORBELLI;;;Scontro frontale/laterale DX fra veicoli in marcia;Incrocio;Una carreggiata a doppio senso;Bagnato (pioggia);Asfaltata;Verticale;Pioggia in atto;Normale;Sufficiente;Ore Diurne;0;0;0;3;12.3771;42.0142;-1;2;Autovettura privata;In marcia / fermata / arresto;Conducente;M;Illeso;0;;Non accertato;Inesploso
4340358;20;22/04/2019 19:00:00;Strada Urbana;VIA CASSIA;all'intersezione con;VIA RICCARDO MORBELLI;VIA RICCARDO MORBELLI;;;Scontro frontale/laterale DX fra veicoli in marcia;Incrocio;Una carreggiata a doppio senso;Bagnato (pioggia);Asfaltata;Verticale;Pioggia in atto;Normale;Sufficiente;Ore Diurne;0;0;0;3;12.3771;42.0142;-1;2;Autovettura privata;In marcia / fermata / arresto;Passeggero;F;Illeso;0;;Non accertato;Inesploso
4340361;16;19/04/2019 07:05:00;;VIALE DEI COLLI PORTUENSI;in prossimità;;del civico n.;547;;Investimento di pedone;;;;;;;;;;1;0;0;1;12.4434;41.8591;0;;;;Pedone;M;Rimandato;0;NON DECEDUTO;;
4340361;16;19/04/2019 07:05:00;;VIALE DEI COLLI PORTUENSI;in prossimità;;del civico n.;547;;Investimento di pedone;;;;;;;;;;1;0;0;1;12.4434;41.8591;0;1;Autovettura privata;In marcia / fermata / arresto;Conducente;M;Illeso;0;;;
4340365;20;22/04/2019 23:40:00;Regionale;VIA FLAMINIA;in corrispondenza;;della chilometrica;14;;Veicolo in marcia contro ostacolo accidentale;Galleria illuminata;Una carreggiata a senso unico di marcia;Asciutto;Asfaltata;Verticale ed orizzontale;Nuvoloso;Scarso;Sufficiente;Sufficiente;1;0;0;0;12.4718;41.9419;-1;1;Autovettura privata;In marcia / fermata / arresto;Conducente;F;Rifiuta cure immediate;0;NON DECEDUTO;;
4340395;18;19/04/2019 14:40:00;Strada Urbana;VIA S. DAMASO;in prossimità;;del civico n.;30;;Scontro laterale fra veicoli in marcia;Pendenza;Una carreggiata a doppio senso;Asciutto;Asfaltata;Verticale ed orizzontale;Sereno;Normale;Buona;Ore Diurne;2;0;0;0;12.4445;41.8944;0;1;Motociclo a solo;In marcia / fermata / arresto;Conducente;M;Rifiuta cure immediate;0;NON DECEDUTO;Non accertato;
4340395;18;19/04/2019 14:40:00;Strada Urbana;VIA S. DAMASO;in prossimità;;del civico n.;30;;Scontro laterale fra veicoli in marcia;Pendenza;Una carreggiata a doppio senso;Asciutto;Asfaltata;Verticale ed orizzontale;Sereno;Normale;Buona;Ore Diurne;2;0;0;0;12.4445;41.8944;0;2;Motociclo a solo;In marcia / fermata / arresto;Conducente;M;Rimandato;0;NON DECEDUTO;Non accertato;
4340395;18;19/04/2019 14:40:00;Strada Urbana;VIA S. DAMASO;in prossimità;;del civico n.;30;;Scontro laterale fra veicoli in marcia;Pendenza;Una carreggiata a doppio senso;Asciutto;Asfaltata;Verticale ed orizzontale;Sereno;Normale;Buona;Ore Diurne;2;0;0;0;12.4445;41.8944;0;3;Autovettura privata;Sosta;;;;;;;
4340395;18;19/04/2019 14:40:00;Strada Urbana;VIA S. DAMASO;in prossimità;;del civico n.;30;;Scontro laterale fra veicoli in marcia;Pendenza;Una carreggiata a doppio senso;Asciutto;Asfaltata;Verticale ed orizzontale;Sereno;Normale;Buona;Ore Diurne;2;0;0;0;12.4445;41.8944;0;4;Autovettura privata;Sosta;;;;;;;
4340401;4;20/04/2019 14:05:00;Provinciale entro l'abitato;VIA NOMENTANA;da specificare;;;;20 mt dopo civ. 1218;Veicolo in marcia contro ostacolo accidentale;Rettilineo;Una carreggiata a doppio senso;Asciutto;Asfaltata;Verticale;Sereno;Normale;Buona;Ore Diurne;0;0;0;2;12.5861;41.959;-1;1;Autovettura privata;In marcia / fermata / arresto;Conducente;F;Illeso;0;;;
4340401;4;20/04/2019 14:05:00;Provinciale entro l'abitato;VIA NOMENTANA;da specificare;;;;20 mt dopo civ. 1218;Veicolo in marcia contro ostacolo accidentale;Rettilineo;Una carreggiata a doppio senso;Asciutto;Asfaltata;Verticale;Sereno;Normale;Buona;Ore Diurne;0;0;0;2;12.5861;41.959;-1;1;Autovettura privata;In marcia / fermata / arresto;Passeggero;F;Illeso;0;;;
4340413;20;23/04/2019 00:40:00;Strada Urbana;VIA DEL FORO ITALICO;da specificare;;;;ALTEZZA V.LE TOR DI QUINTO;Tamponamento;Rettilineo;Due carreggiate;Bagnato (pioggia);Asfaltata;Verticale ed orizzontale;Pioggia in atto;Scarso;Sufficiente;Sufficiente;0;0;0;2;12.4802;41.9406;-1;1;Autovettura privata;In marcia / fermata / arresto;Conducente;F;Illeso;0;;;
4340413;20;23/04/2019 00:40:00;Strada Urbana;VIA DEL FORO ITALICO;da specificare;;;;ALTEZZA V.LE TOR DI QUINTO;Tamponamento;Rettilineo;Due carreggiate;Bagnato (pioggia);Asfaltata;Verticale ed orizzontale;Pioggia in atto;Scarso;Sufficiente;Sufficiente;0;0;0;2;12.4802;41.9406;-1;2;Motociclo a solo;In marcia / fermata / arresto;Conducente;M;Illeso;0;;;
4340431;23;23/04/2019 06:00:00;Strada Urbana;VIALE CRISTOFORO COLOMBO;all'intersezione semaforizzata con;VIA GIOVANNI GENOCCHI;VIA GIOVANNI GENOCCHI;;;Scontro frontale/laterale SX fra veicoli in marcia;Intersezione semaforizzata;Più di due carreggiate;Bagnato (pioggia);Asfaltata;Verticale ed orizzontale;Pioggia in atto;Normale;Sufficiente;Ore Diurne;0;0;0;3;12.4963;41.8586;-1;1;Autovettura privata;In marcia / fermata / arresto;Conducente;M;Illeso;0;;Utilizzato;Inesploso
4340431;23;23/04/2019 06:00:00;Strada Urbana;VIALE CRISTOFORO COLOMBO;all'intersezione semaforizzata con;VIA GIOVANNI GENOCCHI;VIA GIOVANNI GENOCCHI;;;Scontro frontale/laterale SX fra veicoli in marcia;Intersezione semaforizzata;Più di due carreggiate;Bagnato (pioggia);Asfaltata;Verticale ed orizzontale;Pioggia in atto;Normale;Sufficiente;Ore Diurne;0;0;0;3;12.4963;41.8586;-1;2;Autovettura privata;In marcia / fermata / arresto;Conducente;M;Illeso;0;;Non accertato;Esploso
4340431;23;23/04/2019 06:00:00;Strada Urbana;VIALE CRISTOFORO COLOMBO;all'intersezione semaforizzata con;VIA GIOVANNI GENOCCHI;VIA GIOVANNI GENOCCHI;;;Scontro frontale/laterale SX fra veicoli in marcia;Intersezione semaforizzata;Più di due carreggiate;Bagnato (pioggia);Asfaltata;Verticale ed orizzontale;Pioggia in atto;Normale;Sufficiente;Ore Diurne;0;0;0;3;12.4963;41.8586;-1;2;Autovettura privata;In marcia / fermata / arresto;Passeggero;M;Illeso;0;;Utilizzato;Esploso
4340436;4;20/04/2019 15:30:00;Strada Urbana;VIA SERGIO TOFANO;da specificare;;;;pross. via g. Cervi;Scontro frontale fra veicoli in marcia;Rettilineo;Una carreggiata a doppio senso;Asciutto;Asfaltata;Assente;Sereno;Scarso;Buona;Ore Diurne;0;0;0;2;12.5332;41.9624;-1;1;Autovettura privata;In marcia / fermata / arresto;Conducente;F;Illeso;0;;;
4340436;4;20/04/2019 15:30:00;Strada Urbana;VIA SERGIO TOFANO;da specificare;;;;pross. via g. Cervi;Scontro frontale fra veicoli in marcia;Rettilineo;Una carreggiata a doppio senso;Asciutto;Asfaltata;Assente;Sereno;Scarso;Buona;Ore Diurne;0;0;0;2;12.5332;41.9624;-1;2;Autovettura privata;In marcia / fermata / arresto;Conducente;M;Illeso;0;;;
4340469;4;20/04/2019 17:40:00;Strada Urbana;PIAZZA GIUSEPPE PRIMOLI;all'intersezione con;VIA UGO OJETTI;VIA UGO OJETTI;;;Scontro laterale fra veicoli in marcia;Rotatoria;Una carreggiata a senso unico di marcia;Asciutto;Asfaltata;Verticale ed orizzontale;Sereno;Normale;Buona;Ore Diurne;0;0;0;1;12.5529;41.9452;-1;1;Autovettura privata;In marcia / fermata / arresto;Conducente;F;Illeso;0;;Non accertato;
4340469;4;20/04/2019 17:40:00;Strada Urbana;PIAZZA GIUSEPPE PRIMOLI;all'intersezione con;VIA UGO OJETTI;VIA UGO OJETTI;;;Scontro laterale fra veicoli in marcia;Rotatoria;Una carreggiata a senso unico di marcia;Asciutto;Asfaltata;Verticale ed orizzontale;Sereno;Normale;Buona;Ore Diurne;0;0;0;1;12.5529;41.9452;-1;2;Autobus urbano;Allontanatosi;;;;;;;
4340482;16;19/04/2019 11:10:00;Strada Urbana;VIA BERNARDINO RAMAZZINI;da specificare;;;;fronte civico 80;Investimento di pedone;Rettilineo;Una carreggiata a doppio senso;Asciutto;Asfaltata;Assente;Sereno;Normale;Buona;Ore Diurne;1;0;0;2;12.4534;41.8693;-1;;;;Pedone;F;Rimandato;0;NON DECEDUTO;;
4340482;16;19/04/2019 11:10:00;Strada Urbana;VIA BERNARDINO RAMAZZINI;da specificare;;;;fronte civico 80;Investimento di pedone;Rettilineo;Una carreggiata a doppio senso;Asciutto;Asfaltata;Assente;Sereno;Normale;Buona;Ore Diurne;1;0;0;2;12.4534;41.8693;-1;1;Autovettura privata;In marcia / fermata / arresto;Conducente;F;Illeso;0;;;
4340482;16;19/04/2019 11:10:00;Strada Urbana;VIA BERNARDINO RAMAZZINI;da specificare;;;;fronte civico 80;Investimento di pedone;Rettilineo;Una carreggiata a doppio senso;Asciutto;Asfaltata;Assente;Sereno;Normale;Buona;Ore Diurne;1;0;0;2;12.4534;41.8693;-1;1;Autovettura privata;In marcia / fermata / arresto;Passeggero;M;Illeso;0;;;
4340485;18;22/04/2019 17:10:00;Strada Urbana;VIA DELLA CELLULOSA;in prossimità;;del civico n.;12;;Scontro frontale fra veicoli in marcia;Rettilineo;Una carreggiata a doppio senso;Bagnato (pioggia);Asfaltata;Verticale;Pioggia in atto;Scarso;Buona;Ore Diurne;4;0;0;4;12.3667;41.9227;-1;1;Autovettura privata;In marcia / fermata / arresto;Conducente;M;Rimandato;0;NON DECEDUTO;;
4340485;18;22/04/2019 17:10:00;Strada Urbana;VIA DELLA CELLULOSA;in prossimità;;del civico n.;12;;Scontro frontale fra veicoli in marcia;Rettilineo;Una carreggiata a doppio senso;Bagnato (pioggia);Asfaltata;Verticale;Pioggia in atto;Scarso;Buona;Ore Diurne;4;0;0;4;12.3667;41.9227;-1;1;Autovettura privata;In marcia / fermata / arresto;Passeggero;M;Rimandato;0;NON DECEDUTO;;
4340485;18;22/04/2019 17:10:00;Strada Urbana;VIA DELLA CELLULOSA;in prossimità;;del civico n.;12;;Scontro frontale fra veicoli in marcia;Rettilineo;Una carreggiata a doppio senso;Bagnato (pioggia);Asfaltata;Verticale;Pioggia in atto;Scarso;Buona;Ore Diurne;4;0;0;4;12.3667;41.9227;-1;1;Autovettura privata;In marcia / fermata / arresto;Passeggero;F;Rimandato;0;NON DECEDUTO;;
4340485;18;22/04/2019 17:10:00;Strada Urbana;VIA DELLA CELLULOSA;in prossimità;;del civico n.;12;;Scontro frontale fra veicoli in marcia;Rettilineo;Una carreggiata a doppio senso;Bagnato (pioggia);Asfaltata;Verticale;Pioggia in atto;Scarso;Buona;Ore Diurne;4;0;0;4;12.3667;41.9227;-1;1;Autovettura privata;In marcia / fermata / arresto;Passeggero;M;Rimandato;0;NON DECEDUTO;;