Protocollo;Gruppo;DataOraIncidente;Localizzazione1;STRADA1;Localizzazione2;STRADA2;Strada02;Chilometrica;DaSpecificare;NaturaIncidente;particolaritastrade;TipoStrada;FondoStradale;Pavimentazione;Segnaletica;CondizioneAtmosferica;Traffico;Visibilita;Illuminazione;NUM_FERITI;NUM_RISERVATA;NUM_MORTI;NUM_ILLESI;Longitudine;Latitudine;Confermato;Progressivo;TipoVeicolo;StatoVeicolo;TipoPersona;Sesso;Tipolesione;Deceduto;DecedutoDopo;CinturaCascoUtilizzato;Airbag;
4340844;16;22/04/2019 20:00:00;Strada Urbana;VIA CAMILLO DE LELLIS;all'intersezione con;VIA PIETRO D'ASSISI;VIA PIETRO D'ASSISI;;;Scontro frontale/laterale SX fra veicoli in marcia;Intersezione non regolata/non segnalata;Una carreggiata a senso unico di marcia;Bagnato (pioggia);Asfaltata;Assente;Pioggia in atto;Scarso;Buona;Sufficiente;1;0;0;1;12.4506;41.8692;-1;4;Autovettura privata;Sosta;;;;;;;
4340848;1;21/04/2019 06:50:00;Strada Urbana;VIA PANISPERNA;in prossimità;;del civico n.;262;;Veicolo in marcia contro ostacolo accidentale;Rettilineo;Una carreggiata a senso unico di marcia;Viscido da liquidi oleosi;In cubetti di porfido;Verticale ed orizzontale;Nuvoloso;Scarso;Buona;Ore Diurne;0;0;0;1;12.4888;41.8959;-1;1;Motociclo a solo;In marcia / fermata / arresto;Conducente;M;Illeso;0;;;
4340859;1;20/04/2019 18:00:00;Strada Urbana;VIA LARGA;in corrispondenza;;del civico n.;1 -2;;Veicolo in marcia contro veicolo in sosta;Rettilineo;Una carreggiata a senso unico di marcia;Asciutto;Acciotolata;Orizzontale;Sereno;Scarso;Buona;Ore Diurne;0;0;0;0;12.4686;41.8974;-1;1;Quadriciclo leggero;Sosta;;;;;;;
4340859;1;20/04/2019 18:00:00;Strada Urbana;VIA LARGA;in corrispondenza;;del civico n.;1 -2;;Veicolo in marcia contro veicolo in sosta;Rettilineo;Una carreggiata a senso unico di marcia;Asciutto;Acciotolata;Orizzontale;Sereno;Scarso;Buona;Ore Diurne;0;0;0;0;12.4686;41.8974;-1;2;Autovettura privata;In marcia / fermata / arresto;;;;;;;
4340864;18;20/04/2019 12:55:00;Strada Urbana;VIA BOSCONERO;in corrispondenza;;del civico n.;38;;Investimento di pedone;Rettilineo;Due carreggiate;Asciutto;Asfaltata;Verticale;Sereno;Scarso;Buona;Ore Diurne;2;0;0;0;12.3857;41.9208;-1;;;;Pedone;M;Rimandato;0;NON DECEDUTO;;
4340864;18;20/04/2019 12:55:00;Strada Urbana;VIA BOSCONERO;in corrispondenza;;del civico n.;38;;Investimento di pedone;Rettilineo;Due carreggiate;Asciutto;Asfaltata;Verticale;Sereno;Scarso;Buona;Ore Diurne;2;0;0;0;12.3857;41.9208;-1;1;Motociclo a solo;In marcia / fermata / arresto;Conducente;M;Rimandato;0;NON DECEDUTO;;
4340880;1;20/04/2019 13:30:00;Strada Urbana;PORTO DI RIPA GRANDE;all'intersezione con;PONTE TESTACCIO;PONTE TESTACCIO;;;Scontro frontale/laterale DX fra veicoli in marcia;Incrocio;Una carreggiata a senso unico di marcia;Asciutto;Asfaltata;Verticale ed orizzontale;Sereno;Normale;Buona;Ore Diurne;0;0;0;2;12.4766;41.8852;-1;1;Autovettura privata;In marcia / fermata / arresto;Conducente;F;Illeso;0;;Non accertato;Inesploso
4340880;1;20/04/2019 13:30:00;Strada Urbana;PORTO DI RIPA GRANDE;all'intersezione con;PONTE TESTACCIO;PONTE TESTACCIO;;;Scontro frontale/laterale DX fra veicoli in marcia;Incrocio;Una carreggiata a senso unico di marcia;Asciutto;Asfaltata;Verticale ed orizzontale;Sereno;Normale;Buona;Ore Diurne;0;0;0;2;12.4766;41.8852;-1;2;Autocarro inferiore 35 q.;In marcia / fermata / arresto;Conducente;M;Illeso;0;;Non accertato;Inesploso
4340889;1;20/04/2019 13:40:00;Strada Urbana;PONTE SUBLICIO;da specificare;;;;in prossimità LGTEVERE TESTACCIO;Scontro frontale/laterale DX fra veicoli in marcia;Rettilineo;Una carreggiata a doppio senso;Asciutto;Asfaltata;Verticale ed orizzontale;Sereno;Normale;Buona;Ore Diurne;0;0;0;2;12.4752;41.8833;-1;1;Autovettura privata;In marcia / fermata / arresto;Conducente;M;Illeso;0;;Non accertato;Inesploso
4340889;1;20/04/2019 13:40:00;Strada Urbana;PONTE SUBLICIO;da specificare;;;;in prossimità LGTEVERE TESTACCIO;Scontro frontale/laterale DX fra veicoli in marcia;Rettilineo;Una carreggiata a doppio senso;Asciutto;Asfaltata;Verticale ed orizzontale;Sereno;Normale;Buona;Ore Diurne;0;0;0;2;12.4752;41.8833;-1;2;Autocarro inferiore 35 q.;In marcia / fermata / arresto;Conducente;M;Illeso;0;;Non accertato;Inesploso
4340901;12;23/04/2019 09:05:00;Comunale extraurbana;VIA DEGLI AGROSTEMMI;all'intersezione con;VIA DELLE GERBERE;VIA DELLE GERBERE;;;Scontro frontale/laterale DX fra veicoli in marcia;Intersezione non regolata/non segnalata;Una carreggiata a doppio senso;Asciutto;Asfaltata;Assente;Nuvoloso;Scarso;Buona;Ore Diurne;1;0;0;1;12.5866;41.7081;-1;1;Autovettura privata;In marcia / fermata / arresto;Conducente;M;Illeso;0;;Utilizzato;Esploso
4340901;12;23/04/2019 09:05:00;Comunale extraurbana;VIA DEGLI AGROSTEMMI;all'intersezione con;VIA DELLE GERBERE;VIA DELLE GERBERE;;;Scontro frontale/laterale DX fra veicoli in marcia;Intersezione non regolata/non segnalata;Una carreggiata a doppio senso;Asciutto;Asfaltata;Assente;Nuvoloso;Scarso;Buona;Ore Diurne;1;0;0;1;12.5866;41.7081;-1;2;Autovettura privata;In marcia / fermata / arresto;Conducente;F;Rimandato;0;NON DECEDUTO;Utilizzato;Esploso
4340902;17;20/04/2019 21:30:00;Strada Urbana;VIALE DELLE MILIZIE;da specificare;;;;altezza VIA VIGLIENA;Veicolo in marcia contro ostacolo fisso;Rettilineo;Più di due carreggiate;Asciutto;Asfaltata;Verticale ed orizzontale;Sereno;Scarso;Buona;Sufficiente;0;0;0;1;12.4619;41.9122;-1;1;Autovettura privata;In marcia / fermata / arresto;Conducente;F;Illeso;0;;Non accertato;
4340906;9;22/04/2019 08:30:00;Strada Urbana;VIA AOSTA;in corrispondenza;;del civico n.;26;;Veicolo in marcia contro ostacolo accidentale;Rettilineo;Una carreggiata a doppio senso;Asciutto;Con buche;Orizzontale;Sereno;Intenso;Buona;Ore Diurne;0;0;0;1;12.5148;41.883;-1;1;Autovettura privata;In marcia / fermata / arresto;Conducente;M;Illeso;0;;Non accertato;Inesploso
4340952;17;22/04/2019 11:00:00;Strada Urbana;VIALE GIUSEPPE MAZZINI;all'intersezione con;VIA PASUBIO;VIA PASUBIO;;;Scontro frontale/laterale DX fra veicoli in marcia;Intersezione stradale segnalata;Due carreggiate;Asciutto;Asfaltata;Verticale ed orizzontale;Nuvoloso;Scarso;Buona;Ore Diurne;1;0;0;1;12.4671;41.9177;-1;1;Autovettura privata;In marcia / fermata / arresto;Conducente;F;Illeso;0;;;
4340952;17;22/04/2019 11:00:00;Strada Urbana;VIALE GIUSEPPE MAZZINI;all'intersezione con;VIA PASUBIO;VIA PASUBIO;;;Scontro frontale/laterale DX fra veicoli in marcia;Intersezione stradale segnalata;Due carreggiate;Asciutto;Asfaltata;Verticale ed orizzontale;Nuvoloso;Scarso;Buona;Ore Diurne;1;0;0;1;12.4671;41.9177;-1;2;Motociclo a solo;In marcia / fermata / arresto;Conducente;M;Rimandato;0;NON DECEDUTO;;
4340959;13;23/04/2019 15:45:00;Strada Urbana;VIA CRISTOFORO COLOMBO;da specificare;;;;altezza Largo de Renzis;Scontro laterale fra veicoli in marcia;Rettilineo;Più di due carreggiate;Asciutto;Asfaltata;Verticale ed orizzontale;Sereno;Normale;Buona;Ore Diurne;0;0;0;5;12.3701;41.7548;-1;1;Autovettura privata;In marcia / fermata / arresto;Conducente;F;Illeso;0;;Non accertato;Inesploso
4340959;13;23/04/2019 15:45:00;Strada Urbana;VIA CRISTOFORO COLOMBO;da specificare;;;;altezza Largo de Renzis;Scontro laterale fra veicoli in marcia;Rettilineo;Più di due carreggiate;Asciutto;Asfaltata;Verticale ed orizzontale;Sereno;Normale;Buona;Ore Diurne;0;0;0;5;12.3701;41.7548;-1;1;Autovettura privata;In marcia / fermata / arresto;Passeggero;F;Illeso;0;;Non accertato;Inesploso
4340959;13;23/04/2019 15:45:00;Strada Urbana;VIA CRISTOFORO COLOMBO;da specificare;;;;altezza Largo de Renzis;Scontro laterale fra veicoli in marcia;Rettilineo;Più di due carreggiate;Asciutto;Asfaltata;Verticale ed orizzontale;Sereno;Normale;Buona;Ore Diurne;0;0;0;5;12.3701;41.7548;-1;2;Autovettura privata;In marcia / fermata / arresto;Conducente;F;Illeso;0;;Non accertato;Inesploso
4340959;13;23/04/2019 15:45:00;Strada Urbana;VIA CRISTOFORO COLOMBO;da specificare;;;;altezza Largo de Renzis;Scontro laterale fra veicoli in marcia;Rettilineo;Più di due carreggiate;Asciutto;Asfaltata;Verticale ed orizzontale;Sereno;Normale;Buona;Ore Diurne;0;0;0;5;12.3701;41.7548;-1;2;Autovettura privata;In marcia / fermata / arresto;Passeggero;M;Illeso;0;;Non accertato;Inesistente
4340959;13;23/04/2019 15:45:00;Strada Urbana;VIA CRISTOFORO COLOMBO;da specificare;;;;altezza Largo de Renzis;Scontro laterale fra veicoli in marcia;Rettilineo;Più di due carreggiate;Asciutto;Asfaltata;Verticale ed orizzontale;Sereno;Normale;Buona;Ore Diurne;0;0;0;5;12.3701;41.7548;-1;2;Autovettura privata;In marcia / fermata / arresto;Passeggero;M;Illeso;0;;Non accertato;Inesploso
4340962;1;19/04/2019 12:30:00;Provinciale entro l'abitato;VIA LUDOVISI;in corrispondenza;;del civico n.;16;;Veicoli in marcia contro veicolo fermo;Rettilineo;Una carreggiata a senso unico di marcia;Asciutto;Asfaltata;Assente;Sereno;Intenso;Buona;Ore Diurne;0;0;0;4;12.4891;41.9072;-1;1;Motociclo a solo;In marcia / fermata / arresto;Conducente;M;Illeso;0;;;
4340962;1;19/04/2019 12:30:00;Provinciale entro l'abitato;VIA LUDOVISI;in corrispondenza;;del civico n.;16;;Veicoli in marcia contro veicolo fermo;Rettilineo;Una carreggiata a senso unico di marcia;Asciutto;Asfaltata;Assente;Sereno;Intenso;Buona;Ore Diurne;0;0;0;4;12.4891;41.9072;-1;1;Motociclo a solo;In marcia / fermata / arresto;Passeggero;F;Illeso;0;;;
4340962;1;19/04/2019 12:30:00;Provinciale entro l'abitato;VIA LUDOVISI;in corrispondenza;;del civico n.;16;;Veicoli in marcia contro veicolo fermo;Rettilineo;Una carreggiata a senso unico di marcia;Asciutto;Asfaltata;Assente;Sereno;Intenso;Buona;Ore Diurne;0;0;0;4;12.4891;41.9072;-1;2;Autovettura privata;In marcia / fermata / arresto;Conducente;M;Illeso;0;;;
4340962;1;19/04/2019 12:30:00;Provinciale entro l'abitato;VIA LUDOVISI;in corrispondenza;;del civico n.;16;;Veicoli in marcia contro veicolo fermo;Rettilineo;Una carreggiata a senso unico di marcia;Asciutto;Asfaltata;Assente;Sereno;Intenso;Buona;Ore Diurne;0;0;0;4;12.4891;41.9072;-1;3;Autovettura privata;In marcia / fermata / arresto;Conducente;F;Illeso;0;;;
4340986;17;21/04/2019 05:45:00;Strada Urbana;PIAZZA ADRIANA;in prossimità;;del civico n.;4;;Veicolo in marcia contro veicoli in sosta;Rettilineo;Una carreggiata a senso unico di marcia;Asciutto;Asfaltata;Verticale ed orizzontale;Sereno;Scarso;Buona;Sufficiente;0;0;0;3;12.4685;41.9046;-1;1;Autovettura privata;In marcia / fermata / arresto;Conducente;M;Illeso;0;;;
4340986;17;21/04/2019 05:45:00;Strada Urbana;PIAZZA ADRIANA;in prossimità;;del civico n.;4;;Veicolo in marcia contro veicoli in sosta;Rettilineo;Una carreggiata a senso unico di marcia;Asciutto;Asfaltata;Verticale ed orizzontale;Sereno;Scarso;Buona;Sufficiente;0;0;0;3;12.4685;41.9046;-1;1;Autovettura privata;In marcia / fermata / arresto;Passeggero;M;Illeso;0;;;
4340986;17;21/04/2019 05:45:00;Strada Urbana;PIAZZA ADRIANA;in prossimità;;del civico n.;4;;Veicolo in marcia contro veicoli in sosta;Rettilineo;Una carreggiata a senso unico di marcia;Asciutto;Asfaltata;Verticale ed orizzontale;Sereno;Scarso;Buona;Sufficiente;0;0;0;3;12.4685;41.9046;-1;2;Autovettura privata;Sosta;;;;;;;
4340986;17;21/04/2019 05:45:00;Strada Urbana;PIAZZA ADRIANA;in prossimità;;del civico n.;4;;Veicolo in marcia contro veicoli in sosta;Rettilineo;Una carreggiata a senso unico di marcia;Asciutto;Asfaltata;Verticale ed orizzontale;Sereno;Scarso;Buona;Sufficiente;0;0;0;3;12.4685;41.9046;-1;3;Autovettura privata;Sosta;;;;;;;
4341093;1;21/04/2019 22:25:00;Provinciale entro l'abitato;VIA FERDINANDO DI SAVOIA;all'intersezione con;VIA MARIA ADELAIDE;VIA MARIA ADELAIDE;;;Investimento di pedone;Rotatoria;Una carreggiata a senso unico di marcia;Bagnato (pioggia);Strada pavimentata dissestata;Verticale;Nebbia;Intenso;Sufficiente;Sufficiente;0;0;0;3;12.4746;41.9103;-1;;;;Pedone;M;Illeso;0;;;
4341093;1;21/04/2019 22:25:00;Provinciale entro l'abitato;VIA FERDINANDO DI SAVOIA;all'intersezione con;VIA MARIA ADELAIDE;VIA MARIA ADELAIDE;;;Investimento di pedone;Rotatoria;Una carreggiata a senso unico di marcia;Bagnato (pioggia);Strada pavimentata dissestata;Verticale;Nebbia;Intenso;Sufficiente;Sufficiente;0;0;0;3;12.4746;41.9103;-1;1;Autovettura privata;In marcia / fermata / arresto;Conducente;M;Illeso;0;;;
4341093;1;21/04/2019 22:25:00;Provinciale entro l'abitato;VIA FERDINANDO DI SAVOIA;all'intersezione con;VIA MARIA ADELAIDE;VIA MARIA ADELAIDE;;;Investimento di pedone;Rotatoria;Una carreggiata a senso unico di marcia;Bagnato (pioggia);Strada pavimentata dissestata;Verticale;Nebbia;Intenso;Sufficiente;Sufficiente;0;0;0;3;12.4746;41.9103;-1;1;Autovettura privata;In marcia / fermata / arresto;Passeggero;F;Illeso;0;;;
4341126;7;23/04/2019 16:35:00;Provinciale entro l'abitato;VIA PRENESTINA;da specificare;;;;altezza svincolo GRA;Scontro laterale fra veicoli in marcia;Rettilineo;Una carreggiata a doppio senso;Asciutto;Asfaltata;Verticale ed orizzontale;Nuvoloso;Intenso;Buona;Ore Diurne;0;0;0;3;12.6156;41.8933;-1;1;Autovettura privata;In marcia / fermata / arresto;Conducente;M;Illeso;0;;Non accertato;Inesistente
4341126;7;23/04/2019 16:35:00;Provinciale entro l'abitato;VIA PRENESTINA;da specificare;;;;altezza svincolo GRA;Scontro laterale fra veicoli in marcia;Rettilineo;Una carreggiata a doppio senso;Asciutto;Asfaltata;Verticale ed orizzontale;Nuvoloso;Intenso;Buona;Ore Diurne;0;0;0;3;12.6156;41.8933;-1;1;Autovettura privata;In marcia / fermata / arresto;Passeggero;F;Illeso;0;;Non accertato;Inesploso
4341126;7;23/04/2019 16:35:00;Provinciale entro l'abitato;VIA PRENESTINA;da specificare;;;;altezza svincolo GRA;Scontro laterale fra veicoli in marcia;Rettilineo;Una carreggiata a doppio senso;Asciutto;Asfaltata;Verticale ed orizzontale;Nuvoloso;Intenso;Buona;Ore Diurne;0;0;0;3;12.6156;41.8933;-1;2;Autovettura privata;In marcia / fermata / arresto;Conducente;F;Illeso;0;;;
4341151;15;23/04/2019 08:45:00;Strada Urbana;VIA DELLA MAGLIANA;in corrispondenza;;del civico n.;209;;Tamponamento;Rettilineo;Una carreggiata a doppio senso;Asciutto;Asfaltata;Verticale ed orizzontale;Nuvoloso;Normale;Buona;Ore Diurne;0;0;0;4;12.4586;41.8491;-1;1;Autocarro inferiore 35 q.;In marcia / fermata / arresto;Conducente;M;Illeso;0;;Non accertato;Inesploso
4341151;15;23/04/2019 08:45:00;Strada Urbana;VIA DELLA MAGLIANA;in corrispondenza;;del civico n.;209;;Tamponamento;Rettilineo;Una carreggiata a doppio senso;Asciutto;Asfaltata;Verticale ed orizzontale;Nuvoloso;Normale;Buona;Ore Diurne;0;0;0;4;12.4586;41.8491;-1;1;Autocarro inferiore 35 q.;In marcia / fermata / arresto;Passeggero;F;Illeso;0;;Non accertato;
4341151;15;23/04/2019 08:45:00;Strada Urbana;VIA DELLA MAGLIANA;in corrispondenza;;del civico n.;209;;Tamponamento;Rettilineo;Una carreggiata a doppio senso;Asciutto;Asfaltata;Verticale ed orizzontale;Nuvoloso;Normale;Buona;Ore Diurne;0;0;0;4;12.4586;41.8491;-1;1;Autocarro inferiore 35 q.;In marcia / fermata / arresto;Passeggero;M;Illeso;0;;;
4341151;15;23/04/2019 08:45:00;Strada Urbana;VIA DELLA MAGLIANA;in corrispondenza;;del civico n.;209;;Tamponamento;Rettilineo;Una carreggiata a doppio senso;Asciutto;Asfaltata;Verticale ed orizzontale;Nuvoloso;Normale;Buona;Ore Diurne;0;0;0;4;12.4586;41.8491;-1;2;Autovettura privata;In marcia / fermata / arresto;Conducente;F;Illeso;0;;;
4341158;15;23/04/2019 11:00:00;Strada Urbana;VIA PORTUENSE;in corrispondenza;;del civico n.;265;;Scontro laterale fra veicoli in marcia;Rettilineo;Una carreggiata a doppio senso;Asciutto;Asfaltata;Orizzontale;Nuvoloso;Normale;Buona;Ore Diurne;2;0;0;1;12.465;41.8683;-1;1;Autovettura privata;In marcia / fermata / arresto;Conducente;M;Rifiuta cure immediate;0;NON DECEDUTO;Non accertato;Inesploso
4341158;15;23/04/2019 11:00:00;Strada Urbana;VIA PORTUENSE;in corrispondenza;;del civico n.;265;;Scontro laterale fra veicoli in marcia;Rettilineo;Una carreggiata a doppio senso;Asciutto;Asfaltata;Orizzontale;Nuvoloso;Normale;Buona;Ore Diurne;2;0;0;1;12.465;41.8683;-1;1;Autovettura privata;In marcia / fermata / arresto;Passeggero;F;Illeso;0;;Non accertato;Esploso
4341158;15;23/04/2019 11:00:00;Strada Urbana;VIA PORTUENSE;in corrispondenza;;del civico n.;265;;Scontro laterale fra veicoli in marcia;Rettilineo;Una carreggiata a doppio senso;Asciutto;Asfaltata;Orizzontale;Nuvoloso;Normale;Buona;Ore Diurne;2;0;0;1;12.465;41.8683;-1;2;Motociclo a solo;In marcia / fermata / arresto;Conducente;M;Rimandato;0;NON DECEDUTO;Utilizzato;
4341298;18;23/04/2019 09:30:00;Strada Urbana;VIA DI BOCCEA;all'intersezione semaforizzata con;VIA GIUSEPPE MARELLO;VIA GIUSEPPE MARELLO;;;Scontro frontale/laterale DX fra veicoli in marcia;Intersezione semaforizzata;Una carreggiata a doppio senso;Asciutto;Asfaltata;Verticale ed orizzontale;Nuvoloso;Normale;Buona;Ore Diurne;0;0;0;2;12.3847;41.9149;-1;1;Autocarro inferiore 35 q.;In marcia / fermata / arresto;Conducente;M;Illeso;0;;;
4341298;18;23/04/2019 09:30:00;Strada Urbana;VIA DI BOCCEA;all'intersezione semaforizzata con;VIA GIUSEPPE MARELLO;VIA GIUSEPPE MARELLO;;;Scontro frontale/laterale DX fra veicoli in marcia;Intersezione semaforizzata;Una carreggiata a doppio senso;Asciutto;Asfaltata;Verticale ed orizzontale;Nuvoloso;Normale;Buona;Ore Diurne;0;0;0;2;12.3847;41.9149;-1;2;Autovettura privata;In marcia / fermata / arresto;Conducente;M;Illeso;0;;;
4341301;18;23/04/2019 10:15:00;Strada Urbana;VIA DI BOCCEA;in prossimità;;del civico n.;500;;Scontro laterale fra veicoli in marcia;Rettilineo;Una carreggiata a senso unico di marcia;Asciutto;Asfaltata;Verticale ed orizzontale;Sereno;Normale;Buona;Ore Diurne;2;0;0;2;12.3431;41.9318;-1;1;Autovettura privata;In marcia / fermata / arresto;Conducente;F;Illeso;0;;Non accertato;Inesploso
4341301;18;23/04/2019 10:15:00;Strada Urbana;VIA DI BOCCEA;in prossimità;;del civico n.;500;;Scontro laterale fra veicoli in marcia;Rettilineo;Una carreggiata a senso unico di marcia;Asciutto;Asfaltata;Verticale ed orizzontale;Sereno;Normale;Buona;Ore Diurne;2;0;0;2;12.3431;41.9318;-1;1;Autovettura privata;In marcia / fermata / arresto;Passeggero;F;Illeso;0;;Non accertato;Inesploso
4341301;18;23/04/2019 10:15:00;Strada Urbana;VIA DI BOCCEA;in prossimità;;del civico n.;500;;Scontro laterale fra veicoli in marcia;Rettilineo;Una carreggiata a senso unico di marcia;Asciutto;Asfaltata;Verticale ed orizzontale;Sereno;Normale;Buona;Ore Diurne;2;0;0;2;12.3431;41.9318;-1;2;Autovettura privata;In marcia / fermata / arresto;Conducente;M;Rifiuta cure immediate;0;NON DECEDUTO;Non accertato;Inesploso
4341301;18;23/04/2019 10:15:00;Strada Urbana;VIA DI BOCCEA;in prossimità;;del civico n.;500;;Scontro laterale fra veicoli in marcia;Rettilineo;Una carreggiata a senso unico di marcia;Asciutto;Asfaltata;Verticale ed orizzontale;Sereno;Normale;Buona;Ore Diurne;2;0;0;2;12.3431;41.9318;-1;3;Autovettura privata;In marcia / fermata / arresto;Conducente;F;Rimandato;0;NON DECEDUTO;Non accertato;Inesploso
4341578;9;21/04/2019 12:00:00;Strada Urbana;PIAZZA EPIRO;da specificare;;;;fronte civico 37;Veicolo in marcia contro veicolo in sosta;Rettilineo;Una carreggiata a senso unico di marcia;Asciutto;Asfaltata;Verticale ed orizzontale;Sereno;Normale;Buona;Ore Diurne;0;0;0;1;12.5042;41.8788;-1;1;Autovettura privata;In marcia / fermata / arresto;Conducente;M;Illeso;0;;Non accertato;Inesploso
4341578;9;21/04/2019 12:00:00;Strada Urbana;PIAZZA EPIRO;da specificare;;;;fronte civico 37;Veicolo in marcia contro veicolo in sosta;Rettilineo;Una carreggiata a senso unico di marcia;Asciutto;Asfaltata;Verticale ed orizzontale;Sereno;Normale;Buona;Ore Diurne;0;0;0;1;12.5042;41.8788;-1;2;Autovettura privata;Sosta;;;;;;;
4341588;9;23/04/2019 19:06:00;Strada Urbana;VIA MACEDONIA;in prossimità;;del civico n.;10;;Veicolo in marcia contro ostacolo fisso;Rettilineo;Una carreggiata a doppio senso;Asciutto;Asfaltata;Verticale ed orizzontale;Sereno;Normale;Buona;Ore Diurne;0;0;0;1;12.5118;41.8735;-1;1;Autovettura privata;In marcia / fermata / arresto;Conducente;F;Illeso;0;;Non accertato;Inesploso
4341596;8;23/04/2019 15:10:00;Strada Urbana;VIA DI TOR BELLA MONACA;da specificare;;;;alt. Via P.F. Quaglia;Scontro laterale fra veicoli in marcia;Rettilineo;Due carreggiate;Asciutto;Asfaltata;Assente;Sereno;Normale;Buona;Ore Diurne;0;0;0;5;12.6381;41.8669;-1;1;Autovettura privata;In marcia / fermata / arresto;Conducente;F;Illeso;0;;;
4341596;8;23/04/2019 15:10:00;Strada Urbana;VIA DI TOR BELLA MONACA;da specificare;;;;alt. Via P.F. Quaglia;Scontro laterale fra veicoli in marcia;Rettilineo;Due carreggiate;Asciutto;Asfaltata;Assente;Sereno;Normale;Buona;Ore Diurne;0;0;0;5;12.6381;41.8669;-1;1;Autovettura privata;In marcia / fermata / arresto;Passeggero;F;Illeso;0;;;
4341596;8;23/04/2019 15:10:00;Strada Urbana;VIA DI TOR BELLA MONACA;da specificare;;;;alt. Via P.F. Quaglia;Scontro laterale fra veicoli in marcia;Rettilineo;Due carreggiate;Asciutto;Asfaltata;Assente;Sereno;Normale;Buona;Ore Diurne;0;0;0;5;12.6381;41.8669;-1;2;Autovettura privata;In marcia / fermata / arresto;Conducente;F;Illeso;0;;;
4341596;8;23/04/2019 15:10:00;Strada Urbana;VIA DI TOR BELLA MONACA;da specificare;;;;alt. Via P.F. Quaglia;Scontro laterale fra veicoli in marcia;Rettilineo;Due carreggiate;Asciutto;Asfaltata;Assente;Sereno;Normale;Buona;Ore Diurne;0;0;0;5;12.6381;41.8669;-1;2;Autovettura privata;In marcia / fermata / arresto;Passeggero;F;Illeso;0;;;
4341596;8;23/04/2019 15:10:00;Strada Urbana;VIA DI TOR BELLA MONACA;da specificare;;;;alt. Via P.F. Quaglia;Scontro laterale fra veicoli in marcia;Rettilineo;Due carreggiate;Asciutto;Asfaltata;Assente;Sereno;Normale;Buona;Ore Diurne;0;0;0;5;12.6381;41.8669;-1;2;Autovettura privata;In marcia / fermata / arresto;Passeggero;M;Illeso;0;;;
4341600;8;23/04/2019 11:30:00;Statale entro l'abitato;VIA CASILINA;da specificare;;;;pross. parcheggio aperto al pubblico civ. 1817;Scontro frontale/laterale DX fra veicoli in marcia;Rettilineo;Una carreggiata a senso unico alternato;Asciutto;Asfaltata;Verticale ed orizzontale;Nuvoloso;Normale;Buona;Ore Diurne;0;0;0;3;12.6199;41.8628;-1;1;Autovettura privata;In marcia / fermata / arresto;Conducente;F;Illeso;0;;;
4341600;8;23/04/2019 11:30:00;Statale entro l'abitato;VIA CASILINA;da specificare;;;;pross. parcheggio aperto al pubblico civ. 1817;Scontro frontale/laterale DX fra veicoli in marcia;Rettilineo;Una carreggiata a senso unico alternato;Asciutto;Asfaltata;Verticale ed orizzontale;Nuvoloso;Normale;Buona;Ore Diurne;0;0;0;3;12.6199;41.8628;-1;1;Autovettura privata;In marcia / fermata / arresto;Passeggero;M;Illeso;0;;Non accertato;
4341600;8;23/04/2019 11:30:00;Statale entro l'abitato;VIA CASILINA;da specificare;;;;pross. parcheggio aperto al pubblico civ. 1817;Scontro frontale/laterale DX fra veicoli in marcia;Rettilineo;Una carreggiata a senso unico alternato;Asciutto;Asfaltata;Verticale ed orizzontale;Nuvoloso;Normale;Buona;Ore Diurne;0;0;0;3;12.6199;41.8628;-1;2;Autovettura privata;In marcia / fermata / arresto;Conducente;M;Illeso;0;;Non accertato;
4341606;8;23/04/2019 07:15:00;Strada Urbana;VIALE DELLA SORBONA;in prossimità;;del palo luce n.;136;;Scontro frontale/laterale SX fra veicoli in marcia;Curva a visuale libera;Una carreggiata a senso unico di marcia;Bagnato (pioggia);Asfaltata;Verticale ed orizzontale;Nuvoloso;Normale;Buona;Ore Diurne;0;0;0;2;12.612;41.8546;-1;1;Autovettura privata;In marcia / fermata / arresto;Conducente;M;Illeso;0;;Non accertato;Inesploso
4341606;8;23/04/2019 07:15:00;Strada Urbana;VIALE DELLA SORBONA;in prossimità;;del palo luce n.;136;;Scontro frontale/laterale SX fra veicoli in marcia;Curva a visuale libera;Una carreggiata a senso unico di marcia;Bagnato (pioggia);Asfaltata;Verticale ed orizzontale;Nuvoloso;Normale;Buona;Ore Diurne;0;0;0;2;12.612;41.8546;-1;2;Autovettura privata;In marcia / fermata / arresto;Conducente;M;Illeso;0;;Non accertato;Inesploso
4341619;15;23/04/2019 17:00:00;Strada Urbana;VIA DELL'IMPRUNETA;all'intersezione con;VIALE VICOPISANO;VIALE VICOPISANO;;;Scontro frontale/laterale DX fra veicoli in marcia;Incrocio;Due carreggiate;Asciutto;Asfaltata;Verticale ed orizzontale;Sereno;Scarso;Buona;Ore Diurne;0;0;0;3;12.46;41.8464;-1;1;Autovettura privata;In marcia / fermata / arresto;Conducente;F;Illeso;0;;Non accertato;Inesploso