Protocollo;Gruppo;DataOraIncidente;Localizzazione1;STRADA1;Localizzazione2;STRADA2;Strada02;Chilometrica;DaSpecificare;NaturaIncidente;particolaritastrade;TipoStrada;FondoStradale;Pavimentazione;Segnaletica;CondizioneAtmosferica;Traffico;Visibilita;Illuminazione;NUM_FERITI;NUM_RISERVATA;NUM_MORTI;NUM_ILLESI;Longitudine;Latitudine;Confermato;Progressivo;TipoVeicolo;StatoVeicolo;TipoPersona;Sesso;Tipolesione;Deceduto;DecedutoDopo;CinturaCascoUtilizzato;Airbag;
4347037;20;27/04/2019 11:35:00;Statale entro l'abitato;VIA CASSIA;da specificare;;;;altezza Via Livi;Scontro frontale fra veicoli in marcia;Rettilineo;Una carreggiata a doppio senso;Asciutto;Asfaltata;Orizzontale;Sereno;Intenso;Buona;Ore Diurne;2;0;0;4;12.4137;41.9828;-1;1;Autovettura privata;In marcia / fermata / arresto;Conducente;M;Illeso;0;;Non accertato;Inesploso
4347037;20;27/04/2019 11:35:00;Statale entro l'abitato;VIA CASSIA;da specificare;;;;altezza Via Livi;Scontro frontale fra veicoli in marcia;Rettilineo;Una carreggiata a doppio senso;Asciutto;Asfaltata;Orizzontale;Sereno;Intenso;Buona;Ore Diurne;2;0;0;4;12.4137;41.9828;-1;1;Autovettura privata;In marcia / fermata / arresto;Passeggero;M;Illeso;0;;Non accertato;Inesploso
4347037;20;27/04/2019 11:35:00;Statale entro l'abitato;VIA CASSIA;da specificare;;;;altezza Via Livi;Scontro frontale fra veicoli in marcia;Rettilineo;Una carreggiata a doppio senso;Asciutto;Asfaltata;Orizzontale;Sereno;Intenso;Buona;Ore Diurne;2;0;0;4;12.4137;41.9828;-1;2;Autovettura privata;In marcia / fermata / arresto;Conducente;M;Illeso;0;;Non accertato;Inesploso
4347037;20;27/04/2019 11:35:00;Statale entro l'abitato;VIA CASSIA;da specificare;;;;altezza Via Livi;Scontro frontale fra veicoli in marcia;Rettilineo;Una carreggiata a doppio senso;Asciutto;Asfaltata;Orizzontale;Sereno;Intenso;Buona;Ore Diurne;2;0;0;4;12.4137;41.9828;-1;2;Autovettura privata;In marcia / fermata / arresto;Passeggero;M;Illeso;0;;Non accertato;Inesploso
4347037;20;27/04/2019 11:35:00;Statale entro l'abitato;VIA CASSIA;da specificare;;;;altezza Via Livi;Scontro frontale fra veicoli in marcia;Rettilineo;Una carreggiata a doppio senso;Asciutto;Asfaltata;Orizzontale;Sereno;Intenso;Buona;Ore Diurne;2;0;0;4;12.4137;41.9828;-1;3;Autovettura privata;In marcia / fermata / arresto;Conducente;M;Rifiuta cure immediate;0;NON DECEDUTO;Non accertato;Inesploso
4347037;20;27/04/2019 11:35:00;Statale entro l'abitato;VIA CASSIA;da specificare;;;;altezza Via Livi;Scontro frontale fra veicoli in marcia;Rettilineo;Una carreggiata a doppio senso;Asciutto;Asfaltata;Orizzontale;Sereno;Intenso;Buona;Ore Diurne;2;0;0;4;12.4137;41.9828;-1;3;Autovettura privata;In marcia / fermata / arresto;Passeggero;F;Rimandato;0;NON DECEDUTO;Non accertato;Inesploso
4347130;7;26/04/2019 22:50:00;Strada Urbana;VIA COLLATINA;all'intersezione con;PIAZZA CESARE DE CUPIS;PIAZZA CESARE DE CUPIS;;;Tamponamento;Rotatoria;Una carreggiata a senso unico di marcia;Asciutto;Asfaltata;Verticale ed orizzontale;Nuvoloso;Scarso;Sufficiente;Sufficiente;0;0;0;3;12.5899;41.9042;-1;1;Autovettura di polizia;In marcia / fermata / arresto;Conducente;M;Illeso;0;;;
4347130;7;26/04/2019 22:50:00;Strada Urbana;VIA COLLATINA;all'intersezione con;PIAZZA CESARE DE CUPIS;PIAZZA CESARE DE CUPIS;;;Tamponamento;Rotatoria;Una carreggiata a senso unico di marcia;Asciutto;Asfaltata;Verticale ed orizzontale;Nuvoloso;Scarso;Sufficiente;Sufficiente;0;0;0;3;12.5899;41.9042;-1;1;Autovettura di polizia;In marcia / fermata / arresto;Passeggero;M;Illeso;0;;Non accertato;Inesploso
4347130;7;26/04/2019 22:50:00;Strada Urbana;VIA COLLATINA;all'intersezione con;PIAZZA CESARE DE CUPIS;PIAZZA CESARE DE CUPIS;;;Tamponamento;Rotatoria;Una carreggiata a senso unico di marcia;Asciutto;Asfaltata;Verticale ed orizzontale;Nuvoloso;Scarso;Sufficiente;Sufficiente;0;0;0;3;12.5899;41.9042;-1;2;Autovettura privata;In marcia / fermata / arresto;Conducente;M;Illeso;0;;;
4347160;7;27/04/2019 10:50:00;Strada Urbana;VIA DELLE AZALEE;in prossimità;;del civico n.;58;;Tamponamento Multiplo;Rettilineo;Una carreggiata a senso unico di marcia;Asciutto;Asfaltata;Verticale ed orizzontale;Sereno;Normale;Buona;Ore Diurne;0;0;0;3;12.5693;41.8809;-1;1;Autovettura privata;In marcia / fermata / arresto;Conducente;M;Illeso;0;;;
4347160;7;27/04/2019 10:50:00;Strada Urbana;VIA DELLE AZALEE;in prossimità;;del civico n.;58;;Tamponamento Multiplo;Rettilineo;Una carreggiata a senso unico di marcia;Asciutto;Asfaltata;Verticale ed orizzontale;Sereno;Normale;Buona;Ore Diurne;0;0;0;3;12.5693;41.8809;-1;2;Autovettura privata;In marcia / fermata / arresto;Conducente;M;Illeso;0;;;
4347160;7;27/04/2019 10:50:00;Strada Urbana;VIA DELLE AZALEE;in prossimità;;del civico n.;58;;Tamponamento Multiplo;Rettilineo;Una carreggiata a senso unico di marcia;Asciutto;Asfaltata;Verticale ed orizzontale;Sereno;Normale;Buona;Ore Diurne;0;0;0;3;12.5693;41.8809;-1;3;Autovettura privata;In marcia / fermata / arresto;Conducente;F;Illeso;0;;;
4347167;7;27/04/2019 11:00:00;Strada Urbana;VIA PRENESTINA;all'intersezione con;VIALE PALMIRO TOGLIATTI;VIALE PALMIRO TOGLIATTI;;;Scontro frontale/laterale DX fra veicoli in marcia;Incrocio;Due carreggiate;Asciutto;Asfaltata;Verticale ed orizzontale;Sereno;Normale;Buona;Ore Diurne;1;0;0;3;12.5746;41.8949;-1;1;Autovettura privata;In marcia / fermata / arresto;Conducente;M;Rimandato;0;NON DECEDUTO;Non accertato;Inesploso
4347167;7;27/04/2019 11:00:00;Strada Urbana;VIA PRENESTINA;all'intersezione con;VIALE PALMIRO TOGLIATTI;VIALE PALMIRO TOGLIATTI;;;Scontro frontale/laterale DX fra veicoli in marcia;Incrocio;Due carreggiate;Asciutto;Asfaltata;Verticale ed orizzontale;Sereno;Normale;Buona;Ore Diurne;1;0;0;3;12.5746;41.8949;-1;1;Autovettura privata;In marcia / fermata / arresto;Passeggero;F;Illeso;0;;Non accertato;Inesploso
4347167;7;27/04/2019 11:00:00;Strada Urbana;VIA PRENESTINA;all'intersezione con;VIALE PALMIRO TOGLIATTI;VIALE PALMIRO TOGLIATTI;;;Scontro frontale/laterale DX fra veicoli in marcia;Incrocio;Due carreggiate;Asciutto;Asfaltata;Verticale ed orizzontale;Sereno;Normale;Buona;Ore Diurne;1;0;0;3;12.5746;41.8949;-1;2;Autovettura privata;In marcia / fermata / arresto;Conducente;M;Illeso;0;;Non accertato;Inesploso
4347167;7;27/04/2019 11:00:00;Strada Urbana;VIA PRENESTINA;all'intersezione con;VIALE PALMIRO TOGLIATTI;VIALE PALMIRO TOGLIATTI;;;Scontro frontale/laterale DX fra veicoli in marcia;Incrocio;Due carreggiate;Asciutto;Asfaltata;Verticale ed orizzontale;Sereno;Normale;Buona;Ore Diurne;1;0;0;3;12.5746;41.8949;-1;2;Autovettura privata;In marcia / fermata / arresto;Passeggero;M;Illeso;0;;Non accertato;Inesploso
4347178;18;26/04/2019 10:00:00;Strada Urbana;CIRCONVALLAZIONE CORNELIA;in corrispondenza;;del civico n.;132;;Veicolo in marcia contro veicolo in sosta;Rettilineo;Una carreggiata a senso unico di marcia;Asciutto;Asfaltata;Verticale ed orizzontale;Nuvoloso;Scarso;Buona;Sufficiente;0;0;0;0;12.4254;41.9029;-1;1;Autovettura privata;Sosta;;;;;;;
4347178;18;26/04/2019 10:00:00;Strada Urbana;CIRCONVALLAZIONE CORNELIA;in corrispondenza;;del civico n.;132;;Veicolo in marcia contro veicolo in sosta;Rettilineo;Una carreggiata a senso unico di marcia;Asciutto;Asfaltata;Verticale ed orizzontale;Nuvoloso;Scarso;Buona;Sufficiente;0;0;0;0;12.4254;41.9029;-1;2;Autovettura privata;In marcia / fermata / arresto;;;;;;;
4347180;7;27/04/2019 18:20:00;Strada Urbana;VIA DI TOR BELLA MONACA;da specificare;;;;altezza fermata atac n° 76383;Scontro laterale fra veicoli in marcia;Rettilineo;Due carreggiate;Asciutto;Asfaltata;Verticale ed orizzontale;Sereno;Intenso;Buona;Ore Diurne;0;0;0;6;12.6281;41.8764;-1;1;Autocarro inferiore 35 q.;In marcia / fermata / arresto;Conducente;M;Illeso;0;;Non accertato;Inesploso
4347180;7;27/04/2019 18:20:00;Strada Urbana;VIA DI TOR BELLA MONACA;da specificare;;;;altezza fermata atac n° 76383;Scontro laterale fra veicoli in marcia;Rettilineo;Due carreggiate;Asciutto;Asfaltata;Verticale ed orizzontale;Sereno;Intenso;Buona;Ore Diurne;0;0;0;6;12.6281;41.8764;-1;1;Autocarro inferiore 35 q.;In marcia / fermata / arresto;Passeggero;M;Illeso;0;;Non accertato;Inesploso
4347180;7;27/04/2019 18:20:00;Strada Urbana;VIA DI TOR BELLA MONACA;da specificare;;;;altezza fermata atac n° 76383;Scontro laterale fra veicoli in marcia;Rettilineo;Due carreggiate;Asciutto;Asfaltata;Verticale ed orizzontale;Sereno;Intenso;Buona;Ore Diurne;0;0;0;6;12.6281;41.8764;-1;2;Autovettura privata;In marcia / fermata / arresto;Conducente;M;Illeso;0;;Non accertato;Inesploso
4347180;7;27/04/2019 18:20:00;Strada Urbana;VIA DI TOR BELLA MONACA;da specificare;;;;altezza fermata atac n° 76383;Scontro laterale fra veicoli in marcia;Rettilineo;Due carreggiate;Asciutto;Asfaltata;Verticale ed orizzontale;Sereno;Intenso;Buona;Ore Diurne;0;0;0;6;12.6281;41.8764;-1;2;Autovettura privata;In marcia / fermata / arresto;Passeggero;M;Illeso;0;;Non accertato;Inesploso
4347180;7;27/04/2019 18:20:00;Strada Urbana;VIA DI TOR BELLA MONACA;da specificare;;;;altezza fermata atac n° 76383;Scontro laterale fra veicoli in marcia;Rettilineo;Due carreggiate;Asciutto;Asfaltata;Verticale ed orizzontale;Sereno;Intenso;Buona;Ore Diurne;0;0;0;6;12.6281;41.8764;-1;2;Autovettura privata;In marcia / fermata / arresto;Passeggero;M;Illeso;0;;Non accertato;Inesploso
4347180;7;27/04/2019 18:20:00;Strada Urbana;VIA DI TOR BELLA MONACA;da specificare;;;;altezza fermata atac n° 76383;Scontro laterale fra veicoli in marcia;Rettilineo;Due carreggiate;Asciutto;Asfaltata;Verticale ed orizzontale;Sereno;Intenso;Buona;Ore Diurne;0;0;0;6;12.6281;41.8764;-1;2;Autovettura privata;In marcia / fermata / arresto;Passeggero;F;Illeso;0;;Non accertato;Inesploso
4347572;10;27/04/2019 07:45:00;Strada Urbana;VIA TUSCOLANA;in prossimità;;del civico n.;971;;Scontro frontale/laterale SX fra veicoli in marcia;Rettilineo;Due carreggiate;Asciutto;Asfaltata;Verticale ed orizzontale;Sereno;Scarso;Buona;Ore Diurne;1;0;0;1;12.5652;41.8553;-1;1;Autovettura privata;In marcia / fermata / arresto;Conducente;M;Illeso;0;;Non accertato;Esploso
4347572;10;27/04/2019 07:45:00;Strada Urbana;VIA TUSCOLANA;in prossimità;;del civico n.;971;;Scontro frontale/laterale SX fra veicoli in marcia;Rettilineo;Due carreggiate;Asciutto;Asfaltata;Verticale ed orizzontale;Sereno;Scarso;Buona;Ore Diurne;1;0;0;1;12.5652;41.8553;-1;2;Motociclo a solo;In marcia / fermata / arresto;Conducente;M;Ricoverato;0;NON DECEDUTO;Non accertato;
4347595;10;26/04/2019 12:40:00;Strada Urbana;VIA DEL CALICE;all'intersezione con;VIA ACQUARO;VIA ACQUARO;;;Investimento di pedone;Incrocio;Una carreggiata a doppio senso;Asciutto;Asfaltata;Verticale ed orizzontale;Sereno;Normale;Buona;Ore Diurne;1;0;0;2;12.5639;41.8322;-1;;;;Pedone;F;Rimandato;0;NON DECEDUTO;;
4347595;10;26/04/2019 12:40:00;Strada Urbana;VIA DEL CALICE;all'intersezione con;VIA ACQUARO;VIA ACQUARO;;;Investimento di pedone;Incrocio;Una carreggiata a doppio senso;Asciutto;Asfaltata;Verticale ed orizzontale;Sereno;Normale;Buona;Ore Diurne;1;0;0;2;12.5639;41.8322;-1;1;Autovettura privata;In marcia / fermata / arresto;Conducente;M;Illeso;0;;Non accertato;Inesploso
4347595;10;26/04/2019 12:40:00;Strada Urbana;VIA DEL CALICE;all'intersezione con;VIA ACQUARO;VIA ACQUARO;;;Investimento di pedone;Incrocio;Una carreggiata a doppio senso;Asciutto;Asfaltata;Verticale ed orizzontale;Sereno;Normale;Buona;Ore Diurne;1;0;0;2;12.5639;41.8322;-1;1;Autovettura privata;In marcia / fermata / arresto;Passeggero;F;Illeso;0;;Non accertato;Inesploso
4347598;11;28/04/2019 16:40:00;Strada Urbana;PIAZZALE OSTIENSE;da specificare;;;;intersezione VIA RAFFAELE PERSICHETTI;Scontro laterale fra veicoli in marcia;Rettilineo;Una carreggiata a senso unico di marcia;Asciutto;Asfaltata;Verticale ed orizzontale;Sereno;Scarso;Buona;Ore Diurne;0;0;0;4;12.4812;41.8765;-1;1;Autovettura privata;In marcia / fermata / arresto;Conducente;M;Illeso;0;;;
4347598;11;28/04/2019 16:40:00;Strada Urbana;PIAZZALE OSTIENSE;da specificare;;;;intersezione VIA RAFFAELE PERSICHETTI;Scontro laterale fra veicoli in marcia;Rettilineo;Una carreggiata a senso unico di marcia;Asciutto;Asfaltata;Verticale ed orizzontale;Sereno;Scarso;Buona;Ore Diurne;0;0;0;4;12.4812;41.8765;-1;1;Autovettura privata;In marcia / fermata / arresto;Passeggero;F;Illeso;0;;;
4347598;11;28/04/2019 16:40:00;Strada Urbana;PIAZZALE OSTIENSE;da specificare;;;;intersezione VIA RAFFAELE PERSICHETTI;Scontro laterale fra veicoli in marcia;Rettilineo;Una carreggiata a senso unico di marcia;Asciutto;Asfaltata;Verticale ed orizzontale;Sereno;Scarso;Buona;Ore Diurne;0;0;0;4;12.4812;41.8765;-1;2;Autovettura di polizia;In marcia / fermata / arresto;Conducente;M;Illeso;0;;;
4347598;11;28/04/2019 16:40:00;Strada Urbana;PIAZZALE OSTIENSE;da specificare;;;;intersezione VIA RAFFAELE PERSICHETTI;Scontro laterale fra veicoli in marcia;Rettilineo;Una carreggiata a senso unico di marcia;Asciutto;Asfaltata;Verticale ed orizzontale;Sereno;Scarso;Buona;Ore Diurne;0;0;0;4;12.4812;41.8765;-1;2;Autovettura di polizia;In marcia / fermata / arresto;Passeggero;F;Illeso;0;;;
4347604;7;29/04/2019 03:30:00;Strada Urbana;VIA CASILINA;in prossimità;;del civico n.;943;;Ribaltamento senza urto contro ostacolo fisso;Rettilineo;Una carreggiata a doppio senso;Asciutto;Asfaltata;Orizzontale;Sereno;Normale;Sufficiente;Sufficiente;0;0;0;0;12.5787;41.8715;-1;1;Autovettura privata;In marcia / fermata / arresto;;;;;;;
4347625;10;28/04/2019 19:00:00;Strada Urbana;VIA TUSCOLANA;all'intersezione semaforizzata con;VIA LUCIO SESTIO;VIA LUCIO SESTIO;;;Scontro laterale fra veicoli in marcia;Intersezione semaforizzata;Due carreggiate;Asciutto;Asfaltata;Verticale ed orizzontale;Sereno;Normale;Buona;Ore Diurne;1;0;0;3;12.5571;41.8597;-1;1;Autovettura privata;In marcia / fermata / arresto;Conducente;M;Illeso;0;;Non accertato;Inesploso
4347625;10;28/04/2019 19:00:00;Strada Urbana;VIA TUSCOLANA;all'intersezione semaforizzata con;VIA LUCIO SESTIO;VIA LUCIO SESTIO;;;Scontro laterale fra veicoli in marcia;Intersezione semaforizzata;Due carreggiate;Asciutto;Asfaltata;Verticale ed orizzontale;Sereno;Normale;Buona;Ore Diurne;1;0;0;3;12.5571;41.8597;-1;1;Autovettura privata;In marcia / fermata / arresto;Passeggero;F;Illeso;0;;Non accertato;Inesploso
4347625;10;28/04/2019 19:00:00;Strada Urbana;VIA TUSCOLANA;all'intersezione semaforizzata con;VIA LUCIO SESTIO;VIA LUCIO SESTIO;;;Scontro laterale fra veicoli in marcia;Intersezione semaforizzata;Due carreggiate;Asciutto;Asfaltata;Verticale ed orizzontale;Sereno;Normale;Buona;Ore Diurne;1;0;0;3;12.5571;41.8597;-1;2;Motociclo con passeggero;In marcia / fermata / arresto;Conducente;M;Illeso;0;;Non accertato;
4347625;10;28/04/2019 19:00:00;Strada Urbana;VIA TUSCOLANA;all'intersezione semaforizzata con;VIA LUCIO SESTIO;VIA LUCIO SESTIO;;;Scontro laterale fra veicoli in marcia;Intersezione semaforizzata;Due carreggiate;Asciutto;Asfaltata;Verticale ed orizzontale;Sereno;Normale;Buona;Ore Diurne;1;0;0;3;12.5571;41.8597;-1;2;Motociclo con passeggero;In marcia / fermata / arresto;Passeggero;M;Rimandato;0;NON DECEDUTO;Non accertato;
4347637;11;28/04/2019 22:10:00;Strada Urbana;VIA OSTIENSE;in corrispondenza;;del civico n.;172;;Scontro laterale fra veicoli in marcia;Rettilineo;Più di due carreggiate;Asciutto;Asfaltata;Verticale ed orizzontale;Nuvoloso;Scarso;Insufficiente;Insufficiente;0;0;0;3;12.4784;41.8637;-1;1;Autovettura privata;In marcia / fermata / arresto;Conducente;M;Illeso;0;;Non accertato;
4347637;11;28/04/2019 22:10:00;Strada Urbana;VIA OSTIENSE;in corrispondenza;;del civico n.;172;;Scontro laterale fra veicoli in marcia;Rettilineo;Più di due carreggiate;Asciutto;Asfaltata;Verticale ed orizzontale;Nuvoloso;Scarso;Insufficiente;Insufficiente;0;0;0;3;12.4784;41.8637;-1;1;Autovettura privata;In marcia / fermata / arresto;Passeggero;F;Illeso;0;;Non accertato;
4347637;11;28/04/2019 22:10:00;Strada Urbana;VIA OSTIENSE;in corrispondenza;;del civico n.;172;;Scontro laterale fra veicoli in marcia;Rettilineo;Più di due carreggiate;Asciutto;Asfaltata;Verticale ed orizzontale;Nuvoloso;Scarso;Insufficiente;Insufficiente;0;0;0;3;12.4784;41.8637;-1;2;Autovettura privata;In marcia / fermata / arresto;Conducente;M;Illeso;0;;Non accertato;
4347637;11;28/04/2019 22:10:00;Strada Urbana;VIA OSTIENSE;in corrispondenza;;del civico n.;172;;Scontro laterale fra veicoli in marcia;Rettilineo;Più di due carreggiate;Asciutto;Asfaltata;Verticale ed orizzontale;Nuvoloso;Scarso;Insufficiente;Insufficiente;0;0;0;3;12.4784;41.8637;-1;3;Autovettura privata;Sosta;;;;;;;
4347647;5;27/04/2019 12:00:00;Strada Urbana;VIA DI GROTTA DI GREGNA;all'intersezione con;VIA AUGUSTO MAMMUCARI;VIA AUGUSTO MAMMUCARI;;;Scontro frontale/laterale DX fra veicoli in marcia;Incrocio;Una carreggiata a doppio senso;Asciutto;Asfaltata;Verticale ed orizzontale;Sereno;Normale;Buona;Ore Diurne;1;0;0;1;12.564;41.9161;-1;1;Autovettura privata;In marcia / fermata / arresto;Conducente;F;Illeso;0;;Non accertato;
4347647;5;27/04/2019 12:00:00;Strada Urbana;VIA DI GROTTA DI GREGNA;all'intersezione con;VIA AUGUSTO MAMMUCARI;VIA AUGUSTO MAMMUCARI;;;Scontro frontale/laterale DX fra veicoli in marcia;Incrocio;Una carreggiata a doppio senso;Asciutto;Asfaltata;Verticale ed orizzontale;Sereno;Normale;Buona;Ore Diurne;1;0;0;1;12.564;41.9161;-1;2;Motociclo a solo;In marcia / fermata / arresto;Conducente;M;Rimandato;0;NON DECEDUTO;Non accertato;
4347658;20;28/04/2019 13:30:00;Strada Urbana;VIA DEL FORO ITALICO;da specificare;;;;prossimità VIA MONTI DELLA FARNESINA;Tamponamento;Rettilineo;Una carreggiata a senso unico di marcia;Asciutto;Asfaltata;Verticale ed orizzontale;Sereno;Scarso;Buona;Ore Diurne;0;0;0;5;12.4828;41.94;-1;1;Autovettura di polizia;In marcia / fermata / arresto;Conducente;M;Illeso;0;;Esente;Inesploso
4347658;20;28/04/2019 13:30:00;Strada Urbana;VIA DEL FORO ITALICO;da specificare;;;;prossimità VIA MONTI DELLA FARNESINA;Tamponamento;Rettilineo;Una carreggiata a senso unico di marcia;Asciutto;Asfaltata;Verticale ed orizzontale;Sereno;Scarso;Buona;Ore Diurne;0;0;0;5;12.4828;41.94;-1;1;Autovettura di polizia;In marcia / fermata / arresto;Passeggero;M;Illeso;0;;Esente;Inesploso
4347658;20;28/04/2019 13:30:00;Strada Urbana;VIA DEL FORO ITALICO;da specificare;;;;prossimità VIA MONTI DELLA FARNESINA;Tamponamento;Rettilineo;Una carreggiata a senso unico di marcia;Asciutto;Asfaltata;Verticale ed orizzontale;Sereno;Scarso;Buona;Ore Diurne;0;0;0;5;12.4828;41.94;-1;2;Autovettura privata;In marcia / fermata / arresto;Conducente;M;Illeso;0;;Non accertato;Inesploso
4347658;20;28/04/2019 13:30:00;Strada Urbana;VIA DEL FORO ITALICO;da specificare;;;;prossimità VIA MONTI DELLA FARNESINA;Tamponamento;Rettilineo;Una carreggiata a senso unico di marcia;Asciutto;Asfaltata;Verticale ed orizzontale;Sereno;Scarso;Buona;Ore Diurne;0;0;0;5;12.4828;41.94;-1;2;Autovettura privata;In marcia / fermata / arresto;Passeggero;F;Illeso;0;;Non accertato;Inesploso
4347658;20;28/04/2019 13:30:00;Strada Urbana;VIA DEL FORO ITALICO;da specificare;;;;prossimità VIA MONTI DELLA FARNESINA;Tamponamento;Rettilineo;Una carreggiata a senso unico di marcia;Asciutto;Asfaltata;Verticale ed orizzontale;Sereno;Scarso;Buona;Ore Diurne;0;0;0;5;12.4828;41.94;-1;2;Autovettura privata;In marcia / fermata / arresto;Passeggero;F;Illeso;0;;Non accertato;Inesploso
4347663;5;27/04/2019 13:00:00;Strada Urbana;VIA RENZO ROSSI;da specificare;;;;altezza civico 103;Scontro laterale fra veicoli in marcia;Rettilineo;Una carreggiata a senso unico di marcia;Asciutto;Asfaltata;Verticale;Sereno;Scarso;Buona;Ore Diurne;0;0;0;2;12.5456;41.9096;-1;1;Autovettura privata;In marcia / fermata / arresto;Conducente;M;Illeso;0;;Non accertato;
4347663;5;27/04/2019 13:00:00;Strada Urbana;VIA RENZO ROSSI;da specificare;;;;altezza civico 103;Scontro laterale fra veicoli in marcia;Rettilineo;Una carreggiata a senso unico di marcia;Asciutto;Asfaltata;Verticale;Sereno;Scarso;Buona;Ore Diurne;0;0;0;2;12.5456;41.9096;-1;2;Autovettura privata;In marcia / fermata / arresto;Conducente;F;Illeso;0;;Non accertato;
4347666;4;27/04/2019 16:30:00;Strada Urbana;VIA CAVRIGLIA;da specificare;;;;f.c. 25;Scontro frontale/laterale SX fra veicoli in marcia;Rettilineo;Una carreggiata a doppio senso;Asciutto;Asfaltata;Verticale ed orizzontale;Sereno;Normale;Buona;Ore Diurne;1;0;0;1;;;0;1;Motociclo a solo;In marcia / fermata / arresto;Conducente;M;Rimandato;0;NON DECEDUTO;;
4347666;4;27/04/2019 16:30:00;Strada Urbana;VIA CAVRIGLIA;da specificare;;;;f.c. 25;Scontro frontale/laterale SX fra veicoli in marcia;Rettilineo;Una carreggiata a doppio senso;Asciutto;Asfaltata;Verticale ed orizzontale;Sereno;Normale;Buona;Ore Diurne;1;0;0;1;;;0;2;Autovettura privata;In marcia / fermata / arresto;Conducente;F;Illeso;0;;;
4347671;15;28/04/2019 23:10:00;Strada Urbana;VIA OSTIENSE;da specificare;;;;alt. km 24,400 della VIA DEL MARE;Scontro frontale fra veicoli in marcia;Rettilineo;Una carreggiata a doppio senso;Asciutto;Asfaltata;Orizzontale;Sereno;Scarso;Insufficiente;Inesistente;1;0;1;0;12.4229;41.8109;-1;1;Autovettura privata;In marcia / fermata / arresto;Conducente;M;Deceduto sul posto;-1;;Non accertato;Esploso
4347671;15;28/04/2019 23:10:00;Strada Urbana;VIA OSTIENSE;da specificare;;;;alt. km 24,400 della VIA DEL MARE;Scontro frontale fra veicoli in marcia;Rettilineo;Una carreggiata a doppio senso;Asciutto;Asfaltata;Orizzontale;Sereno;Scarso;Insufficiente;Inesistente;1;0;1;0;12.4229;41.8109;-1;2;Autocarro inferiore 35 q.;In marcia / fermata / arresto;Conducente;M;Ricoverato;0;NON DECEDUTO;Non utilizzato;
4347674;20;28/04/2019 17:45:00;Strada Urbana;VIA CASSIA;in prossimità;;del civico n.;1745;;Scontro frontale fra veicoli in marcia;Rettilineo;Una carreggiata a doppio senso;Asciutto;Asfaltata;Verticale ed orizzontale;Sereno;Normale;Buona;Ore Diurne;1;0;0;1;12.3791;42.0087;-1;1;Autovettura privata;In marcia / fermata / arresto;Conducente;M;Illeso;0;;;
4347674;20;28/04/2019 17:45:00;Strada Urbana;VIA CASSIA;in prossimità;;del civico n.;1745;;Scontro frontale fra veicoli in marcia;Rettilineo;Una carreggiata a doppio senso;Asciutto;Asfaltata;Verticale ed orizzontale;Sereno;Normale;Buona;Ore Diurne;1;0;0;1;12.3791;42.0087;-1;2;Motociclo a solo;In marcia / fermata / arresto;Conducente;M;Rimandato;0;NON DECEDUTO;;
4347675;5;26/04/2019 11:10:00;Strada Urbana;VIA TIBURTINA;in prossimità;;del civico n.;496;;Scontro laterale fra veicoli in marcia;Rettilineo;Più di due carreggiate;Asciutto;Asfaltata;Orizzontale;Sereno;Normale;Buona;Ore Diurne;1;0;0;1;12.5407;41.9084;-1;1;Motociclo a solo;In marcia / fermata / arresto;Conducente;F;Rimandato;0;NON DECEDUTO;Non accertato;
4347675;5;26/04/2019 11:10:00;Strada Urbana;VIA TIBURTINA;in prossimità;;del civico n.;496;;Scontro laterale fra veicoli in marcia;Rettilineo;Più di due carreggiate;Asciutto;Asfaltata;Orizzontale;Sereno;Normale;Buona;Ore Diurne;1;0;0;1;12.5407;41.9084;-1;2;Autovettura privata;In marcia / fermata / arresto;Conducente;M;Illeso;0;;Non accertato;
4347676;11;28/04/2019 20:40:00;Strada Urbana;VIA SILVIO D'AMICO;all'intersezione con;VIA GABRIELLO CHIABRERA;VIA GABRIELLO CHIABRERA;;;Scontro frontale fra veicoli in marcia;Incrocio;Due carreggiate;Asciutto;Asfaltata;Verticale ed orizzontale;Sereno;Scarso;Sufficiente;Sufficiente;0;0;0;4;12.4787;41.8517;-1;1;Autovettura privata;In marcia / fermata / arresto;Conducente;M;Illeso;0;;;
4347676;11;28/04/2019 20:40:00;Strada Urbana;VIA SILVIO D'AMICO;all'intersezione con;VIA GABRIELLO CHIABRERA;VIA GABRIELLO CHIABRERA;;;Scontro frontale fra veicoli in marcia;Incrocio;Due carreggiate;Asciutto;Asfaltata;Verticale ed orizzontale;Sereno;Scarso;Sufficiente;Sufficiente;0;0;0;4;12.4787;41.8517;-1;2;Autovettura privata;In marcia / fermata / arresto;Conducente;M;Illeso;0;;;
4347676;11;28/04/2019 20:40:00;Strada Urbana;VIA SILVIO D'AMICO;all'intersezione con;VIA GABRIELLO CHIABRERA;VIA GABRIELLO CHIABRERA;;;Scontro frontale fra veicoli in marcia;Incrocio;Due carreggiate;Asciutto;Asfaltata;Verticale ed orizzontale;Sereno;Scarso;Sufficiente;Sufficiente;0;0;0;4;12.4787;41.8517;-1;2;Autovettura privata;In marcia / fermata / arresto;Passeggero;F;Illeso;0;;;