Protocollo;Gruppo;DataOraIncidente;Localizzazione1;STRADA1;Localizzazione2;STRADA2;Strada02;Chilometrica;DaSpecificare;NaturaIncidente;particolaritastrade;TipoStrada;FondoStradale;Pavimentazione;Segnaletica;CondizioneAtmosferica;Traffico;Visibilita;Illuminazione;NUM_FERITI;NUM_RISERVATA;NUM_MORTI;NUM_ILLESI;Longitudine;Latitudine;Confermato;Progressivo;TipoVeicolo;StatoVeicolo;TipoPersona;Sesso;Tipolesione;Deceduto;DecedutoDopo;CinturaCascoUtilizzato;Airbag;
4349120;9;29/04/2019 12:15:00;Strada Urbana;VIA FALERIA;in prossimità;;del civico n.;19;;Scontro frontale fra veicoli in marcia;Rettilineo;Una carreggiata a senso unico di marcia;Bagnato (pioggia);Asfaltata;Verticale ed orizzontale;Pioggia in atto;Scarso;Buona;Ore Diurne;0;0;0;2;12.5099;41.8828;-1;1;Autovettura privata;In marcia / fermata / arresto;Conducente;M;Illeso;0;;Non accertato;Inesploso
4349120;9;29/04/2019 12:15:00;Strada Urbana;VIA FALERIA;in prossimità;;del civico n.;19;;Scontro frontale fra veicoli in marcia;Rettilineo;Una carreggiata a senso unico di marcia;Bagnato (pioggia);Asfaltata;Verticale ed orizzontale;Pioggia in atto;Scarso;Buona;Ore Diurne;0;0;0;2;12.5099;41.8828;-1;2;Autovettura privata;In marcia / fermata / arresto;Conducente;F;Illeso;0;;Non accertato;Inesploso
4349153;6;29/04/2019 17:15:00;Strada Urbana;VIA PRENESTINA;in prossimità;;del civico n.;236;;Tamponamento;Rettilineo;Due carreggiate;Bagnato (pioggia);Asfaltata;Verticale ed orizzontale;Nuvoloso;Normale;Buona;Ore Diurne;0;0;0;2;12.54;41.8923;-1;1;Autovettura privata;In marcia / fermata / arresto;Conducente;M;Illeso;0;;Non accertato;Inesploso
4349153;6;29/04/2019 17:15:00;Strada Urbana;VIA PRENESTINA;in prossimità;;del civico n.;236;;Tamponamento;Rettilineo;Due carreggiate;Bagnato (pioggia);Asfaltata;Verticale ed orizzontale;Nuvoloso;Normale;Buona;Ore Diurne;0;0;0;2;12.54;41.8923;-1;2;Autovettura privata;In marcia / fermata / arresto;Conducente;M;Illeso;0;;Non accertato;Inesploso
4349191;16;29/04/2019 13:40:00;Strada Urbana;VIA AURELIA ANTICA;da specificare;;;;altezza palo Acea 54- prox 220;Veicolo in marcia contro ostacolo fisso;Rettilineo;Una carreggiata a senso unico di marcia;Bagnato (pioggia);Asfaltata;Verticale ed orizzontale;Pioggia in atto;Normale;Buona;Ore Diurne;3;0;0;0;12.435;41.8902;-1;1;Autovettura privata;In marcia / fermata / arresto;Conducente;F;Rimandato;0;NON DECEDUTO;;
4349191;16;29/04/2019 13:40:00;Strada Urbana;VIA AURELIA ANTICA;da specificare;;;;altezza palo Acea 54- prox 220;Veicolo in marcia contro ostacolo fisso;Rettilineo;Una carreggiata a senso unico di marcia;Bagnato (pioggia);Asfaltata;Verticale ed orizzontale;Pioggia in atto;Normale;Buona;Ore Diurne;3;0;0;0;12.435;41.8902;-1;1;Autovettura privata;In marcia / fermata / arresto;Passeggero;F;Rimandato;0;NON DECEDUTO;;
4349191;16;29/04/2019 13:40:00;Strada Urbana;VIA AURELIA ANTICA;da specificare;;;;altezza palo Acea 54- prox 220;Veicolo in marcia contro ostacolo fisso;Rettilineo;Una carreggiata a senso unico di marcia;Bagnato (pioggia);Asfaltata;Verticale ed orizzontale;Pioggia in atto;Normale;Buona;Ore Diurne;3;0;0;0;12.435;41.8902;-1;1;Autovettura privata;In marcia / fermata / arresto;Passeggero;M;Rimandato;0;NON DECEDUTO;;
4349193;13;28/04/2019 08:20:00;Comunale extraurbana;VIA DEL MARE;in prossimità;;della chilometrica;23.6;;Tamponamento;Rettilineo;Una carreggiata a doppio senso;Asciutto;Asfaltata;Verticale ed orizzontale;Sereno;Scarso;Buona;Ore Diurne;0;0;0;3;12.4632;41.8403;-1;1;Autovettura privata;In marcia / fermata / arresto;Conducente;M;Illeso;0;;Non accertato;Inesploso
4349193;13;28/04/2019 08:20:00;Comunale extraurbana;VIA DEL MARE;in prossimità;;della chilometrica;23.6;;Tamponamento;Rettilineo;Una carreggiata a doppio senso;Asciutto;Asfaltata;Verticale ed orizzontale;Sereno;Scarso;Buona;Ore Diurne;0;0;0;3;12.4632;41.8403;-1;1;Autovettura privata;In marcia / fermata / arresto;Passeggero;F;Illeso;0;;Non accertato;Inesploso
4349193;13;28/04/2019 08:20:00;Comunale extraurbana;VIA DEL MARE;in prossimità;;della chilometrica;23.6;;Tamponamento;Rettilineo;Una carreggiata a doppio senso;Asciutto;Asfaltata;Verticale ed orizzontale;Sereno;Scarso;Buona;Ore Diurne;0;0;0;3;12.4632;41.8403;-1;2;Autovettura privata;In marcia / fermata / arresto;Conducente;M;Illeso;0;;Non accertato;Inesploso
4349197;20;29/04/2019 12:25:00;Strada Urbana;PIAZZALE DI PONTE MILVIO;da specificare;;;;all'altezza del civico 19;Investimento di pedone;Rettilineo;Due carreggiate;Bagnato (umidità in atto);Asfaltata;Verticale ed orizzontale;Nuvoloso;Normale;Buona;Ore Diurne;1;0;0;1;12.466;41.9375;-1;;;;Pedone;M;Ricoverato;0;NON DECEDUTO;;
4349197;20;29/04/2019 12:25:00;Strada Urbana;PIAZZALE DI PONTE MILVIO;da specificare;;;;all'altezza del civico 19;Investimento di pedone;Rettilineo;Due carreggiate;Bagnato (umidità in atto);Asfaltata;Verticale ed orizzontale;Nuvoloso;Normale;Buona;Ore Diurne;1;0;0;1;12.466;41.9375;-1;1;Autovettura privata;In marcia / fermata / arresto;Conducente;M;Illeso;0;;Non accertato;Inesploso
4349200;5;29/04/2019 13:40:00;Strada Urbana;VIA DELLA CISA;da specificare;;;;altezza civico 16;Veicolo in marcia contro ostacolo fisso;Rettilineo;Una carreggiata a doppio senso;Bagnato (pioggia);Asfaltata;Assente;Pioggia in atto;Scarso;Buona;Ore Diurne;0;0;0;2;12.539;41.9358;-1;1;Autovettura di polizia;In marcia / fermata / arresto;Conducente;M;Illeso;0;;;
4349200;5;29/04/2019 13:40:00;Strada Urbana;VIA DELLA CISA;da specificare;;;;altezza civico 16;Veicolo in marcia contro ostacolo fisso;Rettilineo;Una carreggiata a doppio senso;Bagnato (pioggia);Asfaltata;Assente;Pioggia in atto;Scarso;Buona;Ore Diurne;0;0;0;2;12.539;41.9358;-1;1;Autovettura di polizia;In marcia / fermata / arresto;Passeggero;M;Illeso;0;;;
4349200;5;29/04/2019 13:40:00;Strada Urbana;VIA DELLA CISA;da specificare;;;;altezza civico 16;Veicolo in marcia contro ostacolo fisso;Rettilineo;Una carreggiata a doppio senso;Bagnato (pioggia);Asfaltata;Assente;Pioggia in atto;Scarso;Buona;Ore Diurne;0;0;0;2;12.539;41.9358;-1;2;Autovettura privata;Sosta;;;;;;;
4349204;4;29/04/2019 07:25:00;Provinciale entro l'abitato;VIA NOMENTANA NUOVA;all'intersezione con;LARGO VALSOLDA;LARGO VALSOLDA;;;Scontro frontale/laterale DX fra veicoli in marcia;Incrocio;Una carreggiata a doppio senso;Asciutto;Asfaltata;Verticale ed orizzontale;Sereno;Intenso;Buona;Ore Diurne;0;0;0;2;12.5311;41.9342;-1;1;Autobus di linea;In marcia / fermata / arresto;Conducente;M;Illeso;0;;;
4349204;4;29/04/2019 07:25:00;Provinciale entro l'abitato;VIA NOMENTANA NUOVA;all'intersezione con;LARGO VALSOLDA;LARGO VALSOLDA;;;Scontro frontale/laterale DX fra veicoli in marcia;Incrocio;Una carreggiata a doppio senso;Asciutto;Asfaltata;Verticale ed orizzontale;Sereno;Intenso;Buona;Ore Diurne;0;0;0;2;12.5311;41.9342;-1;2;Autovettura privata;In marcia / fermata / arresto;Conducente;F;Illeso;0;;;
4349206;15;29/04/2019 15:00:00;Strada Urbana;VIADOTTO DELLA MAGLIANA;da specificare;;;;pross.tà rampa I. Newton dir. Fiumicino;Veicolo in marcia contro ostacolo fisso;Curva a visuale libera;Due carreggiate;Bagnato (pioggia);Asfaltata;Verticale ed orizzontale;Nuvoloso;Normale;Buona;Ore Diurne;0;0;0;1;12.4633;41.8419;-1;1;Autovettura privata;In marcia / fermata / arresto;Conducente;F;Illeso;0;;Utilizzato;Inesploso
4349221;20;29/04/2019 15:40:00;Statale entro l'abitato;VIA CASSIA;in corrispondenza;;del civico n.;1124;;Tamponamento;Rettilineo;Una carreggiata a doppio senso;Bagnato (umidità in atto);Asfaltata;Orizzontale;Nuvoloso;Scarso;Buona;Ore Diurne;0;0;0;3;12.4227;41.9784;-1;1;Autovettura privata;In marcia / fermata / arresto;Conducente;M;Illeso;0;;Non accertato;
4349221;20;29/04/2019 15:40:00;Statale entro l'abitato;VIA CASSIA;in corrispondenza;;del civico n.;1124;;Tamponamento;Rettilineo;Una carreggiata a doppio senso;Bagnato (umidità in atto);Asfaltata;Orizzontale;Nuvoloso;Scarso;Buona;Ore Diurne;0;0;0;3;12.4227;41.9784;-1;2;Quadriciclo;In marcia / fermata / arresto;Conducente;M;Illeso;0;;Non accertato;
4349221;20;29/04/2019 15:40:00;Statale entro l'abitato;VIA CASSIA;in corrispondenza;;del civico n.;1124;;Tamponamento;Rettilineo;Una carreggiata a doppio senso;Bagnato (umidità in atto);Asfaltata;Orizzontale;Nuvoloso;Scarso;Buona;Ore Diurne;0;0;0;3;12.4227;41.9784;-1;2;Quadriciclo;In marcia / fermata / arresto;Passeggero;F;Illeso;0;;Non accertato;
4349222;5;29/04/2019 15:45:00;Strada Urbana;VIA DI PORTONACCIO;da specificare;;;;fronte civico 170;Scontro laterale fra veicoli in marcia;Rettilineo;Due carreggiate;Bagnato (pioggia);Asfaltata;Orizzontale;Nuvoloso;Normale;Buona;Ore Diurne;0;0;0;2;12.5388;41.8985;-1;1;Autocarro inferiore 35 q.;In marcia / fermata / arresto;Conducente;M;Illeso;0;;Non accertato;
4349222;5;29/04/2019 15:45:00;Strada Urbana;VIA DI PORTONACCIO;da specificare;;;;fronte civico 170;Scontro laterale fra veicoli in marcia;Rettilineo;Due carreggiate;Bagnato (pioggia);Asfaltata;Orizzontale;Nuvoloso;Normale;Buona;Ore Diurne;0;0;0;2;12.5388;41.8985;-1;2;Autovettura privata;In marcia / fermata / arresto;Conducente;M;Illeso;0;;Non accertato;
4349226;8;29/04/2019 10:00:00;Provinciale entro l'abitato;VIA PRENESTINA;in prossimità;;del civico n.;1153;;Tamponamento Multiplo;Rettilineo;Una carreggiata a doppio senso;Asciutto;Asfaltata;Verticale ed orizzontale;Nuvoloso;Normale;Buona;Ore Diurne;1;0;0;3;12.6254;41.8928;-1;1;Autovettura privata;In marcia / fermata / arresto;Conducente;M;Illeso;0;;;
4349226;8;29/04/2019 10:00:00;Provinciale entro l'abitato;VIA PRENESTINA;in prossimità;;del civico n.;1153;;Tamponamento Multiplo;Rettilineo;Una carreggiata a doppio senso;Asciutto;Asfaltata;Verticale ed orizzontale;Nuvoloso;Normale;Buona;Ore Diurne;1;0;0;3;12.6254;41.8928;-1;2;Autovettura privata;In marcia / fermata / arresto;Conducente;M;Rimandato;0;NON DECEDUTO;;
4349226;8;29/04/2019 10:00:00;Provinciale entro l'abitato;VIA PRENESTINA;in prossimità;;del civico n.;1153;;Tamponamento Multiplo;Rettilineo;Una carreggiata a doppio senso;Asciutto;Asfaltata;Verticale ed orizzontale;Nuvoloso;Normale;Buona;Ore Diurne;1;0;0;3;12.6254;41.8928;-1;2;Autovettura privata;In marcia / fermata / arresto;Passeggero;F;Illeso;0;;;
4349226;8;29/04/2019 10:00:00;Provinciale entro l'abitato;VIA PRENESTINA;in prossimità;;del civico n.;1153;;Tamponamento Multiplo;Rettilineo;Una carreggiata a doppio senso;Asciutto;Asfaltata;Verticale ed orizzontale;Nuvoloso;Normale;Buona;Ore Diurne;1;0;0;3;12.6254;41.8928;-1;3;Autovettura privata;In marcia / fermata / arresto;Conducente;M;Illeso;0;;;
4349227;19;29/04/2019 16:30:00;Strada Urbana;VIA DELLA VALLE DEI FONTANILI;in prossimità;;del civico n.;47;;Scontro frontale/laterale DX fra veicoli in marcia;Rettilineo;Una carreggiata a doppio senso;Asciutto;Asfaltata;Orizzontale;Nuvoloso;Normale;Buona;Ore Diurne;0;0;0;5;12.408;41.9237;-1;1;Autovettura privata;In marcia / fermata / arresto;Conducente;F;Illeso;0;;;
4349227;19;29/04/2019 16:30:00;Strada Urbana;VIA DELLA VALLE DEI FONTANILI;in prossimità;;del civico n.;47;;Scontro frontale/laterale DX fra veicoli in marcia;Rettilineo;Una carreggiata a doppio senso;Asciutto;Asfaltata;Orizzontale;Nuvoloso;Normale;Buona;Ore Diurne;0;0;0;5;12.408;41.9237;-1;1;Autovettura privata;In marcia / fermata / arresto;Passeggero;M;Illeso;0;;;
4349227;19;29/04/2019 16:30:00;Strada Urbana;VIA DELLA VALLE DEI FONTANILI;in prossimità;;del civico n.;47;;Scontro frontale/laterale DX fra veicoli in marcia;Rettilineo;Una carreggiata a doppio senso;Asciutto;Asfaltata;Orizzontale;Nuvoloso;Normale;Buona;Ore Diurne;0;0;0;5;12.408;41.9237;-1;2;Autovettura privata;In marcia / fermata / arresto;Conducente;M;Illeso;0;;Non accertato;
4349227;19;29/04/2019 16:30:00;Strada Urbana;VIA DELLA VALLE DEI FONTANILI;in prossimità;;del civico n.;47;;Scontro frontale/laterale DX fra veicoli in marcia;Rettilineo;Una carreggiata a doppio senso;Asciutto;Asfaltata;Orizzontale;Nuvoloso;Normale;Buona;Ore Diurne;0;0;0;5;12.408;41.9237;-1;2;Autovettura privata;In marcia / fermata / arresto;Passeggero;M;Illeso;0;;Non accertato;
4349227;19;29/04/2019 16:30:00;Strada Urbana;VIA DELLA VALLE DEI FONTANILI;in prossimità;;del civico n.;47;;Scontro frontale/laterale DX fra veicoli in marcia;Rettilineo;Una carreggiata a doppio senso;Asciutto;Asfaltata;Orizzontale;Nuvoloso;Normale;Buona;Ore Diurne;0;0;0;5;12.408;41.9237;-1;2;Autovettura privata;In marcia / fermata / arresto;Passeggero;M;Illeso;0;;Non accertato;
4349231;8;29/04/2019 13:30:00;Strada Urbana;VIA DEL FOSSO DELL'OSA;in prossimità;;del civico n.;436;;Tamponamento Multiplo;Rettilineo;Una carreggiata a doppio senso;Bagnato (pioggia);Asfaltata;Verticale ed orizzontale;Pioggia in atto;Normale;Buona;Ore Diurne;0;0;0;6;12.6842;41.9062;-1;1;Autovettura privata;In marcia / fermata / arresto;Conducente;F;Illeso;0;;;
4349231;8;29/04/2019 13:30:00;Strada Urbana;VIA DEL FOSSO DELL'OSA;in prossimità;;del civico n.;436;;Tamponamento Multiplo;Rettilineo;Una carreggiata a doppio senso;Bagnato (pioggia);Asfaltata;Verticale ed orizzontale;Pioggia in atto;Normale;Buona;Ore Diurne;0;0;0;6;12.6842;41.9062;-1;2;Autovettura privata;In marcia / fermata / arresto;Conducente;F;Illeso;0;;;
4349231;8;29/04/2019 13:30:00;Strada Urbana;VIA DEL FOSSO DELL'OSA;in prossimità;;del civico n.;436;;Tamponamento Multiplo;Rettilineo;Una carreggiata a doppio senso;Bagnato (pioggia);Asfaltata;Verticale ed orizzontale;Pioggia in atto;Normale;Buona;Ore Diurne;0;0;0;6;12.6842;41.9062;-1;2;Autovettura privata;In marcia / fermata / arresto;Passeggero;F;Illeso;0;;;
4349231;8;29/04/2019 13:30:00;Strada Urbana;VIA DEL FOSSO DELL'OSA;in prossimità;;del civico n.;436;;Tamponamento Multiplo;Rettilineo;Una carreggiata a doppio senso;Bagnato (pioggia);Asfaltata;Verticale ed orizzontale;Pioggia in atto;Normale;Buona;Ore Diurne;0;0;0;6;12.6842;41.9062;-1;3;Autovettura privata;In marcia / fermata / arresto;Conducente;M;Illeso;0;;;
4349231;8;29/04/2019 13:30:00;Strada Urbana;VIA DEL FOSSO DELL'OSA;in prossimità;;del civico n.;436;;Tamponamento Multiplo;Rettilineo;Una carreggiata a doppio senso;Bagnato (pioggia);Asfaltata;Verticale ed orizzontale;Pioggia in atto;Normale;Buona;Ore Diurne;0;0;0;6;12.6842;41.9062;-1;3;Autovettura privata;In marcia / fermata / arresto;Passeggero;F;Illeso;0;;;
4349231;8;29/04/2019 13:30:00;Strada Urbana;VIA DEL FOSSO DELL'OSA;in prossimità;;del civico n.;436;;Tamponamento Multiplo;Rettilineo;Una carreggiata a doppio senso;Bagnato (pioggia);Asfaltata;Verticale ed orizzontale;Pioggia in atto;Normale;Buona;Ore Diurne;0;0;0;6;12.6842;41.9062;-1;4;Autovettura privata;In marcia / fermata / arresto;Conducente;M;Illeso;0;;;
4349232;4;29/04/2019 17:30:00;Statale entro l'abitato;VIA SALARIA;da specificare;;;;ALT. RAMPA CIRCONVALLAZIONE SALARIA DIR. GRA;Tamponamento;Rettilineo;Due carreggiate;Bagnato (pioggia);Asfaltata;Verticale ed orizzontale;Pioggia in atto;Intenso;Buona;Ore Diurne;1;0;0;2;12.5141;41.9923;-1;1;Autovettura privata;In marcia / fermata / arresto;Conducente;M;Illeso;0;;;
4349232;4;29/04/2019 17:30:00;Statale entro l'abitato;VIA SALARIA;da specificare;;;;ALT. RAMPA CIRCONVALLAZIONE SALARIA DIR. GRA;Tamponamento;Rettilineo;Due carreggiate;Bagnato (pioggia);Asfaltata;Verticale ed orizzontale;Pioggia in atto;Intenso;Buona;Ore Diurne;1;0;0;2;12.5141;41.9923;-1;1;Autovettura privata;In marcia / fermata / arresto;Passeggero;F;Illeso;0;;;
4349232;4;29/04/2019 17:30:00;Statale entro l'abitato;VIA SALARIA;da specificare;;;;ALT. RAMPA CIRCONVALLAZIONE SALARIA DIR. GRA;Tamponamento;Rettilineo;Due carreggiate;Bagnato (pioggia);Asfaltata;Verticale ed orizzontale;Pioggia in atto;Intenso;Buona;Ore Diurne;1;0;0;2;12.5141;41.9923;-1;2;Autovettura privata;In marcia / fermata / arresto;Conducente;F;Rifiuta cure immediate;0;NON DECEDUTO;;
4349234;8;29/04/2019 13:35:00;Strada Urbana;VIA CASILINA;all'intersezione con;VIA CINO DEL DUCA;VIA CINO DEL DUCA;;;Investimento di pedone;Incrocio;Due carreggiate;Bagnato (pioggia);Asfaltata;Verticale ed orizzontale;Pioggia in atto;Normale;Buona;Ore Diurne;1;0;0;1;12.6323;41.863;-1;;;;Pedone;F;Rimandato;0;NON DECEDUTO;;
4349234;8;29/04/2019 13:35:00;Strada Urbana;VIA CASILINA;all'intersezione con;VIA CINO DEL DUCA;VIA CINO DEL DUCA;;;Investimento di pedone;Incrocio;Due carreggiate;Bagnato (pioggia);Asfaltata;Verticale ed orizzontale;Pioggia in atto;Normale;Buona;Ore Diurne;1;0;0;1;12.6323;41.863;-1;1;Autovettura privata;In marcia / fermata / arresto;Conducente;M;Illeso;0;;;
4349239;15;29/04/2019 13:30:00;Strada Urbana;VIA DELLA MAGLIANA;da specificare;;;;altezza palo ACEA n. 291;Scontro frontale/laterale SX fra veicoli in marcia;Rettilineo;Una carreggiata a doppio senso;Bagnato (pioggia);Asfaltata;Orizzontale;Pioggia in atto;Normale;Buona;Ore Diurne;0;0;0;4;12.4196;41.8317;-1;1;Autocarro inferiore 35 q.;In marcia / fermata / arresto;Conducente;M;Illeso;0;;Non accertato;Inesploso
4349239;15;29/04/2019 13:30:00;Strada Urbana;VIA DELLA MAGLIANA;da specificare;;;;altezza palo ACEA n. 291;Scontro frontale/laterale SX fra veicoli in marcia;Rettilineo;Una carreggiata a doppio senso;Bagnato (pioggia);Asfaltata;Orizzontale;Pioggia in atto;Normale;Buona;Ore Diurne;0;0;0;4;12.4196;41.8317;-1;2;Autovettura privata;In marcia / fermata / arresto;Conducente;F;Illeso;0;;Non accertato;Inesploso
4349239;15;29/04/2019 13:30:00;Strada Urbana;VIA DELLA MAGLIANA;da specificare;;;;altezza palo ACEA n. 291;Scontro frontale/laterale SX fra veicoli in marcia;Rettilineo;Una carreggiata a doppio senso;Bagnato (pioggia);Asfaltata;Orizzontale;Pioggia in atto;Normale;Buona;Ore Diurne;0;0;0;4;12.4196;41.8317;-1;3;Motociclo a solo;In marcia / fermata / arresto;Conducente;M;Illeso;0;;Non accertato;
4349239;15;29/04/2019 13:30:00;Strada Urbana;VIA DELLA MAGLIANA;da specificare;;;;altezza palo ACEA n. 291;Scontro frontale/laterale SX fra veicoli in marcia;Rettilineo;Una carreggiata a doppio senso;Bagnato (pioggia);Asfaltata;Orizzontale;Pioggia in atto;Normale;Buona;Ore Diurne;0;0;0;4;12.4196;41.8317;-1;4;Motociclo a solo;In marcia / fermata / arresto;Conducente;M;Illeso;0;;Non accertato;
4349240;8;29/04/2019 14:20:00;Strada Urbana;VIA DI LUNGHEZZINA;all'intersezione con;VIA DEL CASALONE;VIA DEL CASALONE;;;Scontro frontale/laterale SX fra veicoli in marcia;Intersezione stradale segnalata;Una carreggiata a doppio senso;Bagnato (pioggia);Asfaltata;Verticale ed orizzontale;Pioggia in atto;Normale;Sufficiente;Ore Diurne;3;0;0;0;12.6779;41.9212;-1;1;Autobus di linea;In marcia / fermata / arresto;Conducente;M;Rimandato;0;NON DECEDUTO;Non accertato;Inesploso
4349240;8;29/04/2019 14:20:00;Strada Urbana;VIA DI LUNGHEZZINA;all'intersezione con;VIA DEL CASALONE;VIA DEL CASALONE;;;Scontro frontale/laterale SX fra veicoli in marcia;Intersezione stradale segnalata;Una carreggiata a doppio senso;Bagnato (pioggia);Asfaltata;Verticale ed orizzontale;Pioggia in atto;Normale;Sufficiente;Ore Diurne;3;0;0;0;12.6779;41.9212;-1;2;Autovettura privata;In marcia / fermata / arresto;Conducente;M;Rimandato;0;NON DECEDUTO;Non accertato;Esploso
4349240;8;29/04/2019 14:20:00;Strada Urbana;VIA DI LUNGHEZZINA;all'intersezione con;VIA DEL CASALONE;VIA DEL CASALONE;;;Scontro frontale/laterale SX fra veicoli in marcia;Intersezione stradale segnalata;Una carreggiata a doppio senso;Bagnato (pioggia);Asfaltata;Verticale ed orizzontale;Pioggia in atto;Normale;Sufficiente;Ore Diurne;3;0;0;0;12.6779;41.9212;-1;2;Autovettura privata;In marcia / fermata / arresto;Passeggero;F;Rimandato;0;NON DECEDUTO;Non accertato;Esploso
4349246;8;29/04/2019 18:45:00;Strada Urbana;VIA BORUTTA;all'intersezione con;VIA MONTRESTA;VIA MONTRESTA;;;Scontro frontale/laterale DX fra veicoli in marcia;Incrocio;Una carreggiata a doppio senso;Bagnato (pioggia);Asfaltata;Assente;Pioggia in atto;Normale;Sufficiente;Ore Diurne;1;0;0;2;12.6738;41.879;-1;1;Autovettura privata;In marcia / fermata / arresto;Conducente;F;Illeso;0;;Non accertato;Inesploso
4349246;8;29/04/2019 18:45:00;Strada Urbana;VIA BORUTTA;all'intersezione con;VIA MONTRESTA;VIA MONTRESTA;;;Scontro frontale/laterale DX fra veicoli in marcia;Incrocio;Una carreggiata a doppio senso;Bagnato (pioggia);Asfaltata;Assente;Pioggia in atto;Normale;Sufficiente;Ore Diurne;1;0;0;2;12.6738;41.879;-1;1;Autovettura privata;In marcia / fermata / arresto;Passeggero;F;Rifiuta cure immediate;0;NON DECEDUTO;Non accertato;Inesploso
4349246;8;29/04/2019 18:45:00;Strada Urbana;VIA BORUTTA;all'intersezione con;VIA MONTRESTA;VIA MONTRESTA;;;Scontro frontale/laterale DX fra veicoli in marcia;Incrocio;Una carreggiata a doppio senso;Bagnato (pioggia);Asfaltata;Assente;Pioggia in atto;Normale;Sufficiente;Ore Diurne;1;0;0;2;12.6738;41.879;-1;2;Autovettura privata;In marcia / fermata / arresto;Conducente;M;Illeso;0;;Non accertato;Inesploso
4349249;8;29/04/2019 19:40:00;Strada Urbana;VIA DEGAS;in prossimità;;del civico n.;38;;Scontro frontale fra veicoli in marcia;Rettilineo;Due carreggiate;Bagnato (pioggia);Asfaltata;Orizzontale;Pioggia in atto;Normale;Buona;Sufficiente;0;0;0;2;12.6542;41.8597;-1;1;Autovettura privata;In marcia / fermata / arresto;Conducente;M;Illeso;0;;;
4349249;8;29/04/2019 19:40:00;Strada Urbana;VIA DEGAS;in prossimità;;del civico n.;38;;Scontro frontale fra veicoli in marcia;Rettilineo;Due carreggiate;Bagnato (pioggia);Asfaltata;Orizzontale;Pioggia in atto;Normale;Buona;Sufficiente;0;0;0;2;12.6542;41.8597;-1;2;Autovettura privata;In marcia / fermata / arresto;Conducente;F;Illeso;0;;;
4349252;19;29/04/2019 18:30:00;Strada Urbana;VIA FEDERICO BORROMEO;da specificare;;;;fronte civico 48;Veicolo in marcia contro veicolo in sosta;Rettilineo;Una carreggiata a doppio senso;Asciutto;Asfaltata;Assente;Sereno;Normale;Buona;Ore Diurne;0;0;0;0;12.415;41.9167;-1;1;Autovettura privata;Sosta;;;;;;;
4349252;19;29/04/2019 18:30:00;Strada Urbana;VIA FEDERICO BORROMEO;da specificare;;;;fronte civico 48;Veicolo in marcia contro veicolo in sosta;Rettilineo;Una carreggiata a doppio senso;Asciutto;Asfaltata;Assente;Sereno;Normale;Buona;Ore Diurne;0;0;0;0;12.415;41.9167;-1;2;Autovettura privata;Allontanatosi;;;;;;;
4349253;8;29/04/2019 22:15:00;Strada Urbana;VIA CASILINA;da specificare;;;;fronte civ. 1807;Scontro laterale fra veicoli in marcia;Rettilineo;Una carreggiata a doppio senso;Bagnato (pioggia);Asfaltata;Verticale;Nuvoloso;Normale;Buona;Sufficiente;0;0;0;5;12.6199;41.8628;-1;1;Autovettura privata;In marcia / fermata / arresto;Conducente;M;Illeso;0;;;
4349253;8;29/04/2019 22:15:00;Strada Urbana;VIA CASILINA;da specificare;;;;fronte civ. 1807;Scontro laterale fra veicoli in marcia;Rettilineo;Una carreggiata a doppio senso;Bagnato (pioggia);Asfaltata;Verticale;Nuvoloso;Normale;Buona;Sufficiente;0;0;0;5;12.6199;41.8628;-1;1;Autovettura privata;In marcia / fermata / arresto;Passeggero;F;Illeso;0;;;
4349253;8;29/04/2019 22:15:00;Strada Urbana;VIA CASILINA;da specificare;;;;fronte civ. 1807;Scontro laterale fra veicoli in marcia;Rettilineo;Una carreggiata a doppio senso;Bagnato (pioggia);Asfaltata;Verticale;Nuvoloso;Normale;Buona;Sufficiente;0;0;0;5;12.6199;41.8628;-1;2;Autovettura privata;In marcia / fermata / arresto;Conducente;M;Illeso;0;;;
4349253;8;29/04/2019 22:15:00;Strada Urbana;VIA CASILINA;da specificare;;;;fronte civ. 1807;Scontro laterale fra veicoli in marcia;Rettilineo;Una carreggiata a doppio senso;Bagnato (pioggia);Asfaltata;Verticale;Nuvoloso;Normale;Buona;Sufficiente;0;0;0;5;12.6199;41.8628;-1;2;Autovettura privata;In marcia / fermata / arresto;Passeggero;F;Illeso;0;;;
4349253;8;29/04/2019 22:15:00;Strada Urbana;VIA CASILINA;da specificare;;;;fronte civ. 1807;Scontro laterale fra veicoli in marcia;Rettilineo;Una carreggiata a doppio senso;Bagnato (pioggia);Asfaltata;Verticale;Nuvoloso;Normale;Buona;Sufficiente;0;0;0;5;12.6199;41.8628;-1;2;Autovettura privata;In marcia / fermata / arresto;Passeggero;M;Illeso;0;;;
4349254;13;28/04/2019 08:30:00;Strada Urbana;VIALE CRISTOFORO COLOMBO;all'intersezione con;VIA DI MALAFEDE;VIA DI MALAFEDE;;;Scontro laterale fra veicoli in marcia;Incrocio;Più di due carreggiate;Asciutto;Asfaltata;Verticale ed orizzontale;Nuvoloso;Normale;Buona;Ore Diurne;0;0;0;3;12.4121;41.786;-1;1;Autovettura privata;In marcia / fermata / arresto;Conducente;M;Illeso;0;;Non accertato;Inesploso
4349254;13;28/04/2019 08:30:00;Strada Urbana;VIALE CRISTOFORO COLOMBO;all'intersezione con;VIA DI MALAFEDE;VIA DI MALAFEDE;;;Scontro laterale fra veicoli in marcia;Incrocio;Più di due carreggiate;Asciutto;Asfaltata;Verticale ed orizzontale;Nuvoloso;Normale;Buona;Ore Diurne;0;0;0;3;12.4121;41.786;-1;2;Autovettura privata;In marcia / fermata / arresto;Conducente;M;Illeso;0;;Non accertato;Esploso