Protocollo;Gruppo;DataOraIncidente;Localizzazione1;STRADA1;Localizzazione2;STRADA2;Strada02;Chilometrica;DaSpecificare;NaturaIncidente;particolaritastrade;TipoStrada;FondoStradale;Pavimentazione;Segnaletica;CondizioneAtmosferica;Traffico;Visibilita;Illuminazione;NUM_FERITI;NUM_RISERVATA;NUM_MORTI;NUM_ILLESI;Longitudine;Latitudine;Confermato;Progressivo;TipoVeicolo;StatoVeicolo;TipoPersona;Sesso;Tipolesione;Deceduto;DecedutoDopo;CinturaCascoUtilizzato;Airbag;
4352243;11;30/04/2019 18:00:00;Strada Urbana;VIA OSTIENSE;in prossimità;;del civico n.;54/b;;Tamponamento Multiplo;Rettilineo;Più di due carreggiate;Asciutto;Asfaltata;Verticale ed orizzontale;Sereno;Normale;Buona;Ore Diurne;3;0;0;2;12.4798;41.8718;-1;2;Autovettura privata;In marcia / fermata / arresto;Passeggero;F;Illeso;0;;;
4352243;11;30/04/2019 18:00:00;Strada Urbana;VIA OSTIENSE;in prossimità;;del civico n.;54/b;;Tamponamento Multiplo;Rettilineo;Più di due carreggiate;Asciutto;Asfaltata;Verticale ed orizzontale;Sereno;Normale;Buona;Ore Diurne;3;0;0;2;12.4798;41.8718;-1;2;Autovettura privata;In marcia / fermata / arresto;Passeggero;M;Rifiuta cure immediate;0;NON DECEDUTO;;
4352243;11;30/04/2019 18:00:00;Strada Urbana;VIA OSTIENSE;in prossimità;;del civico n.;54/b;;Tamponamento Multiplo;Rettilineo;Più di due carreggiate;Asciutto;Asfaltata;Verticale ed orizzontale;Sereno;Normale;Buona;Ore Diurne;3;0;0;2;12.4798;41.8718;-1;3;Autovettura privata;In marcia / fermata / arresto;Conducente;M;Rifiuta cure immediate;0;NON DECEDUTO;;
4352248;8;30/04/2019 16:00:00;Strada Urbana;VIALE OXFORD;all'intersezione con;VIALE DUILIO CAMBELLOTTI;VIALE DUILIO CAMBELLOTTI;;;Scontro laterale fra veicoli in marcia;Rotatoria;Una carreggiata a senso unico di marcia;Asciutto;Asfaltata;Verticale ed orizzontale;Nuvoloso;Normale;Buona;Ore Diurne;0;0;0;2;12.628;41.8598;-1;1;Autovettura privata;In marcia / fermata / arresto;Conducente;M;Illeso;0;;Non accertato;Inesploso
4352248;8;30/04/2019 16:00:00;Strada Urbana;VIALE OXFORD;all'intersezione con;VIALE DUILIO CAMBELLOTTI;VIALE DUILIO CAMBELLOTTI;;;Scontro laterale fra veicoli in marcia;Rotatoria;Una carreggiata a senso unico di marcia;Asciutto;Asfaltata;Verticale ed orizzontale;Nuvoloso;Normale;Buona;Ore Diurne;0;0;0;2;12.628;41.8598;-1;2;Autovettura privata;In marcia / fermata / arresto;Conducente;M;Illeso;0;;Non accertato;Inesploso
4352265;11;30/04/2019 20:40:00;Strada Urbana;VIA VEDANA;all'intersezione semaforizzata con;VIA CRISTOFORO COLOMBO;VIA CRISTOFORO COLOMBO;;;Scontro laterale fra veicoli in marcia;Intersezione semaforizzata;Più di due carreggiate;Asciutto;Asfaltata;Verticale ed orizzontale;Sereno;Normale;Buona;Sufficiente;0;0;0;5;12.4821;41.8465;-1;1;Autovettura privata;In marcia / fermata / arresto;Conducente;M;Illeso;0;;Non accertato;
4352265;11;30/04/2019 20:40:00;Strada Urbana;VIA VEDANA;all'intersezione semaforizzata con;VIA CRISTOFORO COLOMBO;VIA CRISTOFORO COLOMBO;;;Scontro laterale fra veicoli in marcia;Intersezione semaforizzata;Più di due carreggiate;Asciutto;Asfaltata;Verticale ed orizzontale;Sereno;Normale;Buona;Sufficiente;0;0;0;5;12.4821;41.8465;-1;1;Autovettura privata;In marcia / fermata / arresto;Passeggero;F;Illeso;0;;;
4352265;11;30/04/2019 20:40:00;Strada Urbana;VIA VEDANA;all'intersezione semaforizzata con;VIA CRISTOFORO COLOMBO;VIA CRISTOFORO COLOMBO;;;Scontro laterale fra veicoli in marcia;Intersezione semaforizzata;Più di due carreggiate;Asciutto;Asfaltata;Verticale ed orizzontale;Sereno;Normale;Buona;Sufficiente;0;0;0;5;12.4821;41.8465;-1;2;Autovettura privata;In marcia / fermata / arresto;Conducente;M;Illeso;0;;Non accertato;
4352265;11;30/04/2019 20:40:00;Strada Urbana;VIA VEDANA;all'intersezione semaforizzata con;VIA CRISTOFORO COLOMBO;VIA CRISTOFORO COLOMBO;;;Scontro laterale fra veicoli in marcia;Intersezione semaforizzata;Più di due carreggiate;Asciutto;Asfaltata;Verticale ed orizzontale;Sereno;Normale;Buona;Sufficiente;0;0;0;5;12.4821;41.8465;-1;2;Autovettura privata;In marcia / fermata / arresto;Passeggero;M;Illeso;0;;;
4352265;11;30/04/2019 20:40:00;Strada Urbana;VIA VEDANA;all'intersezione semaforizzata con;VIA CRISTOFORO COLOMBO;VIA CRISTOFORO COLOMBO;;;Scontro laterale fra veicoli in marcia;Intersezione semaforizzata;Più di due carreggiate;Asciutto;Asfaltata;Verticale ed orizzontale;Sereno;Normale;Buona;Sufficiente;0;0;0;5;12.4821;41.8465;-1;2;Autovettura privata;In marcia / fermata / arresto;Passeggero;M;Illeso;0;;;
4352280;8;30/04/2019 16:10:00;Statale entro l'abitato;VIA DI TOR BELLA MONACA;da specificare;;;;IN PROSSIMITA' PALO LUCE 82;Tamponamento Multiplo;Rettilineo;Due carreggiate;Asciutto;Asfaltata;Verticale ed orizzontale;Sereno;Normale;Buona;Ore Diurne;2;0;0;1;12.6281;41.8764;-1;1;Autovettura privata;In marcia / fermata / arresto;Conducente;M;Illeso;0;;;
4352280;8;30/04/2019 16:10:00;Statale entro l'abitato;VIA DI TOR BELLA MONACA;da specificare;;;;IN PROSSIMITA' PALO LUCE 82;Tamponamento Multiplo;Rettilineo;Due carreggiate;Asciutto;Asfaltata;Verticale ed orizzontale;Sereno;Normale;Buona;Ore Diurne;2;0;0;1;12.6281;41.8764;-1;2;Autovettura privata;In marcia / fermata / arresto;Conducente;M;Rifiuta cure immediate;0;NON DECEDUTO;;
4352280;8;30/04/2019 16:10:00;Statale entro l'abitato;VIA DI TOR BELLA MONACA;da specificare;;;;IN PROSSIMITA' PALO LUCE 82;Tamponamento Multiplo;Rettilineo;Due carreggiate;Asciutto;Asfaltata;Verticale ed orizzontale;Sereno;Normale;Buona;Ore Diurne;2;0;0;1;12.6281;41.8764;-1;3;Autovettura privata;In marcia / fermata / arresto;Conducente;M;Rifiuta cure immediate;0;NON DECEDUTO;;
4352287;8;30/04/2019 11:00:00;Strada Urbana;VIA DEI COLOMBI;in prossimità;;del civico n.;40;;Scontro laterale fra veicoli in marcia;Rettilineo;Una carreggiata a senso unico di marcia;Asciutto;Asfaltata;Verticale ed orizzontale;Sereno;Normale;Sufficiente;Ore Diurne;0;0;0;2;12.5931;41.8683;-1;1;Autovettura privata;In marcia / fermata / arresto;Conducente;M;Illeso;0;;;
4352287;8;30/04/2019 11:00:00;Strada Urbana;VIA DEI COLOMBI;in prossimità;;del civico n.;40;;Scontro laterale fra veicoli in marcia;Rettilineo;Una carreggiata a senso unico di marcia;Asciutto;Asfaltata;Verticale ed orizzontale;Sereno;Normale;Sufficiente;Ore Diurne;0;0;0;2;12.5931;41.8683;-1;2;Autocarro inferiore 35 q.;In marcia / fermata / arresto;Conducente;M;Illeso;0;;;
4352290;19;29/04/2019 22:05:00;Strada Urbana;VIA DI TORREVECCHIA;in corrispondenza;;del civico n.;322;;Veicolo in marcia contro ostacolo accidentale;Rettilineo;Una carreggiata a doppio senso;Viscido da liquidi oleosi;Asfaltata;Verticale ed orizzontale;Nuvoloso;Scarso;Sufficiente;Sufficiente;1;0;0;0;12.4152;41.9266;-1;1;Motociclo a solo;In marcia / fermata / arresto;Conducente;M;Rifiuta cure immediate;0;NON DECEDUTO;;
4352291;17;30/04/2019 16:35:00;Strada Urbana;CIRCONVALLAZIONE CLODIA;in prossimità;;del civico n.;86;;Veicolo in marcia contro veicolo fermo;Rettilineo;Due carreggiate;Asciutto;Asfaltata;Verticale ed orizzontale;Sereno;Normale;Buona;Ore Diurne;1;0;0;2;12.4581;41.9211;-1;1;Autovettura privata;In marcia / fermata / arresto;Conducente;F;Illeso;0;;;
4352291;17;30/04/2019 16:35:00;Strada Urbana;CIRCONVALLAZIONE CLODIA;in prossimità;;del civico n.;86;;Veicolo in marcia contro veicolo fermo;Rettilineo;Due carreggiate;Asciutto;Asfaltata;Verticale ed orizzontale;Sereno;Normale;Buona;Ore Diurne;1;0;0;2;12.4581;41.9211;-1;1;Autovettura privata;In marcia / fermata / arresto;Passeggero;M;Rimandato;0;NON DECEDUTO;;
4352291;17;30/04/2019 16:35:00;Strada Urbana;CIRCONVALLAZIONE CLODIA;in prossimità;;del civico n.;86;;Veicolo in marcia contro veicolo fermo;Rettilineo;Due carreggiate;Asciutto;Asfaltata;Verticale ed orizzontale;Sereno;Normale;Buona;Ore Diurne;1;0;0;2;12.4581;41.9211;-1;2;Autovettura privata;In marcia / fermata / arresto;Conducente;M;Illeso;0;;;
4352296;10;30/04/2019 20:55:00;Strada Urbana;PIAZZA DEI TRIBUNI;in prossimità;;del civico n.;59;;Scontro laterale fra veicoli in marcia;Rotatoria;Una carreggiata a senso unico di marcia;Asciutto;Asfaltata;Verticale ed orizzontale;Sereno;Normale;Sufficiente;Sufficiente;0;0;0;3;12.5509;41.8649;-1;1;Autovettura privata;In marcia / fermata / arresto;Conducente;M;Illeso;0;;Non accertato;Inesploso
4352296;10;30/04/2019 20:55:00;Strada Urbana;PIAZZA DEI TRIBUNI;in prossimità;;del civico n.;59;;Scontro laterale fra veicoli in marcia;Rotatoria;Una carreggiata a senso unico di marcia;Asciutto;Asfaltata;Verticale ed orizzontale;Sereno;Normale;Sufficiente;Sufficiente;0;0;0;3;12.5509;41.8649;-1;1;Autovettura privata;In marcia / fermata / arresto;Passeggero;M;Illeso;0;;Non accertato;Inesploso
4352296;10;30/04/2019 20:55:00;Strada Urbana;PIAZZA DEI TRIBUNI;in prossimità;;del civico n.;59;;Scontro laterale fra veicoli in marcia;Rotatoria;Una carreggiata a senso unico di marcia;Asciutto;Asfaltata;Verticale ed orizzontale;Sereno;Normale;Sufficiente;Sufficiente;0;0;0;3;12.5509;41.8649;-1;2;Motociclo a solo;In marcia / fermata / arresto;Conducente;M;Illeso;0;;Non accertato;
4352301;11;30/04/2019 17:55:00;Strada Urbana;VIA DI GROTTA PERFETTA;all'intersezione con;VIALE ERMINIO SPALLA;VIALE ERMINIO SPALLA;;;Scontro laterale fra veicoli in marcia;Intersezione non regolata/non segnalata;Una carreggiata a doppio senso;Asciutto;Asfaltata;Verticale ed orizzontale;Sereno;Normale;Buona;Ore Diurne;0;0;0;2;12.5149;41.8323;-1;1;Autovettura privata;In marcia / fermata / arresto;Conducente;F;Illeso;0;;Non accertato;
4352301;11;30/04/2019 17:55:00;Strada Urbana;VIA DI GROTTA PERFETTA;all'intersezione con;VIALE ERMINIO SPALLA;VIALE ERMINIO SPALLA;;;Scontro laterale fra veicoli in marcia;Intersezione non regolata/non segnalata;Una carreggiata a doppio senso;Asciutto;Asfaltata;Verticale ed orizzontale;Sereno;Normale;Buona;Ore Diurne;0;0;0;2;12.5149;41.8323;-1;2;Autocarro superiore 35 q.;In marcia / fermata / arresto;Conducente;M;Illeso;0;;Non accertato;
4352312;13;23/04/2019 21:42:00;Strada Urbana;VIA DI MACCHIA PALOCCO;in prossimità;;del civico n.;27;;Veicolo in marcia contro veicolo in sosta;Rettilineo;Una carreggiata a doppio senso;Asciutto;Asfaltata;Orizzontale;Sereno;Normale;Buona;Sufficiente;0;0;0;0;12.354;41.7701;-1;1;Autovettura privata;Sosta;;;;;;;
4352329;12;30/04/2019 18:05:00;Regionale;VIA PONTINA;da specificare;;;;km 13,400 direzione Roma corsia centrale;Tamponamento Multiplo;Rettilineo;Due carreggiate;Asciutto;Asfaltata;Verticale ed orizzontale;Sereno;Intenso;Buona;Ore Diurne;2;0;0;6;12.4522;41.7941;-1;1;Autovettura privata;In marcia / fermata / arresto;Conducente;M;Illeso;0;;;
4352329;12;30/04/2019 18:05:00;Regionale;VIA PONTINA;da specificare;;;;km 13,400 direzione Roma corsia centrale;Tamponamento Multiplo;Rettilineo;Due carreggiate;Asciutto;Asfaltata;Verticale ed orizzontale;Sereno;Intenso;Buona;Ore Diurne;2;0;0;6;12.4522;41.7941;-1;1;Autovettura privata;In marcia / fermata / arresto;Passeggero;M;Illeso;0;;;
4352329;12;30/04/2019 18:05:00;Regionale;VIA PONTINA;da specificare;;;;km 13,400 direzione Roma corsia centrale;Tamponamento Multiplo;Rettilineo;Due carreggiate;Asciutto;Asfaltata;Verticale ed orizzontale;Sereno;Intenso;Buona;Ore Diurne;2;0;0;6;12.4522;41.7941;-1;1;Autovettura privata;In marcia / fermata / arresto;Passeggero;M;Illeso;0;;;
4352329;12;30/04/2019 18:05:00;Regionale;VIA PONTINA;da specificare;;;;km 13,400 direzione Roma corsia centrale;Tamponamento Multiplo;Rettilineo;Due carreggiate;Asciutto;Asfaltata;Verticale ed orizzontale;Sereno;Intenso;Buona;Ore Diurne;2;0;0;6;12.4522;41.7941;-1;1;Autovettura privata;In marcia / fermata / arresto;Passeggero;M;Illeso;0;;;
4352329;12;30/04/2019 18:05:00;Regionale;VIA PONTINA;da specificare;;;;km 13,400 direzione Roma corsia centrale;Tamponamento Multiplo;Rettilineo;Due carreggiate;Asciutto;Asfaltata;Verticale ed orizzontale;Sereno;Intenso;Buona;Ore Diurne;2;0;0;6;12.4522;41.7941;-1;2;Autovettura privata;In marcia / fermata / arresto;Conducente;M;Rimandato;0;NON DECEDUTO;;
4352329;12;30/04/2019 18:05:00;Regionale;VIA PONTINA;da specificare;;;;km 13,400 direzione Roma corsia centrale;Tamponamento Multiplo;Rettilineo;Due carreggiate;Asciutto;Asfaltata;Verticale ed orizzontale;Sereno;Intenso;Buona;Ore Diurne;2;0;0;6;12.4522;41.7941;-1;3;Autovettura privata;In marcia / fermata / arresto;Conducente;M;Rimandato;0;NON DECEDUTO;;
4352329;12;30/04/2019 18:05:00;Regionale;VIA PONTINA;da specificare;;;;km 13,400 direzione Roma corsia centrale;Tamponamento Multiplo;Rettilineo;Due carreggiate;Asciutto;Asfaltata;Verticale ed orizzontale;Sereno;Intenso;Buona;Ore Diurne;2;0;0;6;12.4522;41.7941;-1;4;Autocarro inferiore 35 q.;In marcia / fermata / arresto;Conducente;M;Illeso;0;;;
4352329;12;30/04/2019 18:05:00;Regionale;VIA PONTINA;da specificare;;;;km 13,400 direzione Roma corsia centrale;Tamponamento Multiplo;Rettilineo;Due carreggiate;Asciutto;Asfaltata;Verticale ed orizzontale;Sereno;Intenso;Buona;Ore Diurne;2;0;0;6;12.4522;41.7941;-1;4;Autocarro inferiore 35 q.;In marcia / fermata / arresto;Passeggero;M;Illeso;0;;;
4352336;19;30/04/2019 08:40:00;Strada Urbana;VIA TRIONFALE;da specificare;;;;prossimità Via G. Barellai;Tamponamento Multiplo;Rettilineo;Una carreggiata a doppio senso;Asciutto;Asfaltata;Orizzontale;Sereno;Normale;Buona;Ore Diurne;0;0;0;3;12.4168;41.9466;-1;1;Autovettura privata;In marcia / fermata / arresto;Conducente;M;Illeso;0;;Non accertato;
4352336;19;30/04/2019 08:40:00;Strada Urbana;VIA TRIONFALE;da specificare;;;;prossimità Via G. Barellai;Tamponamento Multiplo;Rettilineo;Una carreggiata a doppio senso;Asciutto;Asfaltata;Orizzontale;Sereno;Normale;Buona;Ore Diurne;0;0;0;3;12.4168;41.9466;-1;2;Autovettura privata;In marcia / fermata / arresto;Conducente;F;Illeso;0;;Non accertato;
4352336;19;30/04/2019 08:40:00;Strada Urbana;VIA TRIONFALE;da specificare;;;;prossimità Via G. Barellai;Tamponamento Multiplo;Rettilineo;Una carreggiata a doppio senso;Asciutto;Asfaltata;Orizzontale;Sereno;Normale;Buona;Ore Diurne;0;0;0;3;12.4168;41.9466;-1;3;Autovettura privata;In marcia / fermata / arresto;Conducente;F;Illeso;0;;Non accertato;
4352336;19;30/04/2019 08:40:00;Strada Urbana;VIA TRIONFALE;da specificare;;;;prossimità Via G. Barellai;Tamponamento Multiplo;Rettilineo;Una carreggiata a doppio senso;Asciutto;Asfaltata;Orizzontale;Sereno;Normale;Buona;Ore Diurne;0;0;0;3;12.4168;41.9466;-1;4;Autovettura privata;Allontanatosi;;;;;;;
4352346;4;30/04/2019 15:55:00;Strada Urbana;VIA COMANO;in prossimità;;del civico n.;95;;Veicolo in marcia contro ostacolo fisso;Rettilineo;Una carreggiata a doppio senso;Asciutto;Asfaltata;Verticale ed orizzontale;Nuvoloso;Scarso;Buona;Ore Diurne;0;0;0;1;12.5143;41.9549;-1;1;Autovettura privata;In marcia / fermata / arresto;Conducente;F;Illeso;0;;;
4352348;13;30/04/2019 17:45:00;Provinciale entro l'abitato;VIA ARNO;da specificare;;;;S.P. 104/D civ. n. 2 direzione via Litoranea;Tamponamento Multiplo;Rettilineo;Una carreggiata a doppio senso;Asciutto;Asfaltata;Orizzontale;Sereno;Normale;Buona;Ore Diurne;0;0;0;5;12.5018;41.918;-1;1;Autovettura privata;In marcia / fermata / arresto;Conducente;M;Illeso;0;;Non accertato;Inesploso
4352348;13;30/04/2019 17:45:00;Provinciale entro l'abitato;VIA ARNO;da specificare;;;;S.P. 104/D civ. n. 2 direzione via Litoranea;Tamponamento Multiplo;Rettilineo;Una carreggiata a doppio senso;Asciutto;Asfaltata;Orizzontale;Sereno;Normale;Buona;Ore Diurne;0;0;0;5;12.5018;41.918;-1;1;Autovettura privata;In marcia / fermata / arresto;Passeggero;M;Illeso;0;;Non accertato;Inesploso
4352348;13;30/04/2019 17:45:00;Provinciale entro l'abitato;VIA ARNO;da specificare;;;;S.P. 104/D civ. n. 2 direzione via Litoranea;Tamponamento Multiplo;Rettilineo;Una carreggiata a doppio senso;Asciutto;Asfaltata;Orizzontale;Sereno;Normale;Buona;Ore Diurne;0;0;0;5;12.5018;41.918;-1;1;Autovettura privata;In marcia / fermata / arresto;Passeggero;M;Illeso;0;;Non accertato;Inesploso
4352348;13;30/04/2019 17:45:00;Provinciale entro l'abitato;VIA ARNO;da specificare;;;;S.P. 104/D civ. n. 2 direzione via Litoranea;Tamponamento Multiplo;Rettilineo;Una carreggiata a doppio senso;Asciutto;Asfaltata;Orizzontale;Sereno;Normale;Buona;Ore Diurne;0;0;0;5;12.5018;41.918;-1;2;Autovettura privata;In marcia / fermata / arresto;Conducente;M;Illeso;0;;Non accertato;Inesploso
4352348;13;30/04/2019 17:45:00;Provinciale entro l'abitato;VIA ARNO;da specificare;;;;S.P. 104/D civ. n. 2 direzione via Litoranea;Tamponamento Multiplo;Rettilineo;Una carreggiata a doppio senso;Asciutto;Asfaltata;Orizzontale;Sereno;Normale;Buona;Ore Diurne;0;0;0;5;12.5018;41.918;-1;3;Autovettura privata;In marcia / fermata / arresto;Conducente;M;Illeso;0;;Non accertato;Inesploso
4352393;10;30/04/2019 22:10:00;Strada Urbana;VIA TAURIANOVA;in prossimità;;del civico n.;111;;Veicolo in marcia contro ostacolo accidentale;Rettilineo;Una carreggiata a senso unico di marcia;Asciutto;Asfaltata;Assente;Sereno;Scarso;Sufficiente;Sufficiente;0;0;0;1;12.5596;41.8329;-1;1;Autovettura privata;In marcia / fermata / arresto;Conducente;M;Illeso;0;;Non accertato;Inesploso
4352409;20;30/04/2019 09:25:00;Strada Urbana;VIA CASSIA;in corrispondenza;;del civico n.;934;;Veicolo in marcia contro ostacolo fisso;Rettilineo;Una carreggiata a doppio senso;Asciutto;Asfaltata;Verticale ed orizzontale;Sereno;Intenso;Buona;Ore Diurne;0;0;0;1;12.4343;41.9715;-1;1;Autovettura privata;In marcia / fermata / arresto;Conducente;M;Illeso;0;;;
4352425;19;30/04/2019 11:15:00;Strada Urbana;VIA TRIONFALE;all'intersezione con;VIALE MONFORTANI;VIALE MONFORTANI;;;Scontro laterale fra veicoli in marcia;Intersezione stradale segnalata;Una carreggiata a senso unico di marcia;Asciutto;Asfaltata;Verticale ed orizzontale;Sereno;Normale;Buona;Ore Diurne;0;0;0;2;12.4259;41.938;-1;1;Autovettura privata;In marcia / fermata / arresto;Conducente;M;Illeso;0;;Non accertato;
4352425;19;30/04/2019 11:15:00;Strada Urbana;VIA TRIONFALE;all'intersezione con;VIALE MONFORTANI;VIALE MONFORTANI;;;Scontro laterale fra veicoli in marcia;Intersezione stradale segnalata;Una carreggiata a senso unico di marcia;Asciutto;Asfaltata;Verticale ed orizzontale;Sereno;Normale;Buona;Ore Diurne;0;0;0;2;12.4259;41.938;-1;2;Autocarro inferiore 35 q.;In marcia / fermata / arresto;Conducente;M;Illeso;0;;Non accertato;
4352439;19;30/04/2019 18:20:00;Strada Urbana;VIA DI CASAL DEL MARMO;all'intersezione con;VIA RAFFAELE FILAMONDO;VIA RAFFAELE FILAMONDO;;;Veicolo in marcia contro veicoli in arresto;Intersezione non regolata/non segnalata;Una carreggiata a doppio senso;Asciutto;Asfaltata;Verticale ed orizzontale;Nuvoloso;Intenso;Buona;Ore Diurne;2;0;0;2;12.4098;41.9601;-1;1;Autovettura privata;In marcia / fermata / arresto;Conducente;M;Illeso;0;;Non accertato;
4352439;19;30/04/2019 18:20:00;Strada Urbana;VIA DI CASAL DEL MARMO;all'intersezione con;VIA RAFFAELE FILAMONDO;VIA RAFFAELE FILAMONDO;;;Veicolo in marcia contro veicoli in arresto;Intersezione non regolata/non segnalata;Una carreggiata a doppio senso;Asciutto;Asfaltata;Verticale ed orizzontale;Nuvoloso;Intenso;Buona;Ore Diurne;2;0;0;2;12.4098;41.9601;-1;1;Autovettura privata;In marcia / fermata / arresto;Passeggero;F;Rimandato;0;NON DECEDUTO;Non accertato;
4352439;19;30/04/2019 18:20:00;Strada Urbana;VIA DI CASAL DEL MARMO;all'intersezione con;VIA RAFFAELE FILAMONDO;VIA RAFFAELE FILAMONDO;;;Veicolo in marcia contro veicoli in arresto;Intersezione non regolata/non segnalata;Una carreggiata a doppio senso;Asciutto;Asfaltata;Verticale ed orizzontale;Nuvoloso;Intenso;Buona;Ore Diurne;2;0;0;2;12.4098;41.9601;-1;1;Autovettura privata;In marcia / fermata / arresto;Passeggero;F;Illeso;0;;Non accertato;
4352439;19;30/04/2019 18:20:00;Strada Urbana;VIA DI CASAL DEL MARMO;all'intersezione con;VIA RAFFAELE FILAMONDO;VIA RAFFAELE FILAMONDO;;;Veicolo in marcia contro veicoli in arresto;Intersezione non regolata/non segnalata;Una carreggiata a doppio senso;Asciutto;Asfaltata;Verticale ed orizzontale;Nuvoloso;Intenso;Buona;Ore Diurne;2;0;0;2;12.4098;41.9601;-1;2;Motociclo a solo;In marcia / fermata / arresto;Conducente;M;Rifiuta cure immediate;0;NON DECEDUTO;Non accertato;
4352482;19;30/04/2019 15:00:00;Strada Urbana;VIA TRIONFALE;da specificare;;;;alt. palo acea 90;Tamponamento;Rettilineo;Una carreggiata a senso unico di marcia;Asciutto;Asfaltata;Orizzontale;Nuvoloso;Intenso;Buona;Ore Diurne;2;0;0;1;12.4167;41.9465;-1;1;Autovettura privata;In marcia / fermata / arresto;Conducente;M;Illeso;0;;Non accertato;
4352482;19;30/04/2019 15:00:00;Strada Urbana;VIA TRIONFALE;da specificare;;;;alt. palo acea 90;Tamponamento;Rettilineo;Una carreggiata a senso unico di marcia;Asciutto;Asfaltata;Orizzontale;Nuvoloso;Intenso;Buona;Ore Diurne;2;0;0;1;12.4167;41.9465;-1;2;Autovettura privata;In marcia / fermata / arresto;Conducente;M;Rimandato;0;NON DECEDUTO;Non accertato;
4352482;19;30/04/2019 15:00:00;Strada Urbana;VIA TRIONFALE;da specificare;;;;alt. palo acea 90;Tamponamento;Rettilineo;Una carreggiata a senso unico di marcia;Asciutto;Asfaltata;Orizzontale;Nuvoloso;Intenso;Buona;Ore Diurne;2;0;0;1;12.4167;41.9465;-1;2;Autovettura privata;In marcia / fermata / arresto;Passeggero;M;Rimandato;0;NON DECEDUTO;Non accertato;
4352488;5;30/04/2019 08:30:00;;VIA GIUSEPPE GABRIELLI;da specificare;;;;alt. via Peroni;Tamponamento;;;;;;;;;;0;0;0;0;;;0;1;Autovettura privata;In marcia / fermata / arresto;;;;;;;
4352488;5;30/04/2019 08:30:00;;VIA GIUSEPPE GABRIELLI;da specificare;;;;alt. via Peroni;Tamponamento;;;;;;;;;;0;0;0;0;;;0;2;Autovettura privata;In marcia / fermata / arresto;;;;;;;
4352491;3;30/04/2019 19:10:00;Strada Urbana;VIA LORENZO IL MAGNIFICO;in corrispondenza;;del civico n.;83;;Scontro laterale fra veicoli in marcia;Pendenza;Una carreggiata a doppio senso;Asciutto;Asfaltata;Verticale ed orizzontale;Sereno;Normale;Buona;Ore Diurne;0;0;0;4;12.5259;41.9119;-1;1;Motociclo a solo;In marcia / fermata / arresto;Conducente;M;Illeso;0;;;
4352491;3;30/04/2019 19:10:00;Strada Urbana;VIA LORENZO IL MAGNIFICO;in corrispondenza;;del civico n.;83;;Scontro laterale fra veicoli in marcia;Pendenza;Una carreggiata a doppio senso;Asciutto;Asfaltata;Verticale ed orizzontale;Sereno;Normale;Buona;Ore Diurne;0;0;0;4;12.5259;41.9119;-1;2;Ciclomotore;In marcia / fermata / arresto;Conducente;M;Illeso;0;;;
4352491;3;30/04/2019 19:10:00;Strada Urbana;VIA LORENZO IL MAGNIFICO;in corrispondenza;;del civico n.;83;;Scontro laterale fra veicoli in marcia;Pendenza;Una carreggiata a doppio senso;Asciutto;Asfaltata;Verticale ed orizzontale;Sereno;Normale;Buona;Ore Diurne;0;0;0;4;12.5259;41.9119;-1;2;Ciclomotore;In marcia / fermata / arresto;Passeggero;F;Illeso;0;;;
4352491;3;30/04/2019 19:10:00;Strada Urbana;VIA LORENZO IL MAGNIFICO;in corrispondenza;;del civico n.;83;;Scontro laterale fra veicoli in marcia;Pendenza;Una carreggiata a doppio senso;Asciutto;Asfaltata;Verticale ed orizzontale;Sereno;Normale;Buona;Ore Diurne;0;0;0;4;12.5259;41.9119;-1;3;Autovettura privata;In marcia / fermata / arresto;Conducente;M;Illeso;0;;;
4352502;5;30/04/2019 08:30:00;Strada Urbana;VIA DI MARCO SIMONE;da specificare;;;;prossimità VIA DI CASAL BIANCO;Scontro laterale fra veicoli in marcia;Rettilineo;Una carreggiata a doppio senso;Asciutto;Asfaltata;Orizzontale;Sereno;Normale;Buona;Ore Diurne;0;0;0;2;12.6452;41.9467;-1;1;Autovettura privata;In marcia / fermata / arresto;Conducente;F;Illeso;0;;Non accertato;Inesploso
4352502;5;30/04/2019 08:30:00;Strada Urbana;VIA DI MARCO SIMONE;da specificare;;;;prossimità VIA DI CASAL BIANCO;Scontro laterale fra veicoli in marcia;Rettilineo;Una carreggiata a doppio senso;Asciutto;Asfaltata;Orizzontale;Sereno;Normale;Buona;Ore Diurne;0;0;0;2;12.6452;41.9467;-1;2;Autovettura privata;In marcia / fermata / arresto;Conducente;M;Illeso;0;;Non accertato;Inesploso
4352507;5;30/04/2019 10:20:00;Strada Urbana;VIA TIBURTINA;in prossimità;;del civico n.;1357;;Scontro laterale fra veicoli in marcia;Rettilineo;Più di due carreggiate;Asciutto;Asfaltata;Verticale ed orizzontale;Sereno;Normale;Buona;Ore Diurne;0;0;0;2;12.6186;41.9376;-1;1;Autovettura privata;In marcia / fermata / arresto;Conducente;F;Illeso;0;;Non accertato;Inesploso
4352507;5;30/04/2019 10:20:00;Strada Urbana;VIA TIBURTINA;in prossimità;;del civico n.;1357;;Scontro laterale fra veicoli in marcia;Rettilineo;Più di due carreggiate;Asciutto;Asfaltata;Verticale ed orizzontale;Sereno;Normale;Buona;Ore Diurne;0;0;0;2;12.6186;41.9376;-1;2;Autocarro inferiore 35 q.;In marcia / fermata / arresto;Conducente;M;Illeso;0;;Non accertato;Inesploso