Protocollo;Gruppo;DataOraIncidente;Localizzazione1;STRADA1;Localizzazione2;STRADA2;Strada02;Chilometrica;DaSpecificare;NaturaIncidente;particolaritastrade;TipoStrada;FondoStradale;Pavimentazione;Segnaletica;CondizioneAtmosferica;Traffico;Visibilita;Illuminazione;NUM_FERITI;NUM_RISERVATA;NUM_MORTI;NUM_ILLESI;Longitudine;Latitudine;Confermato;Progressivo;TipoVeicolo;StatoVeicolo;TipoPersona;Sesso;Tipolesione;Deceduto;DecedutoDopo;CinturaCascoUtilizzato;Airbag;
4352519;5;30/04/2019 19:00:00;Strada Urbana;VIA DI PORTONACCIO;da specificare;;;;inversione di marcia altezza via G. Galliano;Scontro laterale fra veicoli in marcia;Rettilineo;Due carreggiate;Asciutto;Asfaltata;Verticale ed orizzontale;Sereno;Intenso;Buona;Ore Diurne;2;0;0;1;12.5366;41.9013;-1;1;Autovettura privata;In marcia / fermata / arresto;Conducente;M;Illeso;0;;Non accertato;Inesploso
4352519;5;30/04/2019 19:00:00;Strada Urbana;VIA DI PORTONACCIO;da specificare;;;;inversione di marcia altezza via G. Galliano;Scontro laterale fra veicoli in marcia;Rettilineo;Due carreggiate;Asciutto;Asfaltata;Verticale ed orizzontale;Sereno;Intenso;Buona;Ore Diurne;2;0;0;1;12.5366;41.9013;-1;2;Motociclo con passeggero;In marcia / fermata / arresto;Conducente;M;Rimandato;0;NON DECEDUTO;;
4352519;5;30/04/2019 19:00:00;Strada Urbana;VIA DI PORTONACCIO;da specificare;;;;inversione di marcia altezza via G. Galliano;Scontro laterale fra veicoli in marcia;Rettilineo;Due carreggiate;Asciutto;Asfaltata;Verticale ed orizzontale;Sereno;Intenso;Buona;Ore Diurne;2;0;0;1;12.5366;41.9013;-1;2;Motociclo con passeggero;In marcia / fermata / arresto;Passeggero;M;Rimandato;0;NON DECEDUTO;Non accertato;
4352525;19;30/04/2019 16:30:00;Strada Urbana;VIA DI CASAL DEL MARMO;in corrispondenza;;del civico n.;164 g;;Scontro frontale fra veicoli in marcia;Rettilineo;Una carreggiata a doppio senso;Asciutto;Asfaltata;Verticale ed orizzontale;Nuvoloso;Normale;Buona;Ore Diurne;1;0;0;1;12.4046;41.9575;-1;1;Autovettura privata;In marcia / fermata / arresto;Conducente;M;Illeso;0;;Non accertato;
4352525;19;30/04/2019 16:30:00;Strada Urbana;VIA DI CASAL DEL MARMO;in corrispondenza;;del civico n.;164 g;;Scontro frontale fra veicoli in marcia;Rettilineo;Una carreggiata a doppio senso;Asciutto;Asfaltata;Verticale ed orizzontale;Nuvoloso;Normale;Buona;Ore Diurne;1;0;0;1;12.4046;41.9575;-1;2;Motociclo a solo;In marcia / fermata / arresto;Conducente;M;Rimandato;0;NON DECEDUTO;Non accertato;
4352540;4;30/04/2019 17:15:00;Strada Urbana;VIA DELLE ISOLE CURZOLANE;in corrispondenza;;del civico n.;15;;Veicolo in marcia contro ostacolo fisso;Rettilineo;Due carreggiate;Asciutto;Asfaltata;Assente;Sereno;Normale;Buona;Ore Diurne;0;0;0;1;12.5356;41.9476;-1;1;Autovettura privata;In marcia / fermata / arresto;Conducente;F;Illeso;0;;;
4352571;1;30/04/2019 09:40:00;Strada Urbana;VIA DEL PORTICO D'OTTAVIA;da specificare;;;;fronte MUSEO EBRAICO;Veicolo in marcia contro ostacolo fisso;Rettilineo;Una carreggiata a doppio senso;Asciutto;In cubetti di porfido;Verticale ed orizzontale;Sereno;Scarso;Buona;Ore Diurne;0;0;0;1;12.4782;41.8926;-1;1;Autocarro inferiore 35 q.;In marcia / fermata / arresto;Conducente;M;Illeso;0;;Non accertato;Inesploso
4352576;12;29/04/2019 08:00:00;Strada Urbana;VIA DELLA CECCHIGNOLA;in prossimità;;del palo luce n.;42;;Tamponamento Multiplo;Rettilineo;Una carreggiata a doppio senso;Asciutto;Asfaltata;Verticale ed orizzontale;Sereno;Normale;Buona;Ore Diurne;2;0;0;2;12.5116;41.8077;-1;1;Autovettura privata;In marcia / fermata / arresto;Conducente;F;Illeso;0;;Utilizzato;Inesploso
4352576;12;29/04/2019 08:00:00;Strada Urbana;VIA DELLA CECCHIGNOLA;in prossimità;;del palo luce n.;42;;Tamponamento Multiplo;Rettilineo;Una carreggiata a doppio senso;Asciutto;Asfaltata;Verticale ed orizzontale;Sereno;Normale;Buona;Ore Diurne;2;0;0;2;12.5116;41.8077;-1;2;Autovettura privata;In marcia / fermata / arresto;Conducente;F;Rimandato;0;NON DECEDUTO;Utilizzato;Inesploso
4352576;12;29/04/2019 08:00:00;Strada Urbana;VIA DELLA CECCHIGNOLA;in prossimità;;del palo luce n.;42;;Tamponamento Multiplo;Rettilineo;Una carreggiata a doppio senso;Asciutto;Asfaltata;Verticale ed orizzontale;Sereno;Normale;Buona;Ore Diurne;2;0;0;2;12.5116;41.8077;-1;2;Autovettura privata;In marcia / fermata / arresto;Passeggero;F;Rimandato;0;NON DECEDUTO;Utilizzato;Inesploso
4352576;12;29/04/2019 08:00:00;Strada Urbana;VIA DELLA CECCHIGNOLA;in prossimità;;del palo luce n.;42;;Tamponamento Multiplo;Rettilineo;Una carreggiata a doppio senso;Asciutto;Asfaltata;Verticale ed orizzontale;Sereno;Normale;Buona;Ore Diurne;2;0;0;2;12.5116;41.8077;-1;3;Autovettura privata;In marcia / fermata / arresto;Conducente;F;Illeso;0;;Utilizzato;Inesploso
4352579;2;30/04/2019 11:00:00;Strada Urbana;VIALE DELLE BELLE ARTI;all'intersezione con;VIA VALMICHI;VIA VALMICHI;;;Scontro frontale/laterale SX fra veicoli in marcia;Incrocio;Una carreggiata a doppio senso;Asciutto;Asfaltata;Verticale ed orizzontale;Sereno;Normale;Buona;Ore Diurne;1;0;0;2;12.4791;41.9183;-1;1;Autovettura privata;In marcia / fermata / arresto;Conducente;M;Illeso;0;;Non accertato;Inesploso
4352579;2;30/04/2019 11:00:00;Strada Urbana;VIALE DELLE BELLE ARTI;all'intersezione con;VIA VALMICHI;VIA VALMICHI;;;Scontro frontale/laterale SX fra veicoli in marcia;Incrocio;Una carreggiata a doppio senso;Asciutto;Asfaltata;Verticale ed orizzontale;Sereno;Normale;Buona;Ore Diurne;1;0;0;2;12.4791;41.9183;-1;1;Autovettura privata;In marcia / fermata / arresto;Passeggero;F;Illeso;0;;Non accertato;Inesploso
4352579;2;30/04/2019 11:00:00;Strada Urbana;VIALE DELLE BELLE ARTI;all'intersezione con;VIA VALMICHI;VIA VALMICHI;;;Scontro frontale/laterale SX fra veicoli in marcia;Incrocio;Una carreggiata a doppio senso;Asciutto;Asfaltata;Verticale ed orizzontale;Sereno;Normale;Buona;Ore Diurne;1;0;0;2;12.4791;41.9183;-1;2;Motociclo a solo;In marcia / fermata / arresto;Conducente;M;Rifiuta cure immediate;0;NON DECEDUTO;Non accertato;
4352581;2;30/04/2019 11:10:00;Strada Urbana;VIA SALARIA;all'intersezione con;VIA ALESSANDRO SCARLATTI;VIA ALESSANDRO SCARLATTI;;;Scontro frontale/laterale SX fra veicoli in marcia;Intersezione semaforizzata;Una carreggiata a doppio senso;Asciutto;Asfaltata;Verticale ed orizzontale;Sereno;Normale;Buona;Ore Diurne;2;0;0;1;12.5141;41.9923;-1;1;Autovettura privata;In marcia / fermata / arresto;Conducente;F;Illeso;0;;Non accertato;Inesploso
4352581;2;30/04/2019 11:10:00;Strada Urbana;VIA SALARIA;all'intersezione con;VIA ALESSANDRO SCARLATTI;VIA ALESSANDRO SCARLATTI;;;Scontro frontale/laterale SX fra veicoli in marcia;Intersezione semaforizzata;Una carreggiata a doppio senso;Asciutto;Asfaltata;Verticale ed orizzontale;Sereno;Normale;Buona;Ore Diurne;2;0;0;1;12.5141;41.9923;-1;2;Motociclo con passeggero;In marcia / fermata / arresto;Conducente;M;Rimandato;0;NON DECEDUTO;;
4352581;2;30/04/2019 11:10:00;Strada Urbana;VIA SALARIA;all'intersezione con;VIA ALESSANDRO SCARLATTI;VIA ALESSANDRO SCARLATTI;;;Scontro frontale/laterale SX fra veicoli in marcia;Intersezione semaforizzata;Una carreggiata a doppio senso;Asciutto;Asfaltata;Verticale ed orizzontale;Sereno;Normale;Buona;Ore Diurne;2;0;0;1;12.5141;41.9923;-1;2;Motociclo con passeggero;In marcia / fermata / arresto;Passeggero;F;Rimandato;0;NON DECEDUTO;;
4352583;2;30/04/2019 15:38:00;Strada Urbana;VIA HOMS;da specificare;;;;FRONTE VIA BENADIR;Veicolo in marcia contro veicolo in sosta;Rettilineo;Una carreggiata a senso unico di marcia;Asciutto;Asfaltata;Verticale ed orizzontale;Nuvoloso;Scarso;Buona;Ore Diurne;0;0;0;1;12.5216;41.9284;-1;1;Autovettura privata;Sosta;;;;;;;
4352583;2;30/04/2019 15:38:00;Strada Urbana;VIA HOMS;da specificare;;;;FRONTE VIA BENADIR;Veicolo in marcia contro veicolo in sosta;Rettilineo;Una carreggiata a senso unico di marcia;Asciutto;Asfaltata;Verticale ed orizzontale;Nuvoloso;Scarso;Buona;Ore Diurne;0;0;0;1;12.5216;41.9284;-1;2;Autovettura privata;In marcia / fermata / arresto;Conducente;M;Illeso;0;;;
4352586;2;30/04/2019 17:00:00;Strada Urbana;VIALE BRUNO BUOZZI;all'intersezione con;VIA GIOVANNI SCHIAPARELLI;VIA GIOVANNI SCHIAPARELLI;;;Ribaltamento senza urto contro ostacolo fisso;Incrocio;Una carreggiata a doppio senso;Asciutto;Asfaltata;Verticale ed orizzontale;Sereno;Normale;Buona;Ore Diurne;1;0;0;1;12.4817;41.9214;-1;1;Motociclo a solo;In marcia / fermata / arresto;Conducente;M;Rimandato;0;NON DECEDUTO;Non accertato;
4352586;2;30/04/2019 17:00:00;Strada Urbana;VIALE BRUNO BUOZZI;all'intersezione con;VIA GIOVANNI SCHIAPARELLI;VIA GIOVANNI SCHIAPARELLI;;;Ribaltamento senza urto contro ostacolo fisso;Incrocio;Una carreggiata a doppio senso;Asciutto;Asfaltata;Verticale ed orizzontale;Sereno;Normale;Buona;Ore Diurne;1;0;0;1;12.4817;41.9214;-1;2;Autovettura di polizia;In marcia / fermata / arresto;Conducente;M;Illeso;0;;Non accertato;Inesploso
4352599;17;30/04/2019 20:30:00;Strada Urbana;PIAZZA CAVOUR;da specificare;;;;fronte civico 22;Investimento di pedone;Rettilineo;Una carreggiata a doppio senso;Asciutto;Acciotolata;Verticale ed orizzontale;Sereno;Normale;Buona;Sufficiente;1;0;0;1;12.47;41.905;-1;;;;Pedone;M;Rimandato;0;NON DECEDUTO;;
4352599;17;30/04/2019 20:30:00;Strada Urbana;PIAZZA CAVOUR;da specificare;;;;fronte civico 22;Investimento di pedone;Rettilineo;Una carreggiata a doppio senso;Asciutto;Acciotolata;Verticale ed orizzontale;Sereno;Normale;Buona;Sufficiente;1;0;0;1;12.47;41.905;-1;1;Autovettura privata;In marcia / fermata / arresto;Conducente;F;Illeso;0;;;
4352600;1;30/04/2019 10:00:00;Strada Urbana;VIA BELSIANA;all'intersezione con;VIA BORGOGNONA;VIA BORGOGNONA;;;Veicolo in marcia contro ostacolo accidentale;Incrocio;Una carreggiata a senso unico di marcia;Viscido da liquidi oleosi;Acciotolata;;Sereno;Scarso;Buona;Ore Diurne;1;0;0;0;;;0;1;Motociclo a solo;In marcia / fermata / arresto;Conducente;M;Rifiuta cure immediate;0;NON DECEDUTO;Non accertato;
4352629;2;30/04/2019 17:50:00;Strada Urbana;VIA TEVERE;in prossimità;;del civico n.;16;;Veicolo in marcia contro veicolo in sosta;Rettilineo;Una carreggiata a senso unico di marcia;Asciutto;Asfaltata;Verticale ed orizzontale;Sereno;Normale;Buona;Ore Diurne;0;0;0;1;12.4961;41.9143;-1;1;Autovettura privata;Sosta;;;;;;;
4352629;2;30/04/2019 17:50:00;Strada Urbana;VIA TEVERE;in prossimità;;del civico n.;16;;Veicolo in marcia contro veicolo in sosta;Rettilineo;Una carreggiata a senso unico di marcia;Asciutto;Asfaltata;Verticale ed orizzontale;Sereno;Normale;Buona;Ore Diurne;0;0;0;1;12.4961;41.9143;-1;2;Autovettura privata;In marcia / fermata / arresto;Conducente;M;Illeso;0;;Non accertato;Inesploso
4352651;1;30/04/2019 09:30:00;Strada Urbana;VIA DELLE CARROZZE;in corrispondenza;;del civico n.;92;;Veicolo in marcia contro ostacolo accidentale;Rettilineo;Una carreggiata a senso unico di marcia;Viscido da liquidi oleosi;In cubetti di porfido;Verticale ed orizzontale;Sereno;Scarso;Buona;Ore Diurne;0;0;0;1;;;0;1;Motociclo a solo;In marcia / fermata / arresto;Conducente;M;Illeso;0;;;
4352656;4;30/04/2019 19:00:00;Strada Urbana;VIA DEI PRATI FISCALI;all'intersezione con;VIA CAVRIGLIA;VIA CAVRIGLIA;;;Scontro frontale/laterale DX fra veicoli in marcia;Intersezione semaforizzata;Due carreggiate;Asciutto;Asfaltata;Verticale ed orizzontale;Sereno;Normale;Buona;Ore Diurne;1;0;0;2;12.5165;41.9461;-1;1;Autovettura privata;In marcia / fermata / arresto;Conducente;M;Illeso;0;;;
4352656;4;30/04/2019 19:00:00;Strada Urbana;VIA DEI PRATI FISCALI;all'intersezione con;VIA CAVRIGLIA;VIA CAVRIGLIA;;;Scontro frontale/laterale DX fra veicoli in marcia;Intersezione semaforizzata;Due carreggiate;Asciutto;Asfaltata;Verticale ed orizzontale;Sereno;Normale;Buona;Ore Diurne;1;0;0;2;12.5165;41.9461;-1;1;Autovettura privata;In marcia / fermata / arresto;Passeggero;F;Illeso;0;;;
4352656;4;30/04/2019 19:00:00;Strada Urbana;VIA DEI PRATI FISCALI;all'intersezione con;VIA CAVRIGLIA;VIA CAVRIGLIA;;;Scontro frontale/laterale DX fra veicoli in marcia;Intersezione semaforizzata;Due carreggiate;Asciutto;Asfaltata;Verticale ed orizzontale;Sereno;Normale;Buona;Ore Diurne;1;0;0;2;12.5165;41.9461;-1;2;Motociclo a solo;In marcia / fermata / arresto;Conducente;M;Rifiuta cure immediate;0;NON DECEDUTO;;
4352674;1;30/04/2019 09:30:00;;VIA BELSIANA;all'intersezione con;VIA DEI CONDOTTI;VIA DEI CONDOTTI;;;Veicolo in marcia contro ostacolo accidentale;;;;;;;;;;0;0;0;1;;;0;1;Ciclomotore;In marcia / fermata / arresto;Conducente;;Illeso;0;;;
4352735;1;30/04/2019 13:25:00;Strada Urbana;VIA DI RIPETTA;all'intersezione con;VIA DELLA FREZZA;VIA DELLA FREZZA;;;Infortunio per sola frenata improvvisa;Incrocio;Una carreggiata a senso unico di marcia;Asciutto;In cubetti di porfido;Verticale ed orizzontale;Sereno;Normale;Buona;Ore Diurne;1;0;0;1;;;0;1;Motociclo a solo;In marcia / fermata / arresto;Conducente;M;Rifiuta cure immediate;0;NON DECEDUTO;Non accertato;
4352735;1;30/04/2019 13:25:00;Strada Urbana;VIA DI RIPETTA;all'intersezione con;VIA DELLA FREZZA;VIA DELLA FREZZA;;;Infortunio per sola frenata improvvisa;Incrocio;Una carreggiata a senso unico di marcia;Asciutto;In cubetti di porfido;Verticale ed orizzontale;Sereno;Normale;Buona;Ore Diurne;1;0;0;1;;;0;2;Autovettura pubblica;In marcia / fermata / arresto;Conducente;M;Illeso;0;;;
4352755;4;30/04/2019 17:00:00;Strada Urbana;PIAZZA MINUCCIANO;da specificare;;;;fermata atac 72776;Scontro laterale fra veicoli in marcia;Rettilineo;Una carreggiata a doppio senso;Asciutto;Asfaltata;Verticale ed orizzontale;Sereno;Scarso;Buona;Ore Diurne;0;0;0;2;12.5142;41.9531;-1;1;Autobus di linea;In marcia / fermata / arresto;Conducente;M;Illeso;0;;;
4352755;4;30/04/2019 17:00:00;Strada Urbana;PIAZZA MINUCCIANO;da specificare;;;;fermata atac 72776;Scontro laterale fra veicoli in marcia;Rettilineo;Una carreggiata a doppio senso;Asciutto;Asfaltata;Verticale ed orizzontale;Sereno;Scarso;Buona;Ore Diurne;0;0;0;2;12.5142;41.9531;-1;2;Autovettura privata;In marcia / fermata / arresto;Conducente;F;Illeso;0;;;
4352758;20;30/04/2019 18:00:00;Strada Urbana;VIA FLAMINIA NUOVA;da specificare;;;;altezza via Vitorchiano;Tamponamento;Rettilineo;Due carreggiate;Asciutto;Asfaltata;Verticale ed orizzontale;Sereno;Intenso;Buona;Ore Diurne;0;0;0;3;12.4792;41.9609;-1;1;Autovettura privata;In marcia / fermata / arresto;Conducente;M;Illeso;0;;Non accertato;
4352758;20;30/04/2019 18:00:00;Strada Urbana;VIA FLAMINIA NUOVA;da specificare;;;;altezza via Vitorchiano;Tamponamento;Rettilineo;Due carreggiate;Asciutto;Asfaltata;Verticale ed orizzontale;Sereno;Intenso;Buona;Ore Diurne;0;0;0;3;12.4792;41.9609;-1;2;Autovettura privata;In marcia / fermata / arresto;Conducente;M;Illeso;0;;Non accertato;
4352758;20;30/04/2019 18:00:00;Strada Urbana;VIA FLAMINIA NUOVA;da specificare;;;;altezza via Vitorchiano;Tamponamento;Rettilineo;Due carreggiate;Asciutto;Asfaltata;Verticale ed orizzontale;Sereno;Intenso;Buona;Ore Diurne;0;0;0;3;12.4792;41.9609;-1;2;Autovettura privata;In marcia / fermata / arresto;Passeggero;F;Illeso;0;;Non accertato;
4352763;1;30/04/2019 17:30:00;Strada Urbana;VIALE CASTRO PRETORIO;all'intersezione con;VIA VICENZA;VIA VICENZA;;;Scontro laterale fra veicoli in marcia;Incrocio;Una carreggiata a doppio senso;Asciutto;Asfaltata;Verticale ed orizzontale;Nuvoloso;Normale;Buona;Ore Diurne;2;0;0;1;9.644;45.397;-1;1;Autovettura privata;In marcia / fermata / arresto;Conducente;M;Illeso;0;;Non accertato;Inesploso
4352763;1;30/04/2019 17:30:00;Strada Urbana;VIALE CASTRO PRETORIO;all'intersezione con;VIA VICENZA;VIA VICENZA;;;Scontro laterale fra veicoli in marcia;Incrocio;Una carreggiata a doppio senso;Asciutto;Asfaltata;Verticale ed orizzontale;Nuvoloso;Normale;Buona;Ore Diurne;2;0;0;1;9.644;45.397;-1;2;Motociclo con passeggero;In marcia / fermata / arresto;Conducente;M;Rifiuta cure immediate;0;NON DECEDUTO;Non accertato;
4352763;1;30/04/2019 17:30:00;Strada Urbana;VIALE CASTRO PRETORIO;all'intersezione con;VIA VICENZA;VIA VICENZA;;;Scontro laterale fra veicoli in marcia;Incrocio;Una carreggiata a doppio senso;Asciutto;Asfaltata;Verticale ed orizzontale;Nuvoloso;Normale;Buona;Ore Diurne;2;0;0;1;9.644;45.397;-1;2;Motociclo con passeggero;In marcia / fermata / arresto;Passeggero;F;Rifiuta cure immediate;0;NON DECEDUTO;Non accertato;
4352787;15;30/04/2019 10:20:00;Strada Urbana;VIA ANTONIO PACINOTTI;da specificare;;;;prossimità civico 63;Infortunio per sola frenata improvvisa;Rettilineo;Una carreggiata a doppio senso;Asciutto;Asfaltata;Verticale ed orizzontale;Sereno;Normale;Buona;Ore Diurne;1;0;0;1;12.4675;41.871;-1;1;Autovettura privata;In marcia / fermata / arresto;Conducente;F;Illeso;0;;Non accertato;Inesploso
4352787;15;30/04/2019 10:20:00;Strada Urbana;VIA ANTONIO PACINOTTI;da specificare;;;;prossimità civico 63;Infortunio per sola frenata improvvisa;Rettilineo;Una carreggiata a doppio senso;Asciutto;Asfaltata;Verticale ed orizzontale;Sereno;Normale;Buona;Ore Diurne;1;0;0;1;12.4675;41.871;-1;2;Motociclo a solo;In marcia / fermata / arresto;Conducente;M;Rimandato;0;NON DECEDUTO;Non accertato;
4352790;16;30/04/2019 14:30:00;Strada Urbana;VIA VINCENZO USSANI;da specificare;;;;prossimità via Rocci;Scontro laterale fra veicoli in marcia;Curva a visuale libera;Una carreggiata a doppio senso;Asciutto;Asfaltata;Verticale ed orizzontale;Sereno;Scarso;Sufficiente;Ore Diurne;0;0;0;2;12.4397;41.8615;-1;1;Autovettura privata;In marcia / fermata / arresto;Conducente;M;Illeso;0;;Non accertato;Inesploso
4352790;16;30/04/2019 14:30:00;Strada Urbana;VIA VINCENZO USSANI;da specificare;;;;prossimità via Rocci;Scontro laterale fra veicoli in marcia;Curva a visuale libera;Una carreggiata a doppio senso;Asciutto;Asfaltata;Verticale ed orizzontale;Sereno;Scarso;Sufficiente;Ore Diurne;0;0;0;2;12.4397;41.8615;-1;2;Autovettura privata;In marcia / fermata / arresto;Conducente;F;Illeso;0;;Non accertato;Inesploso
4352790;16;30/04/2019 14:30:00;Strada Urbana;VIA VINCENZO USSANI;da specificare;;;;prossimità via Rocci;Scontro laterale fra veicoli in marcia;Curva a visuale libera;Una carreggiata a doppio senso;Asciutto;Asfaltata;Verticale ed orizzontale;Sereno;Scarso;Sufficiente;Ore Diurne;0;0;0;2;12.4397;41.8615;-1;3;Autovettura privata;Sosta;;;;;;;
4352795;18;30/04/2019 19:10:00;Statale entro l'abitato;VIA AURELIA;in prossimità;;della chilometrica;9.55;;Tamponamento;Rettilineo;Due carreggiate;Asciutto;Asfaltata;Verticale ed orizzontale;Sereno;Normale;Buona;Ore Diurne;1;0;0;1;12.3833;41.8855;-1;1;Motociclo a solo;In marcia / fermata / arresto;Conducente;M;Rimandato;0;NON DECEDUTO;Non accertato;
4352795;18;30/04/2019 19:10:00;Statale entro l'abitato;VIA AURELIA;in prossimità;;della chilometrica;9.55;;Tamponamento;Rettilineo;Due carreggiate;Asciutto;Asfaltata;Verticale ed orizzontale;Sereno;Normale;Buona;Ore Diurne;1;0;0;1;12.3833;41.8855;-1;2;Autovettura privata;In marcia / fermata / arresto;Conducente;M;Illeso;0;;Non accertato;Inesploso
4352811;20;30/04/2019 07:30:00;Statale entro l'abitato;VIA FLAMINIA NUOVA;in corrispondenza;;della chilometrica;7.5;;Scontro laterale fra veicoli in marcia;Rettilineo;Una carreggiata a doppio senso;Asciutto;Asfaltata;Verticale ed orizzontale;Sereno;Normale;Buona;Ore Diurne;0;0;0;2;12.4833;41.9563;-1;1;Motociclo a solo;In marcia / fermata / arresto;Conducente;M;Illeso;0;;;
4352811;20;30/04/2019 07:30:00;Statale entro l'abitato;VIA FLAMINIA NUOVA;in corrispondenza;;della chilometrica;7.5;;Scontro laterale fra veicoli in marcia;Rettilineo;Una carreggiata a doppio senso;Asciutto;Asfaltata;Verticale ed orizzontale;Sereno;Normale;Buona;Ore Diurne;0;0;0;2;12.4833;41.9563;-1;2;Autovettura privata;In marcia / fermata / arresto;Conducente;F;Illeso;0;;;
4352849;4;30/04/2019 12:50:00;Strada Urbana;VIA UGO OJETTI;da specificare;;;;altezza via M.B. TOSATTI (dir. piazza talenti);Investimento di pedone;Rettilineo;Due carreggiate;Asciutto;Asfaltata;Verticale ed orizzontale;Sereno;Normale;Buona;Ore Diurne;1;0;0;1;12.5546;41.947;-1;;;;Pedone;F;Ricoverato;0;NON DECEDUTO;;
4352849;4;30/04/2019 12:50:00;Strada Urbana;VIA UGO OJETTI;da specificare;;;;altezza via M.B. TOSATTI (dir. piazza talenti);Investimento di pedone;Rettilineo;Due carreggiate;Asciutto;Asfaltata;Verticale ed orizzontale;Sereno;Normale;Buona;Ore Diurne;1;0;0;1;12.5546;41.947;-1;1;Autovettura pubblica;In marcia / fermata / arresto;Conducente;M;Illeso;0;;;
4352964;17;30/04/2019 09:10:00;Strada Urbana;PIAZZA DEL RISORGIMENTO;in corrispondenza;;del civico n.;14;;Scontro laterale fra veicoli in marcia;Rettilineo;Una carreggiata a senso unico di marcia;Asciutto;Asfaltata;Verticale ed orizzontale;Sereno;Normale;Buona;Ore Diurne;0;0;0;2;12.4571;41.9067;-1;1;Autovettura privata;In marcia / fermata / arresto;Conducente;M;Illeso;0;;;
4352964;17;30/04/2019 09:10:00;Strada Urbana;PIAZZA DEL RISORGIMENTO;in corrispondenza;;del civico n.;14;;Scontro laterale fra veicoli in marcia;Rettilineo;Una carreggiata a senso unico di marcia;Asciutto;Asfaltata;Verticale ed orizzontale;Sereno;Normale;Buona;Ore Diurne;0;0;0;2;12.4571;41.9067;-1;2;Autovettura pubblica;In marcia / fermata / arresto;Conducente;M;Illeso;0;;;
4353012;4;30/04/2019 16:30:00;Provinciale entro l'abitato;VIA DELLE ISOLE CURZOLANE;all'intersezione con;VIA SARANDI;VIA SARANDI;;;Veicolo in marcia contro veicolo in sosta;Intersezione stradale segnalata;Due carreggiate;Asciutto;Asfaltata;Verticale ed orizzontale;Sereno;Intenso;Buona;Ore Diurne;1;0;0;1;12.532;41.9488;-1;1;Autovettura privata;In marcia / fermata / arresto;Conducente;F;Illeso;0;;;
4353012;4;30/04/2019 16:30:00;Provinciale entro l'abitato;VIA DELLE ISOLE CURZOLANE;all'intersezione con;VIA SARANDI;VIA SARANDI;;;Veicolo in marcia contro veicolo in sosta;Intersezione stradale segnalata;Due carreggiate;Asciutto;Asfaltata;Verticale ed orizzontale;Sereno;Intenso;Buona;Ore Diurne;1;0;0;1;12.532;41.9488;-1;1;Autovettura privata;In marcia / fermata / arresto;Passeggero;M;Rimandato;0;NON DECEDUTO;;
4353012;4;30/04/2019 16:30:00;Provinciale entro l'abitato;VIA DELLE ISOLE CURZOLANE;all'intersezione con;VIA SARANDI;VIA SARANDI;;;Veicolo in marcia contro veicolo in sosta;Intersezione stradale segnalata;Due carreggiate;Asciutto;Asfaltata;Verticale ed orizzontale;Sereno;Intenso;Buona;Ore Diurne;1;0;0;1;12.532;41.9488;-1;2;Autovettura privata;Sosta;;;;;;;
4353082;12;28/04/2019 18:30:00;Comunale extraurbana;VIA DI TRIGORIA;in prossimità;;del civico n.;270;;Veicolo in marcia contro ostacolo accidentale;Curva senza visuale libera;Una carreggiata a doppio senso;Asciutto;Asfaltata;Verticale ed orizzontale;Nuvoloso;Scarso;Buona;Ore Diurne;0;0;0;2;12.4629;41.7463;-1;1;Autovettura privata;In marcia / fermata / arresto;Conducente;M;Illeso;0;;Utilizzato;Inesploso
4353082;12;28/04/2019 18:30:00;Comunale extraurbana;VIA DI TRIGORIA;in prossimità;;del civico n.;270;;Veicolo in marcia contro ostacolo accidentale;Curva senza visuale libera;Una carreggiata a doppio senso;Asciutto;Asfaltata;Verticale ed orizzontale;Nuvoloso;Scarso;Buona;Ore Diurne;0;0;0;2;12.4629;41.7463;-1;1;Autovettura privata;In marcia / fermata / arresto;Passeggero;F;Illeso;0;;Utilizzato;Inesploso
4353091;17;30/04/2019 19:20:00;Strada Urbana;VIA LUIGI SETTEMBRINI;all'intersezione con;PIAZZA DEI MARTIRI DI BELFIORE;PIAZZA DEI MARTIRI DI BELFIORE;;;Scontro laterale fra veicoli in marcia;Intersezione semaforizzata;Due carreggiate;Asciutto;Asfaltata;Verticale ed orizzontale;Sereno;Normale;Buona;Ore Diurne;0;0;0;2;12.4669;41.915;0;1;Ciclomotore;In marcia / fermata / arresto;Conducente;M;Illeso;0;;;
4353091;17;30/04/2019 19:20:00;Strada Urbana;VIA LUIGI SETTEMBRINI;all'intersezione con;PIAZZA DEI MARTIRI DI BELFIORE;PIAZZA DEI MARTIRI DI BELFIORE;;;Scontro laterale fra veicoli in marcia;Intersezione semaforizzata;Due carreggiate;Asciutto;Asfaltata;Verticale ed orizzontale;Sereno;Normale;Buona;Ore Diurne;0;0;0;2;12.4669;41.915;0;2;Autovettura privata;In marcia / fermata / arresto;Conducente;F;Illeso;0;;;
4353107;23;30/04/2019 09:25:00;Strada Urbana;CORSO VITTORIO EMANUELE II;all'intersezione con;VIA SORA;VIA SORA;;;Scontro laterale fra veicoli in marcia;Intersezione non regolata/non segnalata;Due carreggiate;Asciutto;Asfaltata;Verticale ed orizzontale;Sereno;Normale;Buona;Ore Diurne;1;0;0;1;12.4701;41.8975;-1;1;Autovettura di polizia;In marcia / fermata / arresto;Conducente;M;Illeso;0;;Non accertato;Inesploso