Protocollo;Gruppo;DataOraIncidente;Localizzazione1;STRADA1;Localizzazione2;STRADA2;Strada02;Chilometrica;DaSpecificare;NaturaIncidente;particolaritastrade;TipoStrada;FondoStradale;Pavimentazione;Segnaletica;CondizioneAtmosferica;Traffico;Visibilita;Illuminazione;NUM_FERITI;NUM_RISERVATA;NUM_MORTI;NUM_ILLESI;Longitudine;Latitudine;Confermato;Progressivo;TipoVeicolo;StatoVeicolo;TipoPersona;Sesso;Tipolesione;Deceduto;DecedutoDopo;CinturaCascoUtilizzato;Airbag;
4353107;23;30/04/2019 09:25:00;Strada Urbana;CORSO VITTORIO EMANUELE II;all'intersezione con;VIA SORA;VIA SORA;;;Scontro laterale fra veicoli in marcia;Intersezione non regolata/non segnalata;Due carreggiate;Asciutto;Asfaltata;Verticale ed orizzontale;Sereno;Normale;Buona;Ore Diurne;1;0;0;1;12.4701;41.8975;-1;2;Motociclo a solo;In marcia / fermata / arresto;Conducente;M;Rimandato;0;NON DECEDUTO;Utilizzato;
4353123;16;30/04/2019 08:10:00;Strada Urbana;VIA DI DONNA OLIMPIA;in corrispondenza;;del civico n.;69/A;;Scontro frontale/laterale DX fra veicoli in marcia;Rettilineo;Una carreggiata a doppio senso;Asciutto;Asfaltata;Verticale ed orizzontale;Sereno;Normale;Buona;Ore Diurne;1;0;0;1;12.4541;41.8764;-1;1;Autovettura privata;In marcia / fermata / arresto;Conducente;M;Illeso;0;;;
4353123;16;30/04/2019 08:10:00;Strada Urbana;VIA DI DONNA OLIMPIA;in corrispondenza;;del civico n.;69/A;;Scontro frontale/laterale DX fra veicoli in marcia;Rettilineo;Una carreggiata a doppio senso;Asciutto;Asfaltata;Verticale ed orizzontale;Sereno;Normale;Buona;Ore Diurne;1;0;0;1;12.4541;41.8764;-1;2;Motociclo a solo;In marcia / fermata / arresto;Conducente;M;Rimandato;0;NON DECEDUTO;;
4353150;12;28/04/2019 20:30:00;Strada Urbana;VIA EDOARDO AMALDI;in corrispondenza;;del civico n.;292;;Veicolo in marcia contro veicoli in sosta;Rettilineo;Due carreggiate;Asciutto;Asfaltata;Verticale ed orizzontale;Sereno;Scarso;Buona;Sufficiente;0;0;0;1;12.486;41.7938;-1;1;Autovettura privata;In marcia / fermata / arresto;Conducente;M;Illeso;0;;Non accertato;Inesploso
4353150;12;28/04/2019 20:30:00;Strada Urbana;VIA EDOARDO AMALDI;in corrispondenza;;del civico n.;292;;Veicolo in marcia contro veicoli in sosta;Rettilineo;Due carreggiate;Asciutto;Asfaltata;Verticale ed orizzontale;Sereno;Scarso;Buona;Sufficiente;0;0;0;1;12.486;41.7938;-1;2;Autovettura privata;Sosta;;;;;;;
4353150;12;28/04/2019 20:30:00;Strada Urbana;VIA EDOARDO AMALDI;in corrispondenza;;del civico n.;292;;Veicolo in marcia contro veicoli in sosta;Rettilineo;Due carreggiate;Asciutto;Asfaltata;Verticale ed orizzontale;Sereno;Scarso;Buona;Sufficiente;0;0;0;1;12.486;41.7938;-1;3;Autovettura privata;Sosta;;;;;;;
4353205;12;29/04/2019 14:20:00;Strada Urbana;VIALE DELL'UMANESIMO;in corrispondenza;;del civico n.;53;;Scontro frontale/laterale DX fra veicoli in marcia;Rettilineo;Una carreggiata a doppio senso;Bagnato (pioggia);Asfaltata;Verticale ed orizzontale;Pioggia in atto;Normale;Buona;Ore Diurne;0;0;0;2;12.4734;41.8221;-1;1;Autocarro inferiore 35 q.;In marcia / fermata / arresto;Conducente;M;Illeso;0;;Non accertato;
4353205;12;29/04/2019 14:20:00;Strada Urbana;VIALE DELL'UMANESIMO;in corrispondenza;;del civico n.;53;;Scontro frontale/laterale DX fra veicoli in marcia;Rettilineo;Una carreggiata a doppio senso;Bagnato (pioggia);Asfaltata;Verticale ed orizzontale;Pioggia in atto;Normale;Buona;Ore Diurne;0;0;0;2;12.4734;41.8221;-1;2;Autovettura privata;In marcia / fermata / arresto;Conducente;M;Illeso;0;;Non accertato;Inesploso
4353216;16;30/04/2019 15:30:00;Strada Urbana;VIA FRANCESCO CATEL;all'intersezione con;VIA FEDERICO OZANAM;VIA FEDERICO OZANAM;;;Scontro laterale fra veicoli in marcia;Incrocio;Una carreggiata a doppio senso;Asciutto;Asfaltata;Verticale ed orizzontale;Sereno;Normale;Buona;Ore Diurne;0;0;0;2;12.4488;41.8766;-1;1;Autovettura privata;In marcia / fermata / arresto;Conducente;F;Illeso;0;;Non accertato;Inesploso
4353216;16;30/04/2019 15:30:00;Strada Urbana;VIA FRANCESCO CATEL;all'intersezione con;VIA FEDERICO OZANAM;VIA FEDERICO OZANAM;;;Scontro laterale fra veicoli in marcia;Incrocio;Una carreggiata a doppio senso;Asciutto;Asfaltata;Verticale ed orizzontale;Sereno;Normale;Buona;Ore Diurne;0;0;0;2;12.4488;41.8766;-1;2;Autovettura privata;In marcia / fermata / arresto;Conducente;M;Illeso;0;;Non accertato;Inesploso
4353269;17;19/04/2019 08:10:00;Strada Urbana;VIA PAOLO SARPI;in corrispondenza;;del civico n.;FRONTE 2;;Investimento di pedone;Rettilineo;Una carreggiata a senso unico di marcia;Asciutto;Asfaltata;Verticale ed orizzontale;Sereno;Normale;Buona;Ore Diurne;1;0;0;1;12.4522;41.9124;-1;;;;Pedone;F;Rimandato;0;NON DECEDUTO;;
4353269;17;19/04/2019 08:10:00;Strada Urbana;VIA PAOLO SARPI;in corrispondenza;;del civico n.;FRONTE 2;;Investimento di pedone;Rettilineo;Una carreggiata a senso unico di marcia;Asciutto;Asfaltata;Verticale ed orizzontale;Sereno;Normale;Buona;Ore Diurne;1;0;0;1;12.4522;41.9124;-1;1;Autocarro inferiore 35 q.;In marcia / fermata / arresto;Conducente;M;Illeso;0;;;
4353290;12;30/04/2019 18:45:00;Strada Urbana;VIALE CRISTOFORO COLOMBO;all'intersezione semaforizzata con;VIALE EUROPA;VIALE EUROPA;;;Scontro frontale/laterale SX fra veicoli in marcia;Incrocio;Due carreggiate;Asciutto;Asfaltata;Verticale ed orizzontale;Sereno;Normale;Buona;Ore Diurne;0;0;0;3;12.4536;41.8089;-1;1;Motociclo a solo;In marcia / fermata / arresto;Conducente;M;Illeso;0;;;
4353290;12;30/04/2019 18:45:00;Strada Urbana;VIALE CRISTOFORO COLOMBO;all'intersezione semaforizzata con;VIALE EUROPA;VIALE EUROPA;;;Scontro frontale/laterale SX fra veicoli in marcia;Incrocio;Due carreggiate;Asciutto;Asfaltata;Verticale ed orizzontale;Sereno;Normale;Buona;Ore Diurne;0;0;0;3;12.4536;41.8089;-1;2;Autovettura privata;In marcia / fermata / arresto;Conducente;M;Illeso;0;;Utilizzato;Inesploso
4353290;12;30/04/2019 18:45:00;Strada Urbana;VIALE CRISTOFORO COLOMBO;all'intersezione semaforizzata con;VIALE EUROPA;VIALE EUROPA;;;Scontro frontale/laterale SX fra veicoli in marcia;Incrocio;Due carreggiate;Asciutto;Asfaltata;Verticale ed orizzontale;Sereno;Normale;Buona;Ore Diurne;0;0;0;3;12.4536;41.8089;-1;2;Autovettura privata;In marcia / fermata / arresto;Passeggero;M;Illeso;0;;Utilizzato;Inesploso
4353374;1;30/04/2019 16:16:00;Strada Urbana;PIAZZA VITTORIO EMANUELE II;in corrispondenza;;del civico n.;44;;Veicolo in marcia contro veicolo in sosta;Rettilineo;Una carreggiata a senso unico di marcia;Asciutto;Asfaltata;Assente;Sereno;Intenso;Buona;Ore Diurne;0;0;0;1;12.5053;41.895;-1;1;Motociclo a solo;Sosta;;;;;;;
4353374;1;30/04/2019 16:16:00;Strada Urbana;PIAZZA VITTORIO EMANUELE II;in corrispondenza;;del civico n.;44;;Veicolo in marcia contro veicolo in sosta;Rettilineo;Una carreggiata a senso unico di marcia;Asciutto;Asfaltata;Assente;Sereno;Intenso;Buona;Ore Diurne;0;0;0;1;12.5053;41.895;-1;2;Autovettura privata;In marcia / fermata / arresto;Conducente;F;Illeso;0;;;
4353503;16;30/04/2019 17:50:00;Strada Urbana;VIA DELLA PISANA;in corrispondenza;;del civico n.;516;;Infortunio per sola frenata improvvisa;Rettilineo;Una carreggiata a doppio senso;Asciutto;Asfaltata;Verticale ed orizzontale;Sereno;Normale;Buona;Ore Diurne;1;0;0;0;12.3973;41.8576;-1;1;Motociclo a solo;In marcia / fermata / arresto;Conducente;M;Rimandato;0;NON DECEDUTO;Non accertato;
4353565;16;30/04/2019 18:10:00;Strada Urbana;VIA FRANCESCO SAVERIO SPROVIERI;in corrispondenza;;del civico n.;51;;Scontro laterale fra veicoli in marcia;Rettilineo;Una carreggiata a senso unico di marcia;Asciutto;Asfaltata;Verticale ed orizzontale;Sereno;Normale;Sufficiente;Ore Diurne;0;0;0;3;12.459;41.8826;-1;1;Autovettura di polizia;In marcia / fermata / arresto;Conducente;M;Illeso;0;;Non accertato;Inesploso
4353565;16;30/04/2019 18:10:00;Strada Urbana;VIA FRANCESCO SAVERIO SPROVIERI;in corrispondenza;;del civico n.;51;;Scontro laterale fra veicoli in marcia;Rettilineo;Una carreggiata a senso unico di marcia;Asciutto;Asfaltata;Verticale ed orizzontale;Sereno;Normale;Sufficiente;Ore Diurne;0;0;0;3;12.459;41.8826;-1;1;Autovettura di polizia;In marcia / fermata / arresto;Passeggero;M;Illeso;0;;Non accertato;Inesploso
4353565;16;30/04/2019 18:10:00;Strada Urbana;VIA FRANCESCO SAVERIO SPROVIERI;in corrispondenza;;del civico n.;51;;Scontro laterale fra veicoli in marcia;Rettilineo;Una carreggiata a senso unico di marcia;Asciutto;Asfaltata;Verticale ed orizzontale;Sereno;Normale;Sufficiente;Ore Diurne;0;0;0;3;12.459;41.8826;-1;2;Autovettura privata;In marcia / fermata / arresto;Conducente;F;Illeso;0;;Non accertato;Inesploso
4353579;16;30/04/2019 22:20:00;Strada Urbana;VIA LAURENTINA;da specificare;;;;direzione centro altezza GRA;Scontro laterale fra veicoli in marcia;Rettilineo;Una carreggiata a senso unico di marcia;Asciutto;Asfaltata;Orizzontale;Sereno;Normale;Sufficiente;Inesistente;0;0;0;5;12.5084;41.7278;-1;1;Autocarro inferiore 35 q.;In marcia / fermata / arresto;Conducente;M;Illeso;0;;Non accertato;Inesploso
4353579;16;30/04/2019 22:20:00;Strada Urbana;VIA LAURENTINA;da specificare;;;;direzione centro altezza GRA;Scontro laterale fra veicoli in marcia;Rettilineo;Una carreggiata a senso unico di marcia;Asciutto;Asfaltata;Orizzontale;Sereno;Normale;Sufficiente;Inesistente;0;0;0;5;12.5084;41.7278;-1;2;Autovettura privata;In marcia / fermata / arresto;Conducente;M;Illeso;0;;Non accertato;Inesploso
4353579;16;30/04/2019 22:20:00;Strada Urbana;VIA LAURENTINA;da specificare;;;;direzione centro altezza GRA;Scontro laterale fra veicoli in marcia;Rettilineo;Una carreggiata a senso unico di marcia;Asciutto;Asfaltata;Orizzontale;Sereno;Normale;Sufficiente;Inesistente;0;0;0;5;12.5084;41.7278;-1;2;Autovettura privata;In marcia / fermata / arresto;Passeggero;F;Illeso;0;;Non accertato;Inesploso
4353579;16;30/04/2019 22:20:00;Strada Urbana;VIA LAURENTINA;da specificare;;;;direzione centro altezza GRA;Scontro laterale fra veicoli in marcia;Rettilineo;Una carreggiata a senso unico di marcia;Asciutto;Asfaltata;Orizzontale;Sereno;Normale;Sufficiente;Inesistente;0;0;0;5;12.5084;41.7278;-1;2;Autovettura privata;In marcia / fermata / arresto;Passeggero;M;Illeso;0;;Non accertato;Inesploso
4353579;16;30/04/2019 22:20:00;Strada Urbana;VIA LAURENTINA;da specificare;;;;direzione centro altezza GRA;Scontro laterale fra veicoli in marcia;Rettilineo;Una carreggiata a senso unico di marcia;Asciutto;Asfaltata;Orizzontale;Sereno;Normale;Sufficiente;Inesistente;0;0;0;5;12.5084;41.7278;-1;2;Autovettura privata;In marcia / fermata / arresto;Passeggero;F;Illeso;0;;Non accertato;Inesploso
4353606;17;30/04/2019 13:15:00;Strada Urbana;VIA PASUBIO;all'intersezione con;VIALE GIUSEPPE MAZZINI;VIALE GIUSEPPE MAZZINI;;;Investimento di pedone;Incrocio;Una carreggiata a senso unico di marcia;Asciutto;Asfaltata;Verticale ed orizzontale;Sereno;Normale;Buona;Ore Diurne;1;0;0;1;12.4666;41.9184;-1;;;;Pedone;M;Rimandato;0;NON DECEDUTO;;
4353606;17;30/04/2019 13:15:00;Strada Urbana;VIA PASUBIO;all'intersezione con;VIALE GIUSEPPE MAZZINI;VIALE GIUSEPPE MAZZINI;;;Investimento di pedone;Incrocio;Una carreggiata a senso unico di marcia;Asciutto;Asfaltata;Verticale ed orizzontale;Sereno;Normale;Buona;Ore Diurne;1;0;0;1;12.4666;41.9184;-1;1;Autovettura privata;In marcia / fermata / arresto;Conducente;F;Illeso;0;;;
4353667;17;30/04/2019 14:30:00;Strada Urbana;VIA BARLETTA;all'intersezione semaforizzata con;VIALE DELLE MILIZIE;VIALE DELLE MILIZIE;;;Scontro laterale fra veicoli in marcia;Intersezione semaforizzata;Più di due carreggiate;Asciutto;Asfaltata;Verticale ed orizzontale;Sereno;Normale;Buona;Ore Diurne;0;0;0;1;12.4582;41.9111;0;1;Autovettura privata;In marcia / fermata / arresto;Conducente;M;Illeso;0;;;
4353667;17;30/04/2019 14:30:00;Strada Urbana;VIA BARLETTA;all'intersezione semaforizzata con;VIALE DELLE MILIZIE;VIALE DELLE MILIZIE;;;Scontro laterale fra veicoli in marcia;Intersezione semaforizzata;Più di due carreggiate;Asciutto;Asfaltata;Verticale ed orizzontale;Sereno;Normale;Buona;Ore Diurne;0;0;0;1;12.4582;41.9111;0;2;Vettura tranviaria;Allontanatosi;;;;;;;
4353668;17;30/04/2019 20:15:00;Strada Urbana;VIA DARDANELLI;in corrispondenza;;del civico n.;56;;Veicolo in marcia contro ostacolo accidentale;Rettilineo;Due carreggiate;Asciutto;Asfaltata;Verticale ed orizzontale;Sereno;Normale;Sufficiente;Sufficiente;0;0;0;3;12.4569;41.9179;-1;1;Autovettura privata;In marcia / fermata / arresto;Conducente;F;Illeso;0;;;
4353668;17;30/04/2019 20:15:00;Strada Urbana;VIA DARDANELLI;in corrispondenza;;del civico n.;56;;Veicolo in marcia contro ostacolo accidentale;Rettilineo;Due carreggiate;Asciutto;Asfaltata;Verticale ed orizzontale;Sereno;Normale;Sufficiente;Sufficiente;0;0;0;3;12.4569;41.9179;-1;1;Autovettura privata;In marcia / fermata / arresto;Passeggero;F;Illeso;0;;;
4353668;17;30/04/2019 20:15:00;Strada Urbana;VIA DARDANELLI;in corrispondenza;;del civico n.;56;;Veicolo in marcia contro ostacolo accidentale;Rettilineo;Due carreggiate;Asciutto;Asfaltata;Verticale ed orizzontale;Sereno;Normale;Sufficiente;Sufficiente;0;0;0;3;12.4569;41.9179;-1;2;Motociclo a solo;In marcia / fermata / arresto;Conducente;M;Illeso;0;;Non accertato;
4353668;17;30/04/2019 20:15:00;Strada Urbana;VIA DARDANELLI;in corrispondenza;;del civico n.;56;;Veicolo in marcia contro ostacolo accidentale;Rettilineo;Due carreggiate;Asciutto;Asfaltata;Verticale ed orizzontale;Sereno;Normale;Sufficiente;Sufficiente;0;0;0;3;12.4569;41.9179;-1;3;Autovettura privata;Sosta;;;;;;;
4353681;12;29/04/2019 21:15:00;Strada Urbana;VIA DI CASAL PALOCCO;in corrispondenza;;del civico n.;105;;Veicolo in marcia contro veicoli in sosta;Rettilineo;Una carreggiata a senso unico di marcia;Asciutto;Asfaltata;Verticale ed orizzontale;Sereno;Scarso;Sufficiente;Sufficiente;0;0;0;1;12.3536;41.7483;-1;1;Autovettura privata;In marcia / fermata / arresto;Conducente;M;Illeso;0;;Utilizzato;Inesploso
4353681;12;29/04/2019 21:15:00;Strada Urbana;VIA DI CASAL PALOCCO;in corrispondenza;;del civico n.;105;;Veicolo in marcia contro veicoli in sosta;Rettilineo;Una carreggiata a senso unico di marcia;Asciutto;Asfaltata;Verticale ed orizzontale;Sereno;Scarso;Sufficiente;Sufficiente;0;0;0;1;12.3536;41.7483;-1;2;Autovettura privata;Sosta;;;;;;;
4353681;12;29/04/2019 21:15:00;Strada Urbana;VIA DI CASAL PALOCCO;in corrispondenza;;del civico n.;105;;Veicolo in marcia contro veicoli in sosta;Rettilineo;Una carreggiata a senso unico di marcia;Asciutto;Asfaltata;Verticale ed orizzontale;Sereno;Scarso;Sufficiente;Sufficiente;0;0;0;1;12.3536;41.7483;-1;3;Autovettura privata;Sosta;;;;;;;
4354170;5;20/04/2019 10:25:00;Strada Urbana;VIA DEL CASALE DI S. BASILIO;da specificare;;;;in prossimità del fronte civico 152;Investimento di pedone;Rettilineo;Una carreggiata a doppio senso;Asciutto;Asfaltata;Verticale ed orizzontale;Sereno;Normale;Buona;Ore Diurne;1;0;0;1;12.5756;41.9403;-1;;;;Pedone;F;Rimandato;0;NON DECEDUTO;;
4354170;5;20/04/2019 10:25:00;Strada Urbana;VIA DEL CASALE DI S. BASILIO;da specificare;;;;in prossimità del fronte civico 152;Investimento di pedone;Rettilineo;Una carreggiata a doppio senso;Asciutto;Asfaltata;Verticale ed orizzontale;Sereno;Normale;Buona;Ore Diurne;1;0;0;1;12.5756;41.9403;-1;1;Autovettura privata;In marcia / fermata / arresto;Conducente;M;Illeso;0;;Non accertato;Inesploso
4354175;13;29/04/2019 15:30:00;Strada Urbana;VIA CARLO DEL GRECO;in prossimità;;del civico n.;18;;Veicolo in marcia contro veicolo in sosta;Rettilineo;Due carreggiate;Asciutto;Asfaltata;Assente;Sereno;Scarso;Buona;Ore Diurne;0;0;0;1;12.2904;41.7331;-1;1;Autovettura privata;Sosta;;;;;;;
4354175;13;29/04/2019 15:30:00;Strada Urbana;VIA CARLO DEL GRECO;in prossimità;;del civico n.;18;;Veicolo in marcia contro veicolo in sosta;Rettilineo;Due carreggiate;Asciutto;Asfaltata;Assente;Sereno;Scarso;Buona;Ore Diurne;0;0;0;1;12.2904;41.7331;-1;2;Autovettura privata;In marcia / fermata / arresto;Conducente;M;Illeso;0;;Non accertato;
4354175;13;29/04/2019 15:30:00;Strada Urbana;VIA CARLO DEL GRECO;in prossimità;;del civico n.;18;;Veicolo in marcia contro veicolo in sosta;Rettilineo;Due carreggiate;Asciutto;Asfaltata;Assente;Sereno;Scarso;Buona;Ore Diurne;0;0;0;1;12.2904;41.7331;-1;3;Autovettura privata;Sosta;;;;;;;
4354182;5;30/04/2019 18:45:00;Statale;VIA TIBURTINA;in corrispondenza;;del civico n.;1150;;Scontro frontale/laterale DX fra veicoli in marcia;Rettilineo;Una carreggiata a doppio senso;Asciutto;Asfaltata;Orizzontale;Nuvoloso;Scarso;Buona;Ore Diurne;0;0;0;3;12.5953;41.9323;-1;1;Autovettura privata;In marcia / fermata / arresto;Conducente;M;Illeso;0;;Non accertato;Inesploso
4354182;5;30/04/2019 18:45:00;Statale;VIA TIBURTINA;in corrispondenza;;del civico n.;1150;;Scontro frontale/laterale DX fra veicoli in marcia;Rettilineo;Una carreggiata a doppio senso;Asciutto;Asfaltata;Orizzontale;Nuvoloso;Scarso;Buona;Ore Diurne;0;0;0;3;12.5953;41.9323;-1;1;Autovettura privata;In marcia / fermata / arresto;Passeggero;F;Illeso;0;;Non accertato;Inesploso
4354182;5;30/04/2019 18:45:00;Statale;VIA TIBURTINA;in corrispondenza;;del civico n.;1150;;Scontro frontale/laterale DX fra veicoli in marcia;Rettilineo;Una carreggiata a doppio senso;Asciutto;Asfaltata;Orizzontale;Nuvoloso;Scarso;Buona;Ore Diurne;0;0;0;3;12.5953;41.9323;-1;2;Autovettura privata;In marcia / fermata / arresto;Conducente;F;Illeso;0;;Non accertato;Inesploso
4354872;12;30/04/2019 12:15:00;Strada Urbana;VIALE DEI CADUTI NELLA GUERRA DI LIBERAZIONE;in corrispondenza;;del civico n.;268;;Scontro laterale fra veicoli in marcia;Rettilineo;Una carreggiata a senso unico di marcia;Asciutto;Asfaltata;Verticale ed orizzontale;Sereno;Normale;Buona;Ore Diurne;0;0;0;1;12.4471;41.7893;-1;1;Autovettura privata;In marcia / fermata / arresto;Conducente;M;Illeso;0;;Utilizzato;Inesploso
4354872;12;30/04/2019 12:15:00;Strada Urbana;VIALE DEI CADUTI NELLA GUERRA DI LIBERAZIONE;in corrispondenza;;del civico n.;268;;Scontro laterale fra veicoli in marcia;Rettilineo;Una carreggiata a senso unico di marcia;Asciutto;Asfaltata;Verticale ed orizzontale;Sereno;Normale;Buona;Ore Diurne;0;0;0;1;12.4471;41.7893;-1;2;Autovettura privata;Allontanatosi;;;;;;;
4356050;6;26/04/2019 11:00:00;Strada Urbana;VIA SAMPIERO DI BASTELICA;in corrispondenza;;del civico n.;90;;Veicolo in marcia contro veicolo fermo;Rettilineo;Una carreggiata a senso unico di marcia;Asciutto;Asfaltata;Orizzontale;Sereno;Normale;Buona;Ore Diurne;0;0;0;4;12.5401;41.8909;-1;1;Autovettura privata;In marcia / fermata / arresto;Conducente;M;Illeso;0;;;
4356050;6;26/04/2019 11:00:00;Strada Urbana;VIA SAMPIERO DI BASTELICA;in corrispondenza;;del civico n.;90;;Veicolo in marcia contro veicolo fermo;Rettilineo;Una carreggiata a senso unico di marcia;Asciutto;Asfaltata;Orizzontale;Sereno;Normale;Buona;Ore Diurne;0;0;0;4;12.5401;41.8909;-1;2;Autovettura privata;In marcia / fermata / arresto;Conducente;M;Illeso;0;;;
4356050;6;26/04/2019 11:00:00;Strada Urbana;VIA SAMPIERO DI BASTELICA;in corrispondenza;;del civico n.;90;;Veicolo in marcia contro veicolo fermo;Rettilineo;Una carreggiata a senso unico di marcia;Asciutto;Asfaltata;Orizzontale;Sereno;Normale;Buona;Ore Diurne;0;0;0;4;12.5401;41.8909;-1;2;Autovettura privata;In marcia / fermata / arresto;Passeggero;F;Illeso;0;;;
4356050;6;26/04/2019 11:00:00;Strada Urbana;VIA SAMPIERO DI BASTELICA;in corrispondenza;;del civico n.;90;;Veicolo in marcia contro veicolo fermo;Rettilineo;Una carreggiata a senso unico di marcia;Asciutto;Asfaltata;Orizzontale;Sereno;Normale;Buona;Ore Diurne;0;0;0;4;12.5401;41.8909;-1;2;Autovettura privata;In marcia / fermata / arresto;Passeggero;F;Illeso;0;;;
4360836;1;08/04/2019 20:14:00;Strada Urbana;VIA BENIAMINO FRANKLIN;in corrispondenza;;del civico n.;4/8;;Veicolo in marcia contro ostacolo fisso;Rettilineo;Una carreggiata a senso unico di marcia;Asciutto;Asfaltata;Assente;Sereno;Normale;Sufficiente;Sufficiente;0;0;0;1;12.4738;41.8768;-1;1;Autobus di linea;In marcia / fermata / arresto;Conducente;M;Illeso;0;;;
4365016;1;30/04/2019 16:00:00;Strada Urbana;CORSO VITTORIO EMANUELE II;in prossimità;;del civico n.;157;;Infortunio per sola frenata improvvisa;Rettilineo;Una carreggiata a doppio senso;Asciutto;Asfaltata;Verticale ed orizzontale;Sereno;Intenso;Buona;Ore Diurne;1;0;0;1;12.4724;41.8971;-1;1;Autobus di linea;In marcia / fermata / arresto;Conducente;M;Illeso;0;;Non accertato;
4365016;1;30/04/2019 16:00:00;Strada Urbana;CORSO VITTORIO EMANUELE II;in prossimità;;del civico n.;157;;Infortunio per sola frenata improvvisa;Rettilineo;Una carreggiata a doppio senso;Asciutto;Asfaltata;Verticale ed orizzontale;Sereno;Intenso;Buona;Ore Diurne;1;0;0;1;12.4724;41.8971;-1;1;Autobus di linea;In marcia / fermata / arresto;Passeggero;F;Rifiuta cure immediate;0;NON DECEDUTO;Non accertato;
4365016;1;30/04/2019 16:00:00;Strada Urbana;CORSO VITTORIO EMANUELE II;in prossimità;;del civico n.;157;;Infortunio per sola frenata improvvisa;Rettilineo;Una carreggiata a doppio senso;Asciutto;Asfaltata;Verticale ed orizzontale;Sereno;Intenso;Buona;Ore Diurne;1;0;0;1;12.4724;41.8971;-1;2;Autovettura privata;In marcia / fermata / arresto;;;;;;;
4365154;20;25/04/2019 13:15:00;Provinciale;VIA TIBERINA;in prossimità;;del civico n.;293;;Fuoriuscita dalla sede stradale;Rettilineo;Una carreggiata a doppio senso;Asciutto;Asfaltata;Orizzontale;Sereno;Scarso;Buona;Ore Diurne;0;0;0;1;12.5035;42.0146;-1;1;Autovettura privata;In marcia / fermata / arresto;Conducente;M;Illeso;0;;Non accertato;
4383719;5;11/04/2019 11:00:00;Strada Urbana;VIA IGINO GIORDANI;in prossimità;;del civico n.;60;;Investimento di pedone;Rettilineo;Una carreggiata a doppio senso;Asciutto;Asfaltata;Orizzontale;Sereno;Normale;Buona;Ore Diurne;1;0;0;2;12.5615;41.9063;-1;;;;Pedone;M;Rimandato;0;NON DECEDUTO;;
4383719;5;11/04/2019 11:00:00;Strada Urbana;VIA IGINO GIORDANI;in prossimità;;del civico n.;60;;Investimento di pedone;Rettilineo;Una carreggiata a doppio senso;Asciutto;Asfaltata;Orizzontale;Sereno;Normale;Buona;Ore Diurne;1;0;0;2;12.5615;41.9063;-1;1;Autovettura privata;In marcia / fermata / arresto;Conducente;M;Illeso;0;;Non accertato;Inesploso
4383719;5;11/04/2019 11:00:00;Strada Urbana;VIA IGINO GIORDANI;in prossimità;;del civico n.;60;;Investimento di pedone;Rettilineo;Una carreggiata a doppio senso;Asciutto;Asfaltata;Orizzontale;Sereno;Normale;Buona;Ore Diurne;1;0;0;2;12.5615;41.9063;-1;1;Autovettura privata;In marcia / fermata / arresto;Passeggero;M;Illeso;0;;Non accertato;Inesploso
4389166;1;26/04/2019 17:30:00;Strada Urbana;VIA DEI SERPENTI;all'intersezione con;PIAZZA DELLA MADONNA DEI MONTI;PIAZZA DELLA MADONNA DEI MONTI;;;Investimento di pedone;Incrocio;Una carreggiata a senso unico di marcia;Asciutto;Asfaltata;Assente;Sereno;Intenso;Buona;Ore Diurne;1;0;0;1;12.4902;41.8963;-1;;;;Pedone;F;Rimandato;0;NON DECEDUTO;;
4389166;1;26/04/2019 17:30:00;Strada Urbana;VIA DEI SERPENTI;all'intersezione con;PIAZZA DELLA MADONNA DEI MONTI;PIAZZA DELLA MADONNA DEI MONTI;;;Investimento di pedone;Incrocio;Una carreggiata a senso unico di marcia;Asciutto;Asfaltata;Assente;Sereno;Intenso;Buona;Ore Diurne;1;0;0;1;12.4902;41.8963;-1;1;Autovettura pubblica;In marcia / fermata / arresto;Conducente;M;Illeso;0;;;
4397530;6;02/04/2019 23:10:00;Strada Urbana;VIA TEANO;all'intersezione semaforizzata con;VIALE PARTENOPE;VIALE PARTENOPE;;;Veicolo in marcia contro ostacolo accidentale;Incrocio;Due carreggiate;Asciutto;Asfaltata;Verticale ed orizzontale;Sereno;Scarso;Sufficiente;Sufficiente;0;0;0;1;12.5514;41.8896;-1;1;Autovettura privata;In marcia / fermata / arresto;Conducente;F;Illeso;0;;;
4425864;2;29/04/2019 18:30:00;Strada Urbana;VIA MONTEBUONO;in prossimità;;del civico n.;8;;Veicolo in marcia contro veicolo fermo;Rettilineo;Una carreggiata a doppio senso;Asciutto;Asfaltata;Verticale ed orizzontale;Sereno;Intenso;Buona;Ore Diurne;0;0;0;1;12.513;41.9336;-1;1;Autovettura privata;In marcia / fermata / arresto;Conducente;M;Illeso;0;;;
4425864;2;29/04/2019 18:30:00;Strada Urbana;VIA MONTEBUONO;in prossimità;;del civico n.;8;;Veicolo in marcia contro veicolo fermo;Rettilineo;Una carreggiata a doppio senso;Asciutto;Asfaltata;Verticale ed orizzontale;Sereno;Intenso;Buona;Ore Diurne;0;0;0;1;12.513;41.9336;-1;2;Motociclo a solo;In marcia / fermata / arresto;;;;;;;